1
                 Chemistry at HARvard Macromolecular Mechanics
           (CHARMM) - Developmental Version 47a2   February 15, 2021            
                                Revision unknown                                
       Copyright(c) 1984-2020  President and Fellows of Harvard College
                              All Rights Reserved
             Current operating system: Linux-6.1.0-41-amd64(x86_64)             
                 Created on  1/24/26 at  7:59:15 by user: charmm-gui  

            Maximum number of ATOMS:    360720, and RESidues:      120240
 RDTITL> * GENERATE LIGAND
 RDTITL> *
  
 CHARMM>     
  
 CHARMM>    DIMENS CHSIZE 2000000
Size      Original         New
MAXA        360720     2000000
MAXB        360720     2000000
MAXT        721440     4000000
MAXP       1082160     6000000
MAXIMP      180360     1000000
MAXNB        90180      500000
MAXPAD      360720     2000000
MAXRES      120240      666666
MAXSEG       45090      250000
MAXATC        1400
MAXCB         3000
MAXCT        50000
MAXCP        50000
MAXCI         1200
MAXCH         6400
MAXCN       502503
MAXCRT      120240      666666
  
 CHARMM>    !DIMENS CHSIZE 1000000
 CHARMM>     
  
 CHARMM>    ! read topology and parameter files
 CHARMM>    stream toppar.str
 VOPEN> Attempting to open::toppar.str::
 OPNLGU> Unit 99 opened for READONLY access to toppar.str

                    INPUT STREAM SWITCHING TO UNIT    99
 RDTITL> * GENERATED BY CHARMM-GUI (HTTP://WWW.CHARMM-GUI.ORG) V3.7 ON JAN, 24. 2026. JOBID=6925952630
 RDTITL> * STREAM FILE FOR TOPOLOGY AND PARAMETER READING
 RDTITL> *
 Parameter: IN1 <- "" <empty>
  
 CHARMM>     
  
 CHARMM>    ! protein topology and parameter
 CHARMM>    open read card unit 10 name toppar/top_all36_prot.rtf
 VOPEN> Attempting to open::toppar/top_all36_prot.rtf::
 OPNLGU> Unit 10 opened for READONLY access to toppar/top_all36_prot.rtf
  
 CHARMM>    read  rtf card unit 10
 MAINIO> Residue topology file being read from unit  10.
 TITLE> *>>>>>>>>CHARMM36 ALL-HYDROGEN TOPOLOGY FILE FOR PROTEINS <<<<<<
 TITLE> *>>>>> INCLUDES PHI, PSI CROSS TERM MAP (CMAP) CORRECTION <<<<<<<
 TITLE> *>>>>>>>>>>>>>>>>>>>>>>>>>> MAY 2011 <<<<<<<<<<<<<<<<<<<<<<<<<<<<
 TITLE> * ALL COMMENTS TO THE CHARMM WEB SITE: WWW.CHARMM.ORG
 TITLE> *             PARAMETER SET DISCUSSION FORUM
 TITLE> *
  
 CHARMM>     
  
 CHARMM>    open read card unit 20 name toppar/par_all36m_prot.prm
 VOPEN> Attempting to open::toppar/par_all36m_prot.prm::
 OPNLGU> Unit 20 opened for READONLY access to toppar/par_all36m_prot.prm
  
 CHARMM>    read para card unit 20 flex

          PARAMETER FILE BEING READ FROM UNIT 20
 TITLE> *>>>> CHARMM36 ALL-HYDROGEN PARAMETER FILE FOR PROTEINS <<<<<<<<<<
 TITLE> *>>>>> INCLUDES PHI, PSI CROSS TERM MAP (CMAP) CORRECTION <<<<<<<<
 TITLE> *>>>>>>>>>>>>>>>>>>>>>>>>>> JAN. 2016 <<<<<<<<<<<<<<<<<<<<<<<<<<<<
 TITLE> * ALL COMMENTS TO THE CHARMM WEB SITE: WWW.CHARMM.ORG
 TITLE> *             PARAMETER SET DISCUSSION FORUM
 TITLE> *
 PARMIO> NONBOND, HBOND lists and IMAGE atoms cleared.
  
 CHARMM>     
  
 CHARMM>    ! nucleic acids
 CHARMM>    open read card unit 10 name toppar/top_all36_na.rtf
 OPNLGU> Unit already open. The old file will be closed first.
 VCLOSE: Closing unit   10 with status "KEEP"
 VOPEN> Attempting to open::toppar/top_all36_na.rtf::
 OPNLGU> Unit 10 opened for READONLY access to toppar/top_all36_na.rtf
  
 CHARMM>    read  rtf card unit 10 append
 MAINIO> Residue topology file being read from unit  10.
 TITLE> *  \\\\ CHARMM36 ALL-HYDROGEN NUCLEIC ACID TOPOLOGY FILE ////
 TITLE> *   ALEXANDER D. MACKERELL JR. AND COWORKERS
 TITLE> *                      APRIL 2011
 TITLE> * ALL COMMENTS TO THE CHARMM WEB SITE: WWW.CHARMM.ORG
 TITLE> *           PARAMETER SET DISCUSSION FORUM
 TITLE> *
  
 CHARMM>     
  
 CHARMM>    open read card unit 20 name toppar/par_all36_na.prm
 OPNLGU> Unit already open. The old file will be closed first.
 VCLOSE: Closing unit   20 with status "KEEP"
 VOPEN> Attempting to open::toppar/par_all36_na.prm::
 OPNLGU> Unit 20 opened for READONLY access to toppar/par_all36_na.prm
  
 CHARMM>    read para card unit 20 append flex

          PARAMETER FILE BEING READ FROM UNIT 20
 TITLE> * \\\\ CHARMM36 ALL-HYDROGEN NUCLEIC ACID PARAMETER FILE ////
 TITLE> *         ALEXANDER D. MACKERELL JR. AND COWORKERS
 TITLE> *                        APRIL 2011
 TITLE> * ALL COMMENTS TO THE CHARMM WEB SITE: WWW.CHARMM.ORG PARAMETER
 TITLE> *                     SET DISCUSSION FORUM
 TITLE> *
 PARMIO> NONBOND, HBOND lists and IMAGE atoms cleared.
  
 CHARMM>     
  
 CHARMM>    ! carbohydrates
 CHARMM>    open read card unit 10 name toppar/top_all36_carb.rtf
 OPNLGU> Unit already open. The old file will be closed first.
 VCLOSE: Closing unit   10 with status "KEEP"
 VOPEN> Attempting to open::toppar/top_all36_carb.rtf::
 OPNLGU> Unit 10 opened for READONLY access to toppar/top_all36_carb.rtf
  
 CHARMM>    read  rtf card unit 10 append
 MAINIO> Residue topology file being read from unit  10.
 TITLE> * $ID: TOP_ALLXX_SUGAR.INP,V 1.106 2014/08/19 19:07:43 ALEX EXP $
 TITLE> *>>>>>>>>>>>> ALL-HYDROGEN TOPOLOGIES USED IN THE <<<<<<<<<<<<<<<<
 TITLE> *>>>>> DEVELOPMENT OF THE CHARMM CARBOHYDRATE  FORCE FIELD<<<<<<<<
 TITLE> *>>>>>>>>>>>>>>>>>>>>>>>>> JUNE 2009 <<<<<<<<<<<<<<<<<<<<<<<<<<<<<
 TITLE> *>>>>>>>> DIRECT COMMENTS TO ALEXANDER D. MACKERELL JR. <<<<<<<<<<
 TITLE> *>>>>>>>>>> VIA THE CHARMM WEB SITE: WWW.CHARMM.ORG <<<<<<<<<<<<<<
 TITLE> *>>>>>>>>>>>>>>> PARAMETER SET DISCUSSION FORUM <<<<<<<<<<<<<<<<<<
 TITLE> *
  
 CHARMM>     
  
 CHARMM>    open read card unit 20 name toppar/par_all36_carb.prm
 OPNLGU> Unit already open. The old file will be closed first.
 VCLOSE: Closing unit   20 with status "KEEP"
 VOPEN> Attempting to open::toppar/par_all36_carb.prm::
 OPNLGU> Unit 20 opened for READONLY access to toppar/par_all36_carb.prm
  
 CHARMM>    read para card unit 20 append flex

          PARAMETER FILE BEING READ FROM UNIT 20
 TITLE> * $ID: PAR_ALLXX_SUGAR.INP,V 1.132 2014/08/19 19:03:21 ALEX EXP $
 TITLE> *>>>>>>>>>>>> ALL-HYDROGEN PARAMETERS USED IN THE <<<<<<<<<<<<<<<<
 TITLE> *>>>>> DEVELOPMENT OF THE CHARMM CARBOHYDRATE  FORCE FIELD<<<<<<<<
 TITLE> *>>>>>>>>>>>>>>>>>>>>>>>>> JUNE 2009 <<<<<<<<<<<<<<<<<<<<<<<<<<<<<
 TITLE> *>>>>>>>> DIRECT COMMENTS TO ALEXANDER D. MACKERELL JR. <<<<<<<<<<
 TITLE> *>>>>>>>>>> VIA THE CHARMM WEB SITE: WWW.CHARMM.ORG <<<<<<<<<<<<<<
 TITLE> *>>>>>>>>>>>>>>> PARAMETER SET DISCUSSION FORUM <<<<<<<<<<<<<<<<<<
 TITLE> *
 PARMIO> NONBOND, HBOND lists and IMAGE atoms cleared.
  
 CHARMM>     
  
 CHARMM>    ! lipids
 CHARMM>    open read card unit 10 name toppar/top_all36_lipid.rtf
 OPNLGU> Unit already open. The old file will be closed first.
 VCLOSE: Closing unit   10 with status "KEEP"
 VOPEN> Attempting to open::toppar/top_all36_lipid.rtf::
 OPNLGU> Unit 10 opened for READONLY access to toppar/top_all36_lipid.rtf
  
 CHARMM>    read  rtf card unit 10 append
 MAINIO> Residue topology file being read from unit  10.
 TITLE> *  \\\\\\\ CHARMM36 ALL-HYDROGEN LIPID TOPOLOGY FILE ///////
 TITLE> *  ALL COMMENTS AND QUESTIONS SHOULD BE SUBMITTED TO THE
 TITLE> *  PARAMETER FORUM AT THE CHARMM WEBSITE: WWW.CHARMM.ORG
 TITLE> *
  
 CHARMM>     
  
 CHARMM>    open read card unit 20 name toppar/par_all36_lipid.prm
 OPNLGU> Unit already open. The old file will be closed first.
 VCLOSE: Closing unit   20 with status "KEEP"
 VOPEN> Attempting to open::toppar/par_all36_lipid.prm::
 OPNLGU> Unit 20 opened for READONLY access to toppar/par_all36_lipid.prm
  
 CHARMM>    read para card unit 20 append flex

          PARAMETER FILE BEING READ FROM UNIT 20
 TITLE> *  \\\\\\\ CHARMM36 ALL-HYDROGEN LIPID PARAMETER FILE ///////
 TITLE> *  ALL COMMENTS AND QUESTIONS SHOULD BE SUBMITTED TO THE
 TITLE> *  PARAMETER FORUM AT THE CHARMM WEBSITE: WWW.CHARMM.ORG
 TITLE> *
 PARMIO> NONBOND, HBOND lists and IMAGE atoms cleared.
  
 CHARMM>     
  
 CHARMM>    ! CGENFF
 CHARMM>    open read card unit 10 name toppar/top_all36_cgenff.rtf
 OPNLGU> Unit already open. The old file will be closed first.
 VCLOSE: Closing unit   10 with status "KEEP"
 VOPEN> Attempting to open::toppar/top_all36_cgenff.rtf::
 OPNLGU> Unit 10 opened for READONLY access to toppar/top_all36_cgenff.rtf
  
 CHARMM>    read  rtf card unit 10 append
 MAINIO> Residue topology file being read from unit  10.
 TITLE> *  --------------------------------------------------------------------------  *
 TITLE> *          CGENFF: TOPOLOGY FOR THE CHARMM GENERAL FORCE FIELD V. 5.0          *
 TITLE> *                    FOR SMALL MOLECULE DRUG DESIGN                            *
 TITLE> *  --------------------------------------------------------------------------  *
 TITLE> *

 DRUDES PARTICLES WILL BE GENERATED AUTOMATICALLY FOR ALL ATOMS WITH NON-ZERO ALPHA
 Thole-type dipole screening, Slater-Delta shape {S(u) = 1 - (1+u/2)*exp(-u)}, default radius =  1.300000
  
 CHARMM>     
  
 CHARMM>    open read card unit 20 name toppar/par_all36_cgenff.prm
 OPNLGU> Unit already open. The old file will be closed first.
 VCLOSE: Closing unit   20 with status "KEEP"
 VOPEN> Attempting to open::toppar/par_all36_cgenff.prm::
 OPNLGU> Unit 20 opened for READONLY access to toppar/par_all36_cgenff.prm
  
 CHARMM>    read para card unit 20 append flex

          PARAMETER FILE BEING READ FROM UNIT 20
 TITLE> *  --------------------------------------------------------------------------  *
 TITLE> *         CGENFF: PARAMETERS FOR THE CHARMM GENERAL FORCE FIELD V. 5.0         *
 TITLE> *                    FOR SMALL MOLECULE DRUG DESIGN                            *
 TITLE> *  --------------------------------------------------------------------------  *
 TITLE> *  2017/8: IF PROTEIN, NUCLEIC ACID AND CARBOHYDRATE TOPOLOGY AND PARAMETER FILES
 TITLE> *  ARE NOT READ PRIOR TO THE CGENFF FILES "WARNING: ATOMS IN NBFIX ' errors will
 TITLE> *  BE ENCOUNTERED.  THESE CAN BE PASSED BY SETTING BOMLEV ( -2) PRIOR TO READING
 TITLE> *  THIS FILE. IN ADDITION, WHEN GENERATING AROMATIC HALOGENS (CL, BR, I) WITH
 TITLE> *  PRE C41B/C42A VERSIONS OF CHARMM "MISSING PARAMETER" ERRORS WILL BE
 TITLE> *  ENCOUNTERED THAT ALSO REQUIRE SETTING BOMLEV ( -2).
 TITLE> *
 PARRDR> WARNING: ATOM FOR NBOND SOD  DOESNT EXIST
 PARRDR> WARNING: ATOM FOR NBOND CLA  DOESNT EXIST
 PARMIO> NONBOND, HBOND lists and IMAGE atoms cleared.
  
 CHARMM>     
  
 CHARMM>    ! Phosphates and Sulfates
 CHARMM>    stream toppar/toppar_all36_moreions.str
 VOPEN> Attempting to open::toppar/toppar_all36_moreions.str::
 OPNLGU> Unit 98 opened for READONLY access to toppar/toppar_all36_moreions.str

                    INPUT STREAM SWITCHING TO UNIT    98
 RDTITL> * ADDITIONAL IONS GENERATED USING CGENFF
 RDTITL> *
 Parameter: IN1 <- "" <empty>
  
 CHARMM>     
  
 CHARMM>    set nat ?NATC
 RDCMND substituted energy or value "?NATC" to "350"
 Parameter: NAT <- "350"
  
 CHARMM>    set app
 Parameter: APP <- "" <empty>
  
 CHARMM>     
  
 CHARMM>    if "@NAT" ne "?NATC" if @nat ne 0 set app append
 Parameter: NAT -> "350"
 Parameter: NAT -> "350"
 RDCMND: can not substitute energy "?NATC""
 Comparing ""350"" and ""?NATC"".
 IF test evaluated as true.  Performing command
 Comparing "350" and "0".
 IF test evaluated as true.  Performing command
 Parameter: APP <- "APPEND"
  
 CHARMM>     
  
 CHARMM>    read rtf card @app
 Parameter: APP -> "APPEND"
 MAINIO> Residue topology file being read from unit  98.
 RDTITL> * TOPOLOGIES GENERATED BY
 RDTITL> * CHARMM GENERAL FORCE FIELD (CGENFF) PROGRAM VERSION 2.4.0
 RDTITL> *
  
 CHARMM>     
  
 CHARMM>    read para card flex @app
 Parameter: APP -> "APPEND"

          PARAMETER FILE BEING READ FROM UNIT 98
 RDTITL> * PARAMETERS GENERATED BY ANALOGY BY
 RDTITL> * CHARMM GENERAL FORCE FIELD (CGENFF) PROGRAM VERSION 2.4.0
 RDTITL> *
 PARRDR> Error: Repeated BOND parameter (  1720): OG31  SG3O is replaced
 PARRDR> Error: Repeated ANGLE parameter (  7902): OG2P  SG3O  OG31 is replaced
 PARRDR> Error: Repeated ANGLE parameter (  7582): SG3O  OG31  HGP1 is replaced
 PARRDR> Error: Repeated DIHE parameter ( 31803): HGP1  OG31  SG3O  OG2P is replaced
 PARRDR> Error: Repeated DIHE parameter ( 31804): HGP1  OG31  SG3O  OG2P is replaced
 PARRDR> Error: Repeated DIHE parameter ( 31805): HGP1  OG31  SG3O  OG2P is replaced
 PARRDR> Error: Repeated DIHE parameter ( 31806): HGP1  OG31  SG3O  OG2P is replaced
 PARMIO> NONBOND, HBOND lists and IMAGE atoms cleared.
  
 CHARMM>     
  
 VCLOSE: Closing unit   98 with status "KEEP"

                    RETURNING TO INPUT STREAM    99
  
 CHARMM>     
  
 CHARMM>    ! Interface FF
 CHARMM>    open read card unit 10 name toppar/top_interface.rtf
 OPNLGU> Unit already open. The old file will be closed first.
 VCLOSE: Closing unit   10 with status "KEEP"
 VOPEN> Attempting to open::toppar/top_interface.rtf::
 OPNLGU> Unit 10 opened for READONLY access to toppar/top_interface.rtf
  
 CHARMM>    read  rtf card unit 10 append
 MAINIO> Residue topology file being read from unit  10.
 TITLE> * INTERFACE FF
 TITLE> * TOPOLOGY FOR NANOMATERIALS
 TITLE> *
*** WARNING **** residue TSHO already exists (old one deleted)

      ***** LEVEL  1 WARNING FROM <RTFRDR> *****
      ***** Residue already exists.
      ******************************************
      BOMLEV (  0) IS NOT REACHED. WRNLEV IS  5

          PRES TSHO17      -1.050
*** WARNING **** residue TSHO already exists (old one deleted)

      ***** LEVEL  1 WARNING FROM <RTFRDR> *****
      ***** Residue already exists.
      ******************************************
      BOMLEV (  0) IS NOT REACHED. WRNLEV IS  5

          PRES TSHO21      -1.050
 There were   2 warning(s) from RTFRDR.
  
 CHARMM>     
  
 CHARMM>    open read card unit 10 name toppar/par_interface.prm
 OPNLGU> Unit already open. The old file will be closed first.
 VCLOSE: Closing unit   10 with status "KEEP"
 VOPEN> Attempting to open::toppar/par_interface.prm::
 OPNLGU> Unit 10 opened for READONLY access to toppar/par_interface.prm
  
 CHARMM>    read para card unit 10 append flex

          PARAMETER FILE BEING READ FROM UNIT 10
 TITLE> * INTERFACE FF
 TITLE> * TOPOLOGY AND PARAMETER FOR CALY MINERALS, CEMENT MINERALS
 TITLE> *
 PARRDR> Error: Repeated DIHE parameter ( 32527): HGR6  ICG1  ICG1  ICGE is replaced
 PARMIO> NONBOND, HBOND lists and IMAGE atoms cleared.
  
 CHARMM>     
  
 CHARMM>    stream toppar/toppar_all36_nano_lig.str
 VOPEN> Attempting to open::toppar/toppar_all36_nano_lig.str::
 OPNLGU> Unit 98 opened for READONLY access to toppar/toppar_all36_nano_lig.str

                    INPUT STREAM SWITCHING TO UNIT    98
 RDTITL> READ RTF CARD APPEND
 RDTITL> No title read.
 Parameter: IN1 <- "" <empty>
  
 CHARMM>    read rtf card append
 MAINIO> Residue topology file being read from unit  98.
 RDTITL> * TOPOLOGY FOR NANO-LIGAND
 RDTITL> *
  
 CHARMM>     
  
 CHARMM>    read param card flex append

          PARAMETER FILE BEING READ FROM UNIT 98
 RDTITL> * SYNTHETIC POLYMER PARAMETER
 RDTITL> *
 PARRDR> Error: Repeated ANGLE parameter (  4668): CG30  CG32  CG32 is replaced
 PARRDR> Error: Repeated DIHE parameter ( 22579): CG30  CG32  CG32  SG31 is replaced
 PARRDR> Error: Repeated DIHE parameter ( 22919): CG30  CG32  CG32  HGA2 is replaced
 PARRDR> Error: Repeated DIHE parameter ( 22695): CG32  CG32  CG32  SG31 is replaced
 PARRDR> Error: Repeated DIHE parameter ( 22920): CG30  CG32  CG32  HGP5 is replaced
 PARRDR> Error: Repeated DIHE parameter ( 22916): CG30  CG32  CG32  NG3P is replaced
 PARRDR> Error: Repeated DIHE parameter ( 19712): CG2R  CG31  CG32  CG32 is replaced
 PARRDR> Error: Repeated DIHE parameter ( 22795): NG31  CG32  CG32  SG31 is replaced
 PARRDR> Error: Repeated DIHE parameter ( 22796): NG31  CG32  CG32  SG31 is replaced
 PARRDR> Error: Repeated DIHE parameter ( 22797): NG31  CG32  CG32  SG31 is replaced
 PARRDR> Error: Repeated DIHE parameter ( 22376): CG2D  CG32  CG32  CG32 is replaced
 PARRDR> Error: Repeated DIHE parameter ( 22377): CG2D  CG32  CG32  CG32 is replaced
 PARRDR> Error: Repeated DIHE parameter ( 22378): CG2D  CG32  CG32  CG32 is replaced
 PARRDR> Error: Repeated DIHE parameter ( 22376): CG2D  CG32  CG32  CG32 is replaced
 PARRDR> Error: Repeated DIHE parameter ( 22377): CG2D  CG32  CG32  CG32 is replaced
 PARRDR> Error: Repeated DIHE parameter ( 22378): CG2D  CG32  CG32  CG32 is replaced
 PARRDR> Error: Repeated DIHE parameter ( 22376): CG2D  CG32  CG32  CG32 is replaced
 PARRDR> Error: Repeated DIHE parameter ( 22377): CG2D  CG32  CG32  CG32 is replaced
 PARRDR> Error: Repeated DIHE parameter ( 22378): CG2D  CG32  CG32  CG32 is replaced
 PARRDR> Error: Repeated DIHE parameter ( 19868): CG33  CG31  CG32  CG32 is replaced
 PARRDR> Error: Repeated DIHE parameter ( 22393): CG2D  CG32  CG32  SG31 is replaced
 PARRDR> Error: Repeated DIHE parameter ( 22394): CG2D  CG32  CG32  SG31 is replaced
 PARRDR> Error: Repeated DIHE parameter ( 22395): CG2D  CG32  CG32  SG31 is replaced
 PARRDR> Error: Repeated DIHE parameter ( 18389): CG32  CG30  CG32  CG32 is replaced
 PARRDR> Error: Repeated DIHE parameter ( 18417): CG33  CG30  CG32  CG32 is replaced
 PARMIO> NONBOND, HBOND lists and IMAGE atoms cleared.
  
 CHARMM>    RETURN
 VCLOSE: Closing unit   98 with status "KEEP"

                    RETURNING TO INPUT STREAM    99
  
 CHARMM>    stream toppar/toppar_all36_nano_lig_patch.str
 VOPEN> Attempting to open::toppar/toppar_all36_nano_lig_patch.str::
 OPNLGU> Unit 98 opened for READONLY access to toppar/toppar_all36_nano_lig_patch.str

                    INPUT STREAM SWITCHING TO UNIT    98
 RDTITL> READ RTF CARD APPEND
 RDTITL> No title read.
 Parameter: IN1 <- "" <empty>
  
 CHARMM>    read rtf card append
 MAINIO> Residue topology file being read from unit  98.
 RDTITL> * TOPOLOGY FOR SYNTHETIC_POLYMER
 RDTITL> *
  
 CHARMM>    RETURN
 VCLOSE: Closing unit   98 with status "KEEP"

                    RETURNING TO INPUT STREAM    99
  
 CHARMM>     
  
 CHARMM>    ! Additional topologies and parameters for synthetic polymer
 CHARMM>    stream toppar/toppar_all36_synthetic_polymer.str
 VOPEN> Attempting to open::toppar/toppar_all36_synthetic_polymer.str::
 OPNLGU> Unit 98 opened for READONLY access to toppar/toppar_all36_synthetic_polymer.str

                    INPUT STREAM SWITCHING TO UNIT    98
 RDTITL> READ RTF CARD APPEND
 RDTITL> No title read.
 Parameter: IN1 <- "" <empty>
  
 CHARMM>    read rtf card append
 MAINIO> Residue topology file being read from unit  98.
 RDTITL> * TOPOLOGY FOR SYNTHETIC_POLYMER
 RDTITL> *
  
 CHARMM>     
  
 CHARMM>    read param card flex append

          PARAMETER FILE BEING READ FROM UNIT 98
 RDTITL> * SYNTHETIC POLYMER PARAMETER
 RDTITL> *
 PARRDR> Error: Repeated BOND parameter (  1190): CG30  NG2S is replaced
 PARRDR> Error: Repeated BOND parameter (   709): CG2O  CG30 is replaced
 PARRDR> Error: Repeated BOND parameter (   703): CG2O  CG2R is replaced
 PARRDR> Error: Repeated BOND parameter (  1192): CG30  NG31 is replaced
 PARRDR> Error: Repeated BOND parameter (  1238): CG31  NG31 is replaced
 PARRDR> Error: Repeated BOND parameter (   774): CG2O  CG30 is replaced
 PARRDR> Error: Repeated BOND parameter (  1257): CG31  CG31 is replaced
 PARRDR> Error: Repeated ANGLE parameter (  4699): CG31  CG32  NG32 is replaced
 PARRDR> Error: Repeated ANGLE parameter (  3954): CG2O  CG31  NG31 is replaced
 PARRDR> Error: Repeated ANGLE parameter (  4008): CG2O  CG31  CG32 is replaced
 PARRDR> Error: Repeated ANGLE parameter (  3839): CG33  CG30  NG31 is replaced
 PARRDR> Error: Repeated ANGLE parameter (  4010): CG2O  CG31  CG33 is replaced
 PARRDR> Error: Repeated ANGLE parameter (  4477): CG2D  CG32  CG30 is replaced
 PARRDR> Error: Repeated ANGLE parameter (  3837): CG33  CG30  NG2S is replaced
 PARRDR> Error: Repeated ANGLE parameter (  6736): CG31  NG2R  CG3C is replaced
 PARRDR> Error: Repeated ANGLE parameter (  3725): CG2O  CG30  CG33 is replaced
 PARRDR> Error: Repeated ANGLE parameter (  7053): CG30  NG2S  HGP1 is replaced
 PARRDR> Error: Repeated ANGLE parameter (  4256): NG31  CG31  OG31 is replaced
 PARRDR> Error: Repeated ANGLE parameter (  3956): CG2O  CG31  OG30 is replaced
 PARRDR> Error: Repeated ANGLE parameter (  4702): CG31  CG32  OG30 is replaced
 PARRDR> Error: Repeated ANGLE parameter (  4013): CG2O  CG31  NG31 is replaced
 PARRDR> Error: Repeated ANGLE parameter (  7499): CG30  OG30  CG32 is replaced
 PARRDR> Error: Repeated ANGLE parameter (  4546): CG2O  CG32  OG30 is replaced
 PARRDR> Error: Repeated ANGLE parameter (  2004): CG2R  CG2O  OG2D is replaced
 PARRDR> Error: Repeated ANGLE parameter (  7020): CG2O  NG2S  CG30 is replaced
 PARRDR> Error: Repeated ANGLE parameter (  7197): CG30  NG31  HGPA is replaced
 PARRDR> Error: Repeated ANGLE parameter (  2178): CG31  CG2O  CG33 is replaced
 PARRDR> Error: Repeated ANGLE parameter (  3805): CG32  CG30  NG2S is replaced
 PARRDR> Error: Repeated ANGLE parameter (  4545): CG2O  CG32  NG31 is replaced
 PARRDR> Error: Repeated ANGLE parameter (  7204): CG31  NG31  HGPA is replaced
 PARRDR> Error: Repeated ANGLE parameter (  4489): CG2D  CG32  OG30 is replaced
 PARRDR> Error: Repeated ANGLE parameter (  7195): CG30  NG31  CG32 is replaced
 PARRDR> Error: Repeated ANGLE parameter (  4534): CG2O  CG32  CG30 is replaced
 PARRDR> Error: Repeated ANGLE parameter (  3724): CG2O  CG30  CG32 is replaced
 PARRDR> Error: Repeated ANGLE parameter (  2005): CG2R  CG2O  OG31 is replaced
 PARRDR> Error: Repeated ANGLE parameter (  4749): CG32  CG32  NG2R is replaced
 PARRDR> Error: Repeated ANGLE parameter (  2275): CG2O  CG2R  CG2R is replaced
 PARRDR> Error: Repeated ANGLE parameter (  2022): CG30  CG2O  OG2D is replaced
 PARRDR> Error: Repeated ANGLE parameter (  4257): NG31  CG31  HGA1 is replaced
 PARRDR> Error: Repeated ANGLE parameter (  4201): CG33  CG31  NG31 is replaced
 PARRDR> Error: Repeated ANGLE parameter (  4064): CG2R  CG31  NG31 is replaced
 PARRDR> Error: Repeated ANGLE parameter (  7200): CG31  NG31  CG32 is replaced
 PARRDR> Error: Repeated ANGLE parameter (  3806): CG32  CG30  NG31 is replaced
 PARRDR> Error: Repeated ANGLE parameter (  4158): CG32  CG31  NG31 is replaced
 PARRDR> Error: Repeated ANGLE parameter (  2177): CG31  CG2O  CG32 is replaced
 PARRDR> Error: Repeated ANGLE parameter (  3737): CG2O  CG30  CG33 is replaced
 PARRDR> Error: Repeated ANGLE parameter (  2175): CG30  CG2O  OG2D is replaced
 PARRDR> Error: Repeated ANGLE parameter (  2172): CG30  CG2O  CG32 is replaced
 PARRDR> Error: Repeated ANGLE parameter (  2151): CG2O  CG2O  CG32 is replaced
 PARRDR> Error: Repeated ANGLE parameter (  4476): CG2D  CG32  CG2O is replaced
 PARRDR> Error: Repeated ANGLE parameter (  7013): CG2O  NG2S  CG2O is replaced
 PARRDR> Error: Repeated ANGLE parameter (  4530): CG2O  CG32  CG2O is replaced
 PARRDR> Error: Repeated ANGLE parameter (  4583): CG2O  CG32  CG31 is replaced
 PARRDR> Error: Repeated ANGLE parameter (  4002): CG2O  CG31  CG2O is replaced
 PARRDR> Error: Repeated ANGLE parameter (  3736): CG2O  CG30  CG32 is replaced
 PARRDR> Error: Repeated ANGLE parameter (  4003): CG2O  CG31  CG2R is replaced
 PARRDR> Error: Repeated ANGLE parameter (  3978): CG2O  CG31  CG2O is replaced
 PARRDR> Error: Repeated ANGLE parameter (  3943): CG2O  CG31  CG2O is replaced
 PARRDR> Error: Repeated ANGLE parameter (  4011): CG2O  CG31  NG2R is replaced
 PARRDR> Error: Repeated ANGLE parameter (  3962): CG2O  CG31  CG2O is replaced
 PARRDR> Error: Repeated ANGLE parameter (  4698): CG31  CG32  NG31 is replaced
 PARRDR> Error: Repeated ANGLE parameter (  4674): CG30  CG32  NG31 is replaced
 PARRDR> Error: Repeated ANGLE parameter (  3723): CG2O  CG30  CG31 is replaced
 PARRDR> Error: Repeated ANGLE parameter (  3812): CG32  CG30  OG31 is replaced
 PARRDR> Error: Repeated ANGLE parameter (  4006): CG2O  CG31  CG31 is replaced
 PARRDR> Error: Repeated ANGLE parameter (  4054): CG2R  CG31  CG31 is replaced
 PARRDR> Error: Repeated ANGLE parameter (  4676): CG30  CG32  OG31 is replaced
 PARRDR> Error: Repeated ANGLE parameter (  4926): CG32  CG32  CG33 is replaced
 PARRDR> Error: Repeated ANGLE parameter (  4925): CG32  CG32  CG32 is replaced
 PARRDR> Error: Repeated ANGLE parameter (  4311): CG31  CG31  FGA2 is replaced
 PARRDR> Error: Repeated ANGLE parameter (  3728): CG2O  CG30  CG32 is replaced
 PARRDR> Error: Repeated ANGLE parameter (  2023): CG30  CG2O  OG31 is replaced
 PARRDR> Error: Repeated ANGLE parameter (  3727): CG2O  CG30  CG2O is replaced
 PARRDR> Error: Repeated ANGLE parameter (  4186): CG32  CG31  NG31 is replaced
 PARRDR> Error: Repeated ANGLE parameter (  4102): CG31  CG31  CG32 is replaced
 PARRDR> Error: Repeated ANGLE parameter (  4009): CG2O  CG31  CG32 is replaced
 PARRDR> Error: Repeated ANGLE parameter (  4582): CG2O  CG32  CG30 is replaced
 PARRDR> Error: Repeated ANGLE parameter (  4672): CG30  CG32  NG2S is replaced
 PARRDR> Error: Repeated DIHE parameter ( 19844): CG32  CG31  CG32  CG31 is replaced
 PARRDR> Error: Repeated DIHE parameter ( 19822): CG32  CG31  CG32  NG32 is replaced
 PARRDR> Error: Repeated DIHE parameter ( 20218): HGA1  CG31  CG32  NG32 is replaced
 PARRDR> Error: Repeated DIHE parameter ( 24359): CG31  CG32  NG32  HGPA is replaced
 PARRDR> Error: Repeated DIHE parameter ( 12727): CG3C  CG2R  NG2R  CG31 is replaced
 PARRDR> Error: Repeated DIHE parameter ( 24397): CG2O  CG32  OG30  CG32 is replaced
 PARRDR> Error: Repeated DIHE parameter ( 24398): CG2O  CG32  OG30  CG32 is replaced
 PARRDR> Error: Repeated DIHE parameter ( 24399): CG2O  CG32  OG30  CG32 is replaced
 PARRDR> Error: Repeated DIHE parameter ( 21269): HGA1  CG31  NG31  HGPA is replaced
 PARRDR> Error: Repeated DIHE parameter ( 22546): CG2R  CG32  CG32  CG30 is replaced
 PARRDR> Error: Repeated DIHE parameter ( 21346): CG32  CG31  OG30  CG32 is replaced
 PARRDR> Error: Repeated DIHE parameter ( 21347): CG32  CG31  OG30  CG32 is replaced
 PARRDR> Error: Repeated DIHE parameter ( 21346): CG32  CG31  OG30  CG32 is replaced
 PARRDR> Error: Repeated DIHE parameter ( 21347): CG32  CG31  OG30  CG32 is replaced
 PARRDR> Error: Repeated DIHE parameter (  8768): OG2D  CG2O  CG31  NG31 is replaced
 PARRDR> Error: Repeated DIHE parameter (  7774): OG2D  CG2O  NG2S  CG30 is replaced
 PARRDR> Error: Repeated DIHE parameter ( 24338): HGA2  CG32  NG31  CG30 is replaced
 PARRDR> Error: Repeated DIHE parameter (  3574): CG2D  CG2D  CG32  OG30 is replaced
 PARRDR> Error: Repeated DIHE parameter (  3575): CG2D  CG2D  CG32  OG30 is replaced
 PARRDR> Error: Repeated DIHE parameter (  3576): CG2D  CG2D  CG32  OG30 is replaced
 PARRDR> Error: Repeated DIHE parameter (  3577): CG2D  CG2D  CG32  OG30 is replaced
 PARRDR> Error: Repeated DIHE parameter (  3574): CG2D  CG2D  CG32  OG30 is replaced
 PARRDR> Error: Repeated DIHE parameter (  3575): CG2D  CG2D  CG32  OG30 is replaced
 PARRDR> Error: Repeated DIHE parameter (  3576): CG2D  CG2D  CG32  OG30 is replaced
 PARRDR> Error: Repeated DIHE parameter (  3577): CG2D  CG2D  CG32  OG30 is replaced
 PARRDR> Error: Repeated DIHE parameter (  3574): CG2D  CG2D  CG32  OG30 is replaced
 PARRDR> Error: Repeated DIHE parameter (  3575): CG2D  CG2D  CG32  OG30 is replaced
 PARRDR> Error: Repeated DIHE parameter (  3576): CG2D  CG2D  CG32  OG30 is replaced
 PARRDR> Error: Repeated DIHE parameter (  3577): CG2D  CG2D  CG32  OG30 is replaced
 PARRDR> Error: Repeated DIHE parameter ( 20041): OG31  CG31  CG32  CG30 is replaced
 PARRDR> Error: Repeated DIHE parameter ( 20042): OG31  CG31  CG32  CG30 is replaced
 PARRDR> Error: Repeated DIHE parameter ( 20043): OG31  CG31  CG32  CG30 is replaced
 PARRDR> Error: Repeated DIHE parameter ( 20041): OG31  CG31  CG32  CG30 is replaced
 PARRDR> Error: Repeated DIHE parameter ( 20042): OG31  CG31  CG32  CG30 is replaced
 PARRDR> Error: Repeated DIHE parameter ( 20043): OG31  CG31  CG32  CG30 is replaced
 PARRDR> Error: Repeated DIHE parameter ( 20041): OG31  CG31  CG32  CG30 is replaced
 PARRDR> Error: Repeated DIHE parameter ( 20042): OG31  CG31  CG32  CG30 is replaced
 PARRDR> Error: Repeated DIHE parameter ( 20043): OG31  CG31  CG32  CG30 is replaced
 PARRDR> Error: Repeated DIHE parameter ( 19855): CG33  CG31  CG32  CG2D is replaced
 PARRDR> Error: Repeated DIHE parameter ( 18386): CG32  CG30  CG32  CG30 is replaced
 PARRDR> Error: Repeated DIHE parameter ( 21179): CG32  CG31  NG31  CG32 is replaced
 PARRDR> Error: Repeated DIHE parameter ( 21180): CG32  CG31  NG31  CG32 is replaced
 PARRDR> Error: Repeated DIHE parameter ( 21181): CG32  CG31  NG31  CG32 is replaced
 PARRDR> Error: Repeated DIHE parameter ( 21179): CG32  CG31  NG31  CG32 is replaced
 PARRDR> Error: Repeated DIHE parameter ( 21180): CG32  CG31  NG31  CG32 is replaced
 PARRDR> Error: Repeated DIHE parameter ( 21181): CG32  CG31  NG31  CG32 is replaced
 PARRDR> Error: Repeated DIHE parameter ( 21179): CG32  CG31  NG31  CG32 is replaced
 PARRDR> Error: Repeated DIHE parameter ( 21180): CG32  CG31  NG31  CG32 is replaced
 PARRDR> Error: Repeated DIHE parameter ( 21181): CG32  CG31  NG31  CG32 is replaced
 PARRDR> Error: Repeated DIHE parameter ( 24232): CG32  CG32  NG31  CG30 is replaced
 PARRDR> Error: Repeated DIHE parameter ( 24233): CG32  CG32  NG31  CG30 is replaced
 PARRDR> Error: Repeated DIHE parameter ( 24234): CG32  CG32  NG31  CG30 is replaced
 PARRDR> Error: Repeated DIHE parameter ( 24232): CG32  CG32  NG31  CG30 is replaced
 PARRDR> Error: Repeated DIHE parameter ( 24233): CG32  CG32  NG31  CG30 is replaced
 PARRDR> Error: Repeated DIHE parameter ( 24234): CG32  CG32  NG31  CG30 is replaced
 PARRDR> Error: Repeated DIHE parameter ( 24232): CG32  CG32  NG31  CG30 is replaced
 PARRDR> Error: Repeated DIHE parameter ( 24233): CG32  CG32  NG31  CG30 is replaced
 PARRDR> Error: Repeated DIHE parameter ( 24234): CG32  CG32  NG31  CG30 is replaced
 PARRDR> Error: Repeated DIHE parameter ( 22651): CG32  CG32  CG32  NG2R is replaced
 PARRDR> Error: Repeated DIHE parameter ( 21208): CG33  CG31  NG31  CG32 is replaced
 PARRDR> Error: Repeated DIHE parameter ( 21209): CG33  CG31  NG31  CG32 is replaced
 PARRDR> Error: Repeated DIHE parameter ( 21210): CG33  CG31  NG31  CG32 is replaced
 PARRDR> Error: Repeated DIHE parameter ( 21208): CG33  CG31  NG31  CG32 is replaced
 PARRDR> Error: Repeated DIHE parameter ( 21209): CG33  CG31  NG31  CG32 is replaced
 PARRDR> Error: Repeated DIHE parameter ( 21210): CG33  CG31  NG31  CG32 is replaced
 PARRDR> Error: Repeated DIHE parameter ( 21208): CG33  CG31  NG31  CG32 is replaced
 PARRDR> Error: Repeated DIHE parameter ( 21209): CG33  CG31  NG31  CG32 is replaced
 PARRDR> Error: Repeated DIHE parameter ( 21210): CG33  CG31  NG31  CG32 is replaced
 PARRDR> Error: Repeated DIHE parameter (  3676): HGA4  CG2D  CG32  OG30 is replaced
 PARRDR> Error: Repeated DIHE parameter (  3677): HGA4  CG2D  CG32  OG30 is replaced
 PARRDR> Error: Repeated DIHE parameter ( 21114): CG2O  CG31  NG31  CG32 is replaced
 PARRDR> Error: Repeated DIHE parameter ( 21115): CG2O  CG31  NG31  CG32 is replaced
 PARRDR> Error: Repeated DIHE parameter ( 21116): CG2O  CG31  NG31  CG32 is replaced
 PARRDR> Error: Repeated DIHE parameter ( 21114): CG2O  CG31  NG31  CG32 is replaced
 PARRDR> Error: Repeated DIHE parameter ( 21115): CG2O  CG31  NG31  CG32 is replaced
 PARRDR> Error: Repeated DIHE parameter ( 21116): CG2O  CG31  NG31  CG32 is replaced
 PARRDR> Error: Repeated DIHE parameter ( 21114): CG2O  CG31  NG31  CG32 is replaced
 PARRDR> Error: Repeated DIHE parameter ( 21115): CG2O  CG31  NG31  CG32 is replaced
 PARRDR> Error: Repeated DIHE parameter ( 21116): CG2O  CG31  NG31  CG32 is replaced
 PARRDR> Error: Repeated DIHE parameter ( 18919): CG33  CG30  OG30  CG32 is replaced
 PARRDR> Error: Repeated DIHE parameter ( 18920): CG33  CG30  OG30  CG32 is replaced
 PARRDR> Error: Repeated DIHE parameter ( 18919): CG33  CG30  OG30  CG32 is replaced
 PARRDR> Error: Repeated DIHE parameter ( 18920): CG33  CG30  OG30  CG32 is replaced
 PARRDR> Error: Repeated DIHE parameter ( 18860): CG32  CG30  NG31  HGPA is replaced
 PARRDR> Error: Repeated DIHE parameter ( 18861): CG32  CG30  NG31  HGPA is replaced
 PARRDR> Error: Repeated DIHE parameter ( 18390): CG32  CG30  CG32  CG33 is replaced
 PARRDR> Error: Repeated DIHE parameter (  9086): CG31  CG2O  CG33  HGA3 is replaced
 PARRDR> Error: Repeated DIHE parameter (  8069): CG2R  CG2O  OG30  CG32 is replaced
 PARRDR> Error: Repeated DIHE parameter (  8070): CG2R  CG2O  OG30  CG32 is replaced
 PARRDR> Error: Repeated DIHE parameter (  8071): CG2R  CG2O  OG30  CG32 is replaced
 PARRDR> Error: Repeated DIHE parameter (  8069): CG2R  CG2O  OG30  CG32 is replaced
 PARRDR> Error: Repeated DIHE parameter (  8070): CG2R  CG2O  OG30  CG32 is replaced
 PARRDR> Error: Repeated DIHE parameter (  8071): CG2R  CG2O  OG30  CG32 is replaced
 PARRDR> Error: Repeated DIHE parameter (  8069): CG2R  CG2O  OG30  CG32 is replaced
 PARRDR> Error: Repeated DIHE parameter (  8070): CG2R  CG2O  OG30  CG32 is replaced
 PARRDR> Error: Repeated DIHE parameter (  8071): CG2R  CG2O  OG30  CG32 is replaced
 PARRDR> Error: Repeated DIHE parameter ( 22486): CG2O  CG32  CG32  CG30 is replaced
 PARRDR> Error: Repeated DIHE parameter ( 22487): CG2O  CG32  CG32  CG30 is replaced
 PARRDR> Error: Repeated DIHE parameter ( 22488): CG2O  CG32  CG32  CG30 is replaced
 PARRDR> Error: Repeated DIHE parameter ( 22489): CG2O  CG32  CG32  CG30 is replaced
 PARRDR> Error: Repeated DIHE parameter ( 22490): CG2O  CG32  CG32  CG30 is replaced
 PARRDR> Error: Repeated DIHE parameter ( 22486): CG2O  CG32  CG32  CG30 is replaced
 PARRDR> Error: Repeated DIHE parameter ( 22487): CG2O  CG32  CG32  CG30 is replaced
 PARRDR> Error: Repeated DIHE parameter ( 22488): CG2O  CG32  CG32  CG30 is replaced
 PARRDR> Error: Repeated DIHE parameter ( 22489): CG2O  CG32  CG32  CG30 is replaced
 PARRDR> Error: Repeated DIHE parameter ( 22490): CG2O  CG32  CG32  CG30 is replaced
 PARRDR> Error: Repeated DIHE parameter ( 22486): CG2O  CG32  CG32  CG30 is replaced
 PARRDR> Error: Repeated DIHE parameter ( 22487): CG2O  CG32  CG32  CG30 is replaced
 PARRDR> Error: Repeated DIHE parameter ( 22488): CG2O  CG32  CG32  CG30 is replaced
 PARRDR> Error: Repeated DIHE parameter ( 22489): CG2O  CG32  CG32  CG30 is replaced
 PARRDR> Error: Repeated DIHE parameter ( 22490): CG2O  CG32  CG32  CG30 is replaced
 PARRDR> Error: Repeated DIHE parameter ( 22486): CG2O  CG32  CG32  CG30 is replaced
 PARRDR> Error: Repeated DIHE parameter ( 22487): CG2O  CG32  CG32  CG30 is replaced
 PARRDR> Error: Repeated DIHE parameter ( 22488): CG2O  CG32  CG32  CG30 is replaced
 PARRDR> Error: Repeated DIHE parameter ( 22489): CG2O  CG32  CG32  CG30 is replaced
 PARRDR> Error: Repeated DIHE parameter ( 22490): CG2O  CG32  CG32  CG30 is replaced
 PARRDR> Error: Repeated DIHE parameter ( 22486): CG2O  CG32  CG32  CG30 is replaced
 PARRDR> Error: Repeated DIHE parameter ( 22487): CG2O  CG32  CG32  CG30 is replaced
 PARRDR> Error: Repeated DIHE parameter ( 22488): CG2O  CG32  CG32  CG30 is replaced
 PARRDR> Error: Repeated DIHE parameter ( 22489): CG2O  CG32  CG32  CG30 is replaced
 PARRDR> Error: Repeated DIHE parameter ( 22490): CG2O  CG32  CG32  CG30 is replaced
 PARRDR> Error: Repeated DIHE parameter ( 19930): NG2R  CG31  CG32  CG32 is replaced
 PARRDR> Error: Repeated DIHE parameter ( 21117): CG2O  CG31  NG31  HGPA is replaced
 PARRDR> Error: Repeated DIHE parameter ( 21118): CG2O  CG31  NG31  HGPA is replaced
 PARRDR> Error: Repeated DIHE parameter ( 21119): CG2O  CG31  NG31  HGPA is replaced
 PARRDR> Error: Repeated DIHE parameter ( 18472): NG31  CG30  CG32  CG31 is replaced
 PARRDR> Error: Repeated DIHE parameter ( 24414): CG31  CG32  OG30  CG32 is replaced
 PARRDR> Error: Repeated DIHE parameter ( 24415): CG31  CG32  OG30  CG32 is replaced
 PARRDR> Error: Repeated DIHE parameter ( 24416): CG31  CG32  OG30  CG32 is replaced
 PARRDR> Error: Repeated DIHE parameter ( 24414): CG31  CG32  OG30  CG32 is replaced
 PARRDR> Error: Repeated DIHE parameter ( 24415): CG31  CG32  OG30  CG32 is replaced
 PARRDR> Error: Repeated DIHE parameter ( 24416): CG31  CG32  OG30  CG32 is replaced
 PARRDR> Error: Repeated DIHE parameter ( 24414): CG31  CG32  OG30  CG32 is replaced
 PARRDR> Error: Repeated DIHE parameter ( 24415): CG31  CG32  OG30  CG32 is replaced
 PARRDR> Error: Repeated DIHE parameter ( 24416): CG31  CG32  OG30  CG32 is replaced
 PARRDR> Error: Repeated DIHE parameter (  3550): CG2D  CG2D  CG32  CG30 is replaced
 PARRDR> Error: Repeated DIHE parameter (  3551): CG2D  CG2D  CG32  CG30 is replaced
 PARRDR> Error: Repeated DIHE parameter (  3550): CG2D  CG2D  CG32  CG30 is replaced
 PARRDR> Error: Repeated DIHE parameter (  3551): CG2D  CG2D  CG32  CG30 is replaced
 PARRDR> Error: Repeated DIHE parameter (  8717): CG33  CG2O  CG31  CG32 is replaced
 PARRDR> Error: Repeated DIHE parameter (  8718): CG33  CG2O  CG31  CG32 is replaced
 PARRDR> Error: Repeated DIHE parameter (  8719): CG33  CG2O  CG31  CG32 is replaced
 PARRDR> Error: Repeated DIHE parameter (  8720): CG33  CG2O  CG31  CG32 is replaced
 PARRDR> Error: Repeated DIHE parameter (  8717): CG33  CG2O  CG31  CG32 is replaced
 PARRDR> Error: Repeated DIHE parameter (  8718): CG33  CG2O  CG31  CG32 is replaced
 PARRDR> Error: Repeated DIHE parameter (  8719): CG33  CG2O  CG31  CG32 is replaced
 PARRDR> Error: Repeated DIHE parameter (  8720): CG33  CG2O  CG31  CG32 is replaced
 PARRDR> Error: Repeated DIHE parameter (  8717): CG33  CG2O  CG31  CG32 is replaced
 PARRDR> Error: Repeated DIHE parameter (  8718): CG33  CG2O  CG31  CG32 is replaced
 PARRDR> Error: Repeated DIHE parameter (  8719): CG33  CG2O  CG31  CG32 is replaced
 PARRDR> Error: Repeated DIHE parameter (  8720): CG33  CG2O  CG31  CG32 is replaced
 PARRDR> Error: Repeated DIHE parameter (  8717): CG33  CG2O  CG31  CG32 is replaced
 PARRDR> Error: Repeated DIHE parameter (  8718): CG33  CG2O  CG31  CG32 is replaced
 PARRDR> Error: Repeated DIHE parameter (  8719): CG33  CG2O  CG31  CG32 is replaced
 PARRDR> Error: Repeated DIHE parameter (  8720): CG33  CG2O  CG31  CG32 is replaced
 PARRDR> Error: Repeated DIHE parameter ( 24486): HGA2  CG32  OG30  CG30 is replaced
 PARRDR> Error: Repeated DIHE parameter ( 24426): CG32  CG32  OG30  CG30 is replaced
 PARRDR> Error: Repeated DIHE parameter ( 24427): CG32  CG32  OG30  CG30 is replaced
 PARRDR> Error: Repeated DIHE parameter ( 24428): CG32  CG32  OG30  CG30 is replaced
 PARRDR> Error: Repeated DIHE parameter ( 24426): CG32  CG32  OG30  CG30 is replaced
 PARRDR> Error: Repeated DIHE parameter ( 24427): CG32  CG32  OG30  CG30 is replaced
 PARRDR> Error: Repeated DIHE parameter ( 24428): CG32  CG32  OG30  CG30 is replaced
 PARRDR> Error: Repeated DIHE parameter ( 24426): CG32  CG32  OG30  CG30 is replaced
 PARRDR> Error: Repeated DIHE parameter ( 24427): CG32  CG32  OG30  CG30 is replaced
 PARRDR> Error: Repeated DIHE parameter ( 24428): CG32  CG32  OG30  CG30 is replaced
 PARRDR> Error: Repeated DIHE parameter ( 24241): CG32  CG32  NG31  CG32 is replaced
 PARRDR> Error: Repeated DIHE parameter ( 24242): CG32  CG32  NG31  CG32 is replaced
 PARRDR> Error: Repeated DIHE parameter ( 24243): CG32  CG32  NG31  CG32 is replaced
 PARRDR> Error: Repeated DIHE parameter ( 24241): CG32  CG32  NG31  CG32 is replaced
 PARRDR> Error: Repeated DIHE parameter ( 24242): CG32  CG32  NG31  CG32 is replaced
 PARRDR> Error: Repeated DIHE parameter ( 24243): CG32  CG32  NG31  CG32 is replaced
 PARRDR> Error: Repeated DIHE parameter ( 24241): CG32  CG32  NG31  CG32 is replaced
 PARRDR> Error: Repeated DIHE parameter ( 24242): CG32  CG32  NG31  CG32 is replaced
 PARRDR> Error: Repeated DIHE parameter ( 24243): CG32  CG32  NG31  CG32 is replaced
 PARRDR> Error: Repeated DIHE parameter ( 21374): HGA1  CG31  OG30  CG32 is replaced
 PARRDR> Error: Repeated DIHE parameter ( 18474): NG31  CG30  CG32  HGA2 is replaced
 PARRDR> Error: Repeated DIHE parameter ( 20004): NG31  CG31  CG32  HGA2 is replaced
 PARRDR> Error: Repeated DIHE parameter ( 19864): CG33  CG31  CG32  CG30 is replaced
 PARRDR> Error: Repeated DIHE parameter ( 21255): OG31  CG31  NG31  HGPA is replaced
 PARRDR> Error: Repeated DIHE parameter ( 21256): OG31  CG31  NG31  HGPA is replaced
 PARRDR> Error: Repeated DIHE parameter ( 21255): OG31  CG31  NG31  HGPA is replaced
 PARRDR> Error: Repeated DIHE parameter ( 21256): OG31  CG31  NG31  HGPA is replaced
 PARRDR> Error: Repeated DIHE parameter (  6953): OG2D  CG2O  CG31  OG30 is replaced
 PARRDR> Error: Repeated DIHE parameter (  6954): OG2D  CG2O  CG31  OG30 is replaced
 PARRDR> Error: Repeated DIHE parameter ( 22491): CG2O  CG32  CG32  CG31 is replaced
 PARRDR> Error: Repeated DIHE parameter ( 22492): CG2O  CG32  CG32  CG31 is replaced
 PARRDR> Error: Repeated DIHE parameter ( 22493): CG2O  CG32  CG32  CG31 is replaced
 PARRDR> Error: Repeated DIHE parameter ( 22494): CG2O  CG32  CG32  CG31 is replaced
 PARRDR> Error: Repeated DIHE parameter ( 22495): CG2O  CG32  CG32  CG31 is replaced
 PARRDR> Error: Repeated DIHE parameter ( 22491): CG2O  CG32  CG32  CG31 is replaced
 PARRDR> Error: Repeated DIHE parameter ( 22492): CG2O  CG32  CG32  CG31 is replaced
 PARRDR> Error: Repeated DIHE parameter ( 22493): CG2O  CG32  CG32  CG31 is replaced
 PARRDR> Error: Repeated DIHE parameter ( 22494): CG2O  CG32  CG32  CG31 is replaced
 PARRDR> Error: Repeated DIHE parameter ( 22495): CG2O  CG32  CG32  CG31 is replaced
 PARRDR> Error: Repeated DIHE parameter ( 22491): CG2O  CG32  CG32  CG31 is replaced
 PARRDR> Error: Repeated DIHE parameter ( 22492): CG2O  CG32  CG32  CG31 is replaced
 PARRDR> Error: Repeated DIHE parameter ( 22493): CG2O  CG32  CG32  CG31 is replaced
 PARRDR> Error: Repeated DIHE parameter ( 22494): CG2O  CG32  CG32  CG31 is replaced
 PARRDR> Error: Repeated DIHE parameter ( 22495): CG2O  CG32  CG32  CG31 is replaced
 PARRDR> Error: Repeated DIHE parameter ( 22491): CG2O  CG32  CG32  CG31 is replaced
 PARRDR> Error: Repeated DIHE parameter ( 22492): CG2O  CG32  CG32  CG31 is replaced
 PARRDR> Error: Repeated DIHE parameter ( 22493): CG2O  CG32  CG32  CG31 is replaced
 PARRDR> Error: Repeated DIHE parameter ( 22494): CG2O  CG32  CG32  CG31 is replaced
 PARRDR> Error: Repeated DIHE parameter ( 22495): CG2O  CG32  CG32  CG31 is replaced
 PARRDR> Error: Repeated DIHE parameter ( 22491): CG2O  CG32  CG32  CG31 is replaced
 PARRDR> Error: Repeated DIHE parameter ( 22492): CG2O  CG32  CG32  CG31 is replaced
 PARRDR> Error: Repeated DIHE parameter ( 22493): CG2O  CG32  CG32  CG31 is replaced
 PARRDR> Error: Repeated DIHE parameter ( 22494): CG2O  CG32  CG32  CG31 is replaced
 PARRDR> Error: Repeated DIHE parameter ( 22495): CG2O  CG32  CG32  CG31 is replaced
 PARRDR> Error: Repeated DIHE parameter ( 21130): CG2R  CG31  NG31  CG32 is replaced
 PARRDR> Error: Repeated DIHE parameter ( 21131): CG2R  CG31  NG31  CG32 is replaced
 PARRDR> Error: Repeated DIHE parameter ( 21132): CG2R  CG31  NG31  CG32 is replaced
 PARRDR> Error: Repeated DIHE parameter ( 21130): CG2R  CG31  NG31  CG32 is replaced
 PARRDR> Error: Repeated DIHE parameter ( 21131): CG2R  CG31  NG31  CG32 is replaced
 PARRDR> Error: Repeated DIHE parameter ( 21132): CG2R  CG31  NG31  CG32 is replaced
 PARRDR> Error: Repeated DIHE parameter ( 21130): CG2R  CG31  NG31  CG32 is replaced
 PARRDR> Error: Repeated DIHE parameter ( 21131): CG2R  CG31  NG31  CG32 is replaced
 PARRDR> Error: Repeated DIHE parameter ( 21132): CG2R  CG31  NG31  CG32 is replaced
 PARRDR> Error: Repeated DIHE parameter ( 18815): CG33  CG30  NG2S  HGP1 is replaced
 PARRDR> Error: Repeated DIHE parameter (  8761): OG2D  CG2O  CG31  CG33 is replaced
 PARRDR> Error: Repeated DIHE parameter (  8762): OG2D  CG2O  CG31  CG33 is replaced
 PARRDR> Error: Repeated DIHE parameter (  8763): OG2D  CG2O  CG31  CG33 is replaced
 PARRDR> Error: Repeated DIHE parameter (  8764): OG2D  CG2O  CG31  CG33 is replaced
 PARRDR> Error: Repeated DIHE parameter (  8761): OG2D  CG2O  CG31  CG33 is replaced
 PARRDR> Error: Repeated DIHE parameter (  8762): OG2D  CG2O  CG31  CG33 is replaced
 PARRDR> Error: Repeated DIHE parameter (  8763): OG2D  CG2O  CG31  CG33 is replaced
 PARRDR> Error: Repeated DIHE parameter (  8764): OG2D  CG2O  CG31  CG33 is replaced
 PARRDR> Error: Repeated DIHE parameter (  8761): OG2D  CG2O  CG31  CG33 is replaced
 PARRDR> Error: Repeated DIHE parameter (  8762): OG2D  CG2O  CG31  CG33 is replaced
 PARRDR> Error: Repeated DIHE parameter (  8763): OG2D  CG2O  CG31  CG33 is replaced
 PARRDR> Error: Repeated DIHE parameter (  8764): OG2D  CG2O  CG31  CG33 is replaced
 PARRDR> Error: Repeated DIHE parameter (  8761): OG2D  CG2O  CG31  CG33 is replaced
 PARRDR> Error: Repeated DIHE parameter (  8762): OG2D  CG2O  CG31  CG33 is replaced
 PARRDR> Error: Repeated DIHE parameter (  8763): OG2D  CG2O  CG31  CG33 is replaced
 PARRDR> Error: Repeated DIHE parameter (  8764): OG2D  CG2O  CG31  CG33 is replaced
 PARRDR> Error: Repeated DIHE parameter ( 22455): CG2O  CG32  CG32  NG31 is replaced
 PARRDR> Error: Repeated DIHE parameter ( 22456): CG2O  CG32  CG32  NG31 is replaced
 PARRDR> Error: Repeated DIHE parameter ( 22457): CG2O  CG32  CG32  NG31 is replaced
 PARRDR> Error: Repeated DIHE parameter ( 22458): CG2O  CG32  CG32  NG31 is replaced
 PARRDR> Error: Repeated DIHE parameter ( 18470): NG31  CG30  CG32  CG30 is replaced
 PARRDR> Error: Repeated DIHE parameter ( 18471): NG31  CG30  CG32  CG30 is replaced
 PARRDR> Error: Repeated DIHE parameter ( 24147): CG2O  CG32  NG31  CG32 is replaced
 PARRDR> Error: Repeated DIHE parameter ( 24148): CG2O  CG32  NG31  CG32 is replaced
 PARRDR> Error: Repeated DIHE parameter ( 24149): CG2O  CG32  NG31  CG32 is replaced
 PARRDR> Error: Repeated DIHE parameter ( 24147): CG2O  CG32  NG31  CG32 is replaced
 PARRDR> Error: Repeated DIHE parameter ( 24148): CG2O  CG32  NG31  CG32 is replaced
 PARRDR> Error: Repeated DIHE parameter ( 24149): CG2O  CG32  NG31  CG32 is replaced
 PARRDR> Error: Repeated DIHE parameter ( 24147): CG2O  CG32  NG31  CG32 is replaced
 PARRDR> Error: Repeated DIHE parameter ( 24148): CG2O  CG32  NG31  CG32 is replaced
 PARRDR> Error: Repeated DIHE parameter ( 24149): CG2O  CG32  NG31  CG32 is replaced
 PARRDR> Error: Repeated DIHE parameter ( 22547): CG2R  CG32  CG32  CG31 is replaced
 PARRDR> Error: Repeated DIHE parameter ( 24429): CG32  CG32  OG30  CG31 is replaced
 PARRDR> Error: Repeated DIHE parameter ( 24430): CG32  CG32  OG30  CG31 is replaced
 PARRDR> Error: Repeated DIHE parameter ( 24431): CG32  CG32  OG30  CG31 is replaced
 PARRDR> Error: Repeated DIHE parameter ( 24429): CG32  CG32  OG30  CG31 is replaced
 PARRDR> Error: Repeated DIHE parameter ( 24430): CG32  CG32  OG30  CG31 is replaced
 PARRDR> Error: Repeated DIHE parameter ( 24431): CG32  CG32  OG30  CG31 is replaced
 PARRDR> Error: Repeated DIHE parameter ( 24429): CG32  CG32  OG30  CG31 is replaced
 PARRDR> Error: Repeated DIHE parameter ( 24430): CG32  CG32  OG30  CG31 is replaced
 PARRDR> Error: Repeated DIHE parameter ( 24431): CG32  CG32  OG30  CG31 is replaced
 PARRDR> Error: Repeated DIHE parameter ( 20221): HGA1  CG31  CG32  OG30 is replaced
 PARRDR> Error: Repeated DIHE parameter ( 22813): OG30  CG32  CG32  OG30 is replaced
 PARRDR> Error: Repeated DIHE parameter ( 22814): OG30  CG32  CG32  OG30 is replaced
 PARRDR> Error: Repeated DIHE parameter ( 22813): OG30  CG32  CG32  OG30 is replaced
 PARRDR> Error: Repeated DIHE parameter ( 22814): OG30  CG32  CG32  OG30 is replaced
 PARRDR> Error: Repeated DIHE parameter ( 21133): CG2R  CG31  NG31  HGPA is replaced
 PARRDR> Error: Repeated DIHE parameter (  8721): CG33  CG2O  CG31  HGA1 is replaced
 PARRDR> Error: Repeated DIHE parameter (  7873): OG2D  CG2O  CG30  CG32 is replaced
 PARRDR> Error: Repeated DIHE parameter ( 24339): HGA2  CG32  NG31  CG31 is replaced
 PARRDR> Error: Repeated DIHE parameter (  7108): OG2D  CG2O  CG32  NG31 is replaced
 PARRDR> Error: Repeated DIHE parameter (  7109): OG2D  CG2O  CG32  NG31 is replaced
 PARRDR> Error: Repeated DIHE parameter ( 18910): CG32  CG30  OG30  CG32 is replaced
 PARRDR> Error: Repeated DIHE parameter ( 18911): CG32  CG30  OG30  CG32 is replaced
 PARRDR> Error: Repeated DIHE parameter ( 18912): CG32  CG30  OG30  CG32 is replaced
 PARRDR> Error: Repeated DIHE parameter ( 18910): CG32  CG30  OG30  CG32 is replaced
 PARRDR> Error: Repeated DIHE parameter ( 18911): CG32  CG30  OG30  CG32 is replaced
 PARRDR> Error: Repeated DIHE parameter ( 18912): CG32  CG30  OG30  CG32 is replaced
 PARRDR> Error: Repeated DIHE parameter ( 18910): CG32  CG30  OG30  CG32 is replaced
 PARRDR> Error: Repeated DIHE parameter ( 18911): CG32  CG30  OG30  CG32 is replaced
 PARRDR> Error: Repeated DIHE parameter ( 18912): CG32  CG30  OG30  CG32 is replaced
 PARRDR> Error: Repeated DIHE parameter (  7698): CG32  CG2O  NG2S  CG30 is replaced
 PARRDR> Error: Repeated DIHE parameter (  7699): CG32  CG2O  NG2S  CG30 is replaced
 PARRDR> Error: Repeated DIHE parameter (  7698): CG32  CG2O  NG2S  CG30 is replaced
 PARRDR> Error: Repeated DIHE parameter (  7699): CG32  CG2O  NG2S  CG30 is replaced
 PARRDR> Error: Repeated DIHE parameter ( 18854): CG32  CG30  NG31  CG32 is replaced
 PARRDR> Error: Repeated DIHE parameter ( 18855): CG32  CG30  NG31  CG32 is replaced
 PARRDR> Error: Repeated DIHE parameter ( 18856): CG32  CG30  NG31  CG32 is replaced
 PARRDR> Error: Repeated DIHE parameter ( 18854): CG32  CG30  NG31  CG32 is replaced
 PARRDR> Error: Repeated DIHE parameter ( 18855): CG32  CG30  NG31  CG32 is replaced
 PARRDR> Error: Repeated DIHE parameter ( 18856): CG32  CG30  NG31  CG32 is replaced
 PARRDR> Error: Repeated DIHE parameter ( 18854): CG32  CG30  NG31  CG32 is replaced
 PARRDR> Error: Repeated DIHE parameter ( 18855): CG32  CG30  NG31  CG32 is replaced
 PARRDR> Error: Repeated DIHE parameter ( 18856): CG32  CG30  NG31  CG32 is replaced
 PARRDR> Error: Repeated DIHE parameter ( 22593): CG31  CG32  CG32  NG31 is replaced
 PARRDR> Error: Repeated DIHE parameter ( 22593): CG31  CG32  CG32  NG31 is replaced
 PARRDR> Error: Repeated DIHE parameter ( 22574): CG30  CG32  CG32  NG31 is replaced
 PARRDR> Error: Repeated DIHE parameter ( 22574): CG30  CG32  CG32  NG31 is replaced
 PARRDR> Error: Repeated DIHE parameter (  3635): CG33  CG2D  CG32  CG30 is replaced
 PARRDR> Error: Repeated DIHE parameter ( 18812): CG32  CG30  NG2S  HGP1 is replaced
 PARRDR> Error: Repeated DIHE parameter ( 18326): CG2O  CG30  CG32  HGA2 is replaced
 PARRDR> Error: Repeated DIHE parameter ( 19875): CG33  CG31  CG32  OG30 is replaced
 PARRDR> Error: Repeated DIHE parameter ( 22793): NG31  CG32  CG32  OG30 is replaced
 PARRDR> Error: Repeated DIHE parameter ( 22793): NG31  CG32  CG32  OG30 is replaced
 PARRDR> Error: Repeated DIHE parameter ( 19648): CG2O  CG31  CG32  CG31 is replaced
 PARRDR> Error: Repeated DIHE parameter ( 18869): CG33  CG30  NG31  HGPA is replaced
 PARRDR> Error: Repeated DIHE parameter ( 18870): CG33  CG30  NG31  HGPA is replaced
 PARRDR> Error: Repeated DIHE parameter ( 22754): NG2R  CG32  CG32  HGA2 is replaced
 PARRDR> Error: Repeated DIHE parameter ( 18636): NG2S  CG30  CG33  HGA3 is replaced
 PARRDR> Error: Repeated DIHE parameter ( 19987): NG31  CG31  CG32  CG30 is replaced
 PARRDR> Error: Repeated DIHE parameter ( 19684): CG2O  CG31  CG32  HGA2 is replaced
 PARRDR> Error: Repeated DIHE parameter ( 18382): CG32  CG30  CG32  CG2D is replaced
 PARRDR> Error: Repeated DIHE parameter ( 18473): NG31  CG30  CG32  CG32 is replaced
 PARRDR> Error: Repeated DIHE parameter ( 19929): NG2R  CG31  CG32  CG31 is replaced
 PARRDR> Error: Repeated DIHE parameter ( 19955): NG2S  CG31  CG32  CG30 is replaced
 PARRDR> Error: Repeated DIHE parameter ( 21265): HGA1  CG31  NG31  CG32 is replaced
 PARRDR> Error: Repeated DIHE parameter ( 22367): CG2D  CG32  CG32  CG30 is replaced
 PARRDR> Error: Repeated DIHE parameter ( 22368): CG2D  CG32  CG32  CG30 is replaced
 PARRDR> Error: Repeated DIHE parameter ( 22369): CG2D  CG32  CG32  CG30 is replaced
 PARRDR> Error: Repeated DIHE parameter ( 22367): CG2D  CG32  CG32  CG30 is replaced
 PARRDR> Error: Repeated DIHE parameter ( 22368): CG2D  CG32  CG32  CG30 is replaced
 PARRDR> Error: Repeated DIHE parameter ( 22369): CG2D  CG32  CG32  CG30 is replaced
 PARRDR> Error: Repeated DIHE parameter ( 22367): CG2D  CG32  CG32  CG30 is replaced
 PARRDR> Error: Repeated DIHE parameter ( 22368): CG2D  CG32  CG32  CG30 is replaced
 PARRDR> Error: Repeated DIHE parameter ( 22369): CG2D  CG32  CG32  CG30 is replaced
 PARRDR> Error: Repeated DIHE parameter (  6892): NG2S  CG2O  CG31  NG31 is replaced
 PARRDR> Error: Repeated DIHE parameter (  6893): NG2S  CG2O  CG31  NG31 is replaced
 PARRDR> Error: Repeated DIHE parameter ( 18324): CG2O  CG30  CG32  CG32 is replaced
 PARRDR> Error: Repeated DIHE parameter (  8752): OG2D  CG2O  CG31  CG32 is replaced
 PARRDR> Error: Repeated DIHE parameter (  8753): OG2D  CG2O  CG31  CG32 is replaced
 PARRDR> Error: Repeated DIHE parameter (  8754): OG2D  CG2O  CG31  CG32 is replaced
 PARRDR> Error: Repeated DIHE parameter (  8755): OG2D  CG2O  CG31  CG32 is replaced
 PARRDR> Error: Repeated DIHE parameter (  8752): OG2D  CG2O  CG31  CG32 is replaced
 PARRDR> Error: Repeated DIHE parameter (  8753): OG2D  CG2O  CG31  CG32 is replaced
 PARRDR> Error: Repeated DIHE parameter (  8754): OG2D  CG2O  CG31  CG32 is replaced
 PARRDR> Error: Repeated DIHE parameter (  8755): OG2D  CG2O  CG31  CG32 is replaced
 PARRDR> Error: Repeated DIHE parameter (  8752): OG2D  CG2O  CG31  CG32 is replaced
 PARRDR> Error: Repeated DIHE parameter (  8753): OG2D  CG2O  CG31  CG32 is replaced
 PARRDR> Error: Repeated DIHE parameter (  8754): OG2D  CG2O  CG31  CG32 is replaced
 PARRDR> Error: Repeated DIHE parameter (  8755): OG2D  CG2O  CG31  CG32 is replaced
 PARRDR> Error: Repeated DIHE parameter (  8752): OG2D  CG2O  CG31  CG32 is replaced
 PARRDR> Error: Repeated DIHE parameter (  8753): OG2D  CG2O  CG31  CG32 is replaced
 PARRDR> Error: Repeated DIHE parameter (  8754): OG2D  CG2O  CG31  CG32 is replaced
 PARRDR> Error: Repeated DIHE parameter (  8755): OG2D  CG2O  CG31  CG32 is replaced
 PARRDR> Error: Repeated DIHE parameter ( 18323): CG2O  CG30  CG32  CG30 is replaced
 PARRDR> Error: Repeated DIHE parameter ( 24235): CG32  CG32  NG31  CG31 is replaced
 PARRDR> Error: Repeated DIHE parameter ( 24236): CG32  CG32  NG31  CG31 is replaced
 PARRDR> Error: Repeated DIHE parameter ( 24237): CG32  CG32  NG31  CG31 is replaced
 PARRDR> Error: Repeated DIHE parameter ( 24235): CG32  CG32  NG31  CG31 is replaced
 PARRDR> Error: Repeated DIHE parameter ( 24236): CG32  CG32  NG31  CG31 is replaced
 PARRDR> Error: Repeated DIHE parameter ( 24237): CG32  CG32  NG31  CG31 is replaced
 PARRDR> Error: Repeated DIHE parameter ( 24235): CG32  CG32  NG31  CG31 is replaced
 PARRDR> Error: Repeated DIHE parameter ( 24236): CG32  CG32  NG31  CG31 is replaced
 PARRDR> Error: Repeated DIHE parameter ( 24237): CG32  CG32  NG31  CG31 is replaced
 PARRDR> Error: Repeated DIHE parameter ( 22590): CG31  CG32  CG32  NG2S is replaced
 PARRDR> Error: Repeated DIHE parameter ( 21463): NG31  CG31  OG31  HGP1 is replaced
 PARRDR> Error: Repeated DIHE parameter ( 21464): NG31  CG31  OG31  HGP1 is replaced
 PARRDR> Error: Repeated DIHE parameter ( 21465): NG31  CG31  OG31  HGP1 is replaced
 PARRDR> Error: Repeated DIHE parameter ( 21466): NG31  CG31  OG31  HGP1 is replaced
 PARRDR> Error: Repeated DIHE parameter ( 21463): NG31  CG31  OG31  HGP1 is replaced
 PARRDR> Error: Repeated DIHE parameter ( 21464): NG31  CG31  OG31  HGP1 is replaced
 PARRDR> Error: Repeated DIHE parameter ( 21465): NG31  CG31  OG31  HGP1 is replaced
 PARRDR> Error: Repeated DIHE parameter ( 21466): NG31  CG31  OG31  HGP1 is replaced
 PARRDR> Error: Repeated DIHE parameter ( 19671): CG2O  CG31  CG32  CG30 is replaced
 PARRDR> Error: Repeated DIHE parameter ( 24150): CG2O  CG32  NG31  HGPA is replaced
 PARRDR> Error: Repeated DIHE parameter ( 24151): CG2O  CG32  NG31  HGPA is replaced
 PARRDR> Error: Repeated DIHE parameter ( 24152): CG2O  CG32  NG31  HGPA is replaced
 PARRDR> Error: Repeated DIHE parameter ( 18466): NG2S  CG30  CG32  CG32 is replaced
 PARRDR> Error: Repeated DIHE parameter ( 19673): CG2O  CG31  CG32  CG32 is replaced
 PARRDR> Error: Repeated DIHE parameter ( 19669): CG2O  CG31  CG32  CG2D is replaced
 PARRDR> Error: Repeated DIHE parameter (  7110): OG2D  CG2O  CG32  OG30 is replaced
 PARRDR> Error: Repeated DIHE parameter ( 19993): NG31  CG31  CG32  OG31 is replaced
 PARRDR> Error: Repeated DIHE parameter ( 19994): NG31  CG31  CG32  OG31 is replaced
 PARRDR> Error: Repeated DIHE parameter ( 19988): NG31  CG31  CG32  CG32 is replaced
 PARRDR> Error: Repeated DIHE parameter (  6949): OG2D  CG2O  CG31  NG31 is replaced
 PARRDR> Error: Repeated DIHE parameter (  6950): OG2D  CG2O  CG31  NG31 is replaced
 PARRDR> Error: Repeated DIHE parameter ( 19711): CG2R  CG31  CG32  CG32 is replaced
 PARRDR> Error: Repeated DIHE parameter ( 21359): CG33  CG31  OG30  CG32 is replaced
 PARRDR> Error: Repeated DIHE parameter ( 21360): CG33  CG31  OG30  CG32 is replaced
 PARRDR> Error: Repeated DIHE parameter ( 21359): CG33  CG31  OG30  CG32 is replaced
 PARRDR> Error: Repeated DIHE parameter ( 21360): CG33  CG31  OG30  CG32 is replaced
 PARRDR> Error: Repeated DIHE parameter ( 21189): CG32  CG31  NG31  HGPA is replaced
 PARRDR> Error: Repeated DIHE parameter ( 21215): CG33  CG31  NG31  HGPA is replaced
 PARRDR> Error: Repeated DIHE parameter ( 29520): HGA2  CG3C  NG2R  CG31 is replaced
 PARRDR> Error: Repeated DIHE parameter (  7816): OG2D  CG2O  CG2R  CG2R is replaced
 PARRDR> Error: Repeated DIHE parameter ( 21122): CG2O  CG31  NG31  HGPA is replaced
 PARRDR> Error: Repeated DIHE parameter ( 21123): CG2O  CG31  NG31  HGPA is replaced
 PARRDR> Error: Repeated DIHE parameter ( 21124): CG2O  CG31  NG31  HGPA is replaced
 PARRDR> Error: Repeated DIHE parameter (  3661): HGA4  CG2D  CG32  CG30 is replaced
 PARRDR> Error: Repeated DIHE parameter ( 18638): NG31  CG30  CG33  HGA3 is replaced
 PARRDR> Error: Repeated DIHE parameter ( 20746): HGA1  CG31  NG2R  CG3C is replaced
 PARRDR> Error: Repeated DIHE parameter (  8111): CG2R  CG2O  OG31  HGP1 is replaced
 PARRDR> Error: Repeated DIHE parameter (  8112): CG2R  CG2O  OG31  HGP1 is replaced
 PARRDR> Error: Repeated DIHE parameter (  8113): CG2R  CG2O  OG31  HGP1 is replaced
 PARRDR> Error: Repeated DIHE parameter (  8114): CG2R  CG2O  OG31  HGP1 is replaced
 PARRDR> Error: Repeated DIHE parameter (  8111): CG2R  CG2O  OG31  HGP1 is replaced
 PARRDR> Error: Repeated DIHE parameter (  8112): CG2R  CG2O  OG31  HGP1 is replaced
 PARRDR> Error: Repeated DIHE parameter (  8113): CG2R  CG2O  OG31  HGP1 is replaced
 PARRDR> Error: Repeated DIHE parameter (  8114): CG2R  CG2O  OG31  HGP1 is replaced
 PARRDR> Error: Repeated DIHE parameter (  8111): CG2R  CG2O  OG31  HGP1 is replaced
 PARRDR> Error: Repeated DIHE parameter (  8112): CG2R  CG2O  OG31  HGP1 is replaced
 PARRDR> Error: Repeated DIHE parameter (  8113): CG2R  CG2O  OG31  HGP1 is replaced
 PARRDR> Error: Repeated DIHE parameter (  8114): CG2R  CG2O  OG31  HGP1 is replaced
 PARRDR> Error: Repeated DIHE parameter (  8111): CG2R  CG2O  OG31  HGP1 is replaced
 PARRDR> Error: Repeated DIHE parameter (  8112): CG2R  CG2O  OG31  HGP1 is replaced
 PARRDR> Error: Repeated DIHE parameter (  8113): CG2R  CG2O  OG31  HGP1 is replaced
 PARRDR> Error: Repeated DIHE parameter (  8114): CG2R  CG2O  OG31  HGP1 is replaced
 PARRDR> Error: Repeated DIHE parameter ( 20374): NG31  CG31  CG33  HGA3 is replaced
 PARRDR> Error: Repeated DIHE parameter (  3636): CG33  CG2D  CG32  CG31 is replaced
 PARRDR> Error: Repeated DIHE parameter ( 23626): CG32  CG32  NG2R  CG2R is replaced
 PARRDR> Error: Repeated DIHE parameter ( 18813): CG33  CG30  NG2S  CG2O is replaced
 PARRDR> Error: Repeated DIHE parameter ( 14405): CG2R  CG2R  CG31  NG31 is replaced
 PARRDR> Error: Repeated DIHE parameter (  7055): NG2S  CG2O  CG32  OG30 is replaced
 PARRDR> Error: Repeated DIHE parameter (  7056): NG2S  CG2O  CG32  OG30 is replaced
 PARRDR> Error: Repeated DIHE parameter (  7057): NG2S  CG2O  CG32  OG30 is replaced
 PARRDR> Error: Repeated DIHE parameter ( 24487): HGA2  CG32  OG30  CG31 is replaced
 PARRDR> Error: Repeated DIHE parameter (  7874): OG2D  CG2O  CG30  CG33 is replaced
 PARRDR> Error: Repeated DIHE parameter ( 20351): CG2O  CG31  CG33  HGA3 is replaced
 PARRDR> Error: Repeated DIHE parameter ( 18406): CG33  CG30  CG32  CG2D is replaced
 PARRDR> Error: Repeated DIHE parameter ( 22365): CG2D  CG32  CG32  CG2O is replaced
 PARRDR> Error: Repeated DIHE parameter ( 18610): CG2O  CG30  CG33  HGA3 is replaced
 PARRDR> Error: Repeated DIHE parameter ( 22767): NG2S  CG32  CG32  OG30 is replaced
 PARRDR> Error: Repeated DIHE parameter ( 20742): CG32  CG31  NG2R  CG3C is replaced
 PARRDR> Error: Repeated DIHE parameter ( 20743): CG32  CG31  NG2R  CG3C is replaced
 PARRDR> Error: Repeated DIHE parameter ( 20744): CG32  CG31  NG2R  CG3C is replaced
 PARRDR> Error: Repeated DIHE parameter ( 19710): CG2R  CG31  CG32  CG30 is replaced
 PARRDR> Error: Repeated DIHE parameter ( 29493): CG3C  CG3C  NG2R  CG31 is replaced
 PARRDR> Error: Repeated DIHE parameter ( 29494): CG3C  CG3C  NG2R  CG31 is replaced
 PARRDR> Error: Repeated DIHE parameter ( 24494): CG2D  CG32  OG30  CG2O is replaced
 PARRDR> Error: Repeated DIHE parameter ( 24495): CG2D  CG32  OG30  CG2O is replaced
 PARRDR> Error: Repeated DIHE parameter (  9557): CG2O  CG2R  CG2R  CG2R is replaced
 PARRDR> Error: Repeated DIHE parameter (  7818): OG31  CG2O  CG2R  CG2R is replaced
 PARRDR> Error: Repeated DIHE parameter ( 18415): CG33  CG30  CG32  CG31 is replaced
 PARRDR> Error: Repeated DIHE parameter ( 18469): NG2S  CG30  CG32  HGA2 is replaced
 PARRDR> Error: Repeated DIHE parameter ( 19672): CG2O  CG31  CG32  CG31 is replaced
 PARRDR> Error: Repeated DIHE parameter (  6913): NG2S  CG2O  CG31  NG31 is replaced
 PARRDR> Error: Repeated DIHE parameter (  6914): NG2S  CG2O  CG31  NG31 is replaced
 PARRDR> Error: Repeated DIHE parameter ( 18810): CG32  CG30  NG2S  CG2O is replaced
 PARRDR> Error: Repeated DIHE parameter ( 20031): OG30  CG31  CG32  CG31 is replaced
 PARRDR> Error: Repeated DIHE parameter ( 20032): OG30  CG31  CG32  CG31 is replaced
 PARRDR> Error: Repeated DIHE parameter (  8689): CG32  CG2O  CG31  CG33 is replaced
 PARRDR> Error: Repeated DIHE parameter (  8690): CG32  CG2O  CG31  CG33 is replaced
 PARRDR> Error: Repeated DIHE parameter (  8691): CG32  CG2O  CG31  CG33 is replaced
 PARRDR> Error: Repeated DIHE parameter (  8692): CG32  CG2O  CG31  CG33 is replaced
 PARRDR> Error: Repeated DIHE parameter (  8689): CG32  CG2O  CG31  CG33 is replaced
 PARRDR> Error: Repeated DIHE parameter (  8690): CG32  CG2O  CG31  CG33 is replaced
 PARRDR> Error: Repeated DIHE parameter (  8691): CG32  CG2O  CG31  CG33 is replaced
 PARRDR> Error: Repeated DIHE parameter (  8692): CG32  CG2O  CG31  CG33 is replaced
 PARRDR> Error: Repeated DIHE parameter (  8689): CG32  CG2O  CG31  CG33 is replaced
 PARRDR> Error: Repeated DIHE parameter (  8690): CG32  CG2O  CG31  CG33 is replaced
 PARRDR> Error: Repeated DIHE parameter (  8691): CG32  CG2O  CG31  CG33 is replaced
 PARRDR> Error: Repeated DIHE parameter (  8692): CG32  CG2O  CG31  CG33 is replaced
 PARRDR> Error: Repeated DIHE parameter (  8689): CG32  CG2O  CG31  CG33 is replaced
 PARRDR> Error: Repeated DIHE parameter (  8690): CG32  CG2O  CG31  CG33 is replaced
 PARRDR> Error: Repeated DIHE parameter (  8691): CG32  CG2O  CG31  CG33 is replaced
 PARRDR> Error: Repeated DIHE parameter (  8692): CG32  CG2O  CG31  CG33 is replaced
 PARRDR> Error: Repeated DIHE parameter (  8918): CG31  CG2O  CG32  HGA2 is replaced
 PARRDR> Error: Repeated DIHE parameter (  8712): CG32  CG2O  CG31  HGA1 is replaced
 PARRDR> Error: Repeated DIHE parameter (  3545): CG2D  CG2D  CG32  CG2O is replaced
 PARRDR> Error: Repeated DIHE parameter (  3546): CG2D  CG2D  CG32  CG2O is replaced
 PARRDR> Error: Repeated DIHE parameter (  3547): CG2D  CG2D  CG32  CG2O is replaced
 PARRDR> Error: Repeated DIHE parameter (  3548): CG2D  CG2D  CG32  CG2O is replaced
 PARRDR> Error: Repeated DIHE parameter (  3549): CG2D  CG2D  CG32  CG2O is replaced
 PARRDR> Error: Repeated DIHE parameter (  3545): CG2D  CG2D  CG32  CG2O is replaced
 PARRDR> Error: Repeated DIHE parameter (  3546): CG2D  CG2D  CG32  CG2O is replaced
 PARRDR> Error: Repeated DIHE parameter (  3547): CG2D  CG2D  CG32  CG2O is replaced
 PARRDR> Error: Repeated DIHE parameter (  3548): CG2D  CG2D  CG32  CG2O is replaced
 PARRDR> Error: Repeated DIHE parameter (  3549): CG2D  CG2D  CG32  CG2O is replaced
 PARRDR> Error: Repeated DIHE parameter (  3545): CG2D  CG2D  CG32  CG2O is replaced
 PARRDR> Error: Repeated DIHE parameter (  3546): CG2D  CG2D  CG32  CG2O is replaced
 PARRDR> Error: Repeated DIHE parameter (  3547): CG2D  CG2D  CG32  CG2O is replaced
 PARRDR> Error: Repeated DIHE parameter (  3548): CG2D  CG2D  CG32  CG2O is replaced
 PARRDR> Error: Repeated DIHE parameter (  3549): CG2D  CG2D  CG32  CG2O is replaced
 PARRDR> Error: Repeated DIHE parameter (  3545): CG2D  CG2D  CG32  CG2O is replaced
 PARRDR> Error: Repeated DIHE parameter (  3546): CG2D  CG2D  CG32  CG2O is replaced
 PARRDR> Error: Repeated DIHE parameter (  3547): CG2D  CG2D  CG32  CG2O is replaced
 PARRDR> Error: Repeated DIHE parameter (  3548): CG2D  CG2D  CG32  CG2O is replaced
 PARRDR> Error: Repeated DIHE parameter (  3549): CG2D  CG2D  CG32  CG2O is replaced
 PARRDR> Error: Repeated DIHE parameter (  9003): OG2D  CG2O  CG32  CG2D is replaced
 PARRDR> Error: Repeated DIHE parameter (  9004): OG2D  CG2O  CG32  CG2D is replaced
 PARRDR> Error: Repeated DIHE parameter (  7767): OG2D  CG2O  NG2S  CG2O is replaced
 PARRDR> Error: Repeated DIHE parameter (  7688): CG32  CG2O  NG2S  CG2O is replaced
 PARRDR> Error: Repeated DIHE parameter (  7688): CG32  CG2O  NG2S  CG2O is replaced
 PARRDR> Error: Repeated DIHE parameter (  8930): CG32  CG2O  CG32  CG2O is replaced
 PARRDR> Error: Repeated DIHE parameter (  8931): CG32  CG2O  CG32  CG2O is replaced
 PARRDR> Error: Repeated DIHE parameter (  8932): CG32  CG2O  CG32  CG2O is replaced
 PARRDR> Error: Repeated DIHE parameter (  8933): CG32  CG2O  CG32  CG2O is replaced
 PARRDR> Error: Repeated DIHE parameter (  8934): CG32  CG2O  CG32  CG2O is replaced
 PARRDR> Error: Repeated DIHE parameter (  8930): CG32  CG2O  CG32  CG2O is replaced
 PARRDR> Error: Repeated DIHE parameter (  8931): CG32  CG2O  CG32  CG2O is replaced
 PARRDR> Error: Repeated DIHE parameter (  8932): CG32  CG2O  CG32  CG2O is replaced
 PARRDR> Error: Repeated DIHE parameter (  8933): CG32  CG2O  CG32  CG2O is replaced
 PARRDR> Error: Repeated DIHE parameter (  8934): CG32  CG2O  CG32  CG2O is replaced
 PARRDR> Error: Repeated DIHE parameter (  8930): CG32  CG2O  CG32  CG2O is replaced
 PARRDR> Error: Repeated DIHE parameter (  8931): CG32  CG2O  CG32  CG2O is replaced
 PARRDR> Error: Repeated DIHE parameter (  8932): CG32  CG2O  CG32  CG2O is replaced
 PARRDR> Error: Repeated DIHE parameter (  8933): CG32  CG2O  CG32  CG2O is replaced
 PARRDR> Error: Repeated DIHE parameter (  8934): CG32  CG2O  CG32  CG2O is replaced
 PARRDR> Error: Repeated DIHE parameter (  8930): CG32  CG2O  CG32  CG2O is replaced
 PARRDR> Error: Repeated DIHE parameter (  8931): CG32  CG2O  CG32  CG2O is replaced
 PARRDR> Error: Repeated DIHE parameter (  8932): CG32  CG2O  CG32  CG2O is replaced
 PARRDR> Error: Repeated DIHE parameter (  8933): CG32  CG2O  CG32  CG2O is replaced
 PARRDR> Error: Repeated DIHE parameter (  8934): CG32  CG2O  CG32  CG2O is replaced
 PARRDR> Error: Repeated DIHE parameter (  7089): OG2D  CG2O  CG32  CG2O is replaced
 PARRDR> Error: Repeated DIHE parameter (  7090): OG2D  CG2O  CG32  CG2O is replaced
 PARRDR> Error: Repeated DIHE parameter (  9005): OG2D  CG2O  CG32  CG2O is replaced
 PARRDR> Error: Repeated DIHE parameter (  9006): OG2D  CG2O  CG32  CG2O is replaced
 PARRDR> Error: Repeated DIHE parameter (  9007): OG2D  CG2O  CG32  CG2O is replaced
 PARRDR> Error: Repeated DIHE parameter (  8659): CG32  CG2O  CG31  CG2O is replaced
 PARRDR> Error: Repeated DIHE parameter (  8660): CG32  CG2O  CG31  CG2O is replaced
 PARRDR> Error: Repeated DIHE parameter (  8661): CG32  CG2O  CG31  CG2O is replaced
 PARRDR> Error: Repeated DIHE parameter (  8659): CG32  CG2O  CG31  CG2O is replaced
 PARRDR> Error: Repeated DIHE parameter (  8660): CG32  CG2O  CG31  CG2O is replaced
 PARRDR> Error: Repeated DIHE parameter (  8661): CG32  CG2O  CG31  CG2O is replaced
 PARRDR> Error: Repeated DIHE parameter (  8659): CG32  CG2O  CG31  CG2O is replaced
 PARRDR> Error: Repeated DIHE parameter (  8660): CG32  CG2O  CG31  CG2O is replaced
 PARRDR> Error: Repeated DIHE parameter (  8661): CG32  CG2O  CG31  CG2O is replaced
 PARRDR> Error: Repeated DIHE parameter (  8659): CG32  CG2O  CG31  CG2O is replaced
 PARRDR> Error: Repeated DIHE parameter (  8660): CG32  CG2O  CG31  CG2O is replaced
 PARRDR> Error: Repeated DIHE parameter (  8661): CG32  CG2O  CG31  CG2O is replaced
 PARRDR> Error: Repeated DIHE parameter (  8662): CG32  CG2O  CG31  CG2O is replaced
 PARRDR> Error: Repeated DIHE parameter (  8663): CG32  CG2O  CG31  CG2O is replaced
 PARRDR> Error: Repeated DIHE parameter (  8664): CG32  CG2O  CG31  CG2O is replaced
 PARRDR> Error: Repeated DIHE parameter (  8662): CG32  CG2O  CG31  CG2O is replaced
 PARRDR> Error: Repeated DIHE parameter (  8663): CG32  CG2O  CG31  CG2O is replaced
 PARRDR> Error: Repeated DIHE parameter (  8664): CG32  CG2O  CG31  CG2O is replaced
 PARRDR> Error: Repeated DIHE parameter (  8662): CG32  CG2O  CG31  CG2O is replaced
 PARRDR> Error: Repeated DIHE parameter (  8663): CG32  CG2O  CG31  CG2O is replaced
 PARRDR> Error: Repeated DIHE parameter (  8664): CG32  CG2O  CG31  CG2O is replaced
 PARRDR> Error: Repeated DIHE parameter (  8662): CG32  CG2O  CG31  CG2O is replaced
 PARRDR> Error: Repeated DIHE parameter (  8663): CG32  CG2O  CG31  CG2O is replaced
 PARRDR> Error: Repeated DIHE parameter (  8664): CG32  CG2O  CG31  CG2O is replaced
 PARRDR> Error: Repeated DIHE parameter (  8556): CG32  CG2O  CG30  CG32 is replaced
 PARRDR> Error: Repeated DIHE parameter (  8557): CG32  CG2O  CG30  CG32 is replaced
 PARRDR> Error: Repeated DIHE parameter (  8558): CG32  CG2O  CG30  CG32 is replaced
 PARRDR> Error: Repeated DIHE parameter (  8559): CG32  CG2O  CG30  CG32 is replaced
 PARRDR> Error: Repeated DIHE parameter (  8556): CG32  CG2O  CG30  CG32 is replaced
 PARRDR> Error: Repeated DIHE parameter (  8557): CG32  CG2O  CG30  CG32 is replaced
 PARRDR> Error: Repeated DIHE parameter (  8558): CG32  CG2O  CG30  CG32 is replaced
 PARRDR> Error: Repeated DIHE parameter (  8559): CG32  CG2O  CG30  CG32 is replaced
 PARRDR> Error: Repeated DIHE parameter (  8556): CG32  CG2O  CG30  CG32 is replaced
 PARRDR> Error: Repeated DIHE parameter (  8557): CG32  CG2O  CG30  CG32 is replaced
 PARRDR> Error: Repeated DIHE parameter (  8558): CG32  CG2O  CG30  CG32 is replaced
 PARRDR> Error: Repeated DIHE parameter (  8559): CG32  CG2O  CG30  CG32 is replaced
 PARRDR> Error: Repeated DIHE parameter (  8556): CG32  CG2O  CG30  CG32 is replaced
 PARRDR> Error: Repeated DIHE parameter (  8557): CG32  CG2O  CG30  CG32 is replaced
 PARRDR> Error: Repeated DIHE parameter (  8558): CG32  CG2O  CG30  CG32 is replaced
 PARRDR> Error: Repeated DIHE parameter (  8559): CG32  CG2O  CG30  CG32 is replaced
 PARRDR> Error: Repeated DIHE parameter ( 19802): CG32  CG31  CG32  CG2O is replaced
 PARRDR> Error: Repeated DIHE parameter ( 19802): CG32  CG31  CG32  CG2O is replaced
 PARRDR> Error: Repeated DIHE parameter ( 19802): CG32  CG31  CG32  CG2O is replaced
 PARRDR> Error: Repeated DIHE parameter ( 19802): CG32  CG31  CG32  CG2O is replaced
 PARRDR> Error: Repeated DIHE parameter ( 19802): CG32  CG31  CG32  CG2O is replaced
 PARRDR> Error: Repeated DIHE parameter ( 19676): CG2O  CG31  CG32  NG2S is replaced
 PARRDR> Error: Repeated DIHE parameter (  8560): CG32  CG2O  CG30  CG33 is replaced
 PARRDR> Error: Repeated DIHE parameter (  8561): CG32  CG2O  CG30  CG33 is replaced
 PARRDR> Error: Repeated DIHE parameter (  8562): CG32  CG2O  CG30  CG33 is replaced
 PARRDR> Error: Repeated DIHE parameter (  8563): CG32  CG2O  CG30  CG33 is replaced
 PARRDR> Error: Repeated DIHE parameter (  8564): CG32  CG2O  CG30  CG33 is replaced
 PARRDR> Error: Repeated DIHE parameter (  8560): CG32  CG2O  CG30  CG33 is replaced
 PARRDR> Error: Repeated DIHE parameter (  8561): CG32  CG2O  CG30  CG33 is replaced
 PARRDR> Error: Repeated DIHE parameter (  8562): CG32  CG2O  CG30  CG33 is replaced
 PARRDR> Error: Repeated DIHE parameter (  8563): CG32  CG2O  CG30  CG33 is replaced
 PARRDR> Error: Repeated DIHE parameter (  8564): CG32  CG2O  CG30  CG33 is replaced
 PARRDR> Error: Repeated DIHE parameter (  8560): CG32  CG2O  CG30  CG33 is replaced
 PARRDR> Error: Repeated DIHE parameter (  8561): CG32  CG2O  CG30  CG33 is replaced
 PARRDR> Error: Repeated DIHE parameter (  8562): CG32  CG2O  CG30  CG33 is replaced
 PARRDR> Error: Repeated DIHE parameter (  8563): CG32  CG2O  CG30  CG33 is replaced
 PARRDR> Error: Repeated DIHE parameter (  8564): CG32  CG2O  CG30  CG33 is replaced
 PARRDR> Error: Repeated DIHE parameter (  8560): CG32  CG2O  CG30  CG33 is replaced
 PARRDR> Error: Repeated DIHE parameter (  8561): CG32  CG2O  CG30  CG33 is replaced
 PARRDR> Error: Repeated DIHE parameter (  8562): CG32  CG2O  CG30  CG33 is replaced
 PARRDR> Error: Repeated DIHE parameter (  8563): CG32  CG2O  CG30  CG33 is replaced
 PARRDR> Error: Repeated DIHE parameter (  8564): CG32  CG2O  CG30  CG33 is replaced
 PARRDR> Error: Repeated DIHE parameter ( 19860): CG33  CG31  CG32  CG2O is replaced
 PARRDR> Error: Repeated DIHE parameter ( 19860): CG33  CG31  CG32  CG2O is replaced
 PARRDR> Error: Repeated DIHE parameter ( 19860): CG33  CG31  CG32  CG2O is replaced
 PARRDR> Error: Repeated DIHE parameter ( 19860): CG33  CG31  CG32  CG2O is replaced
 PARRDR> Error: Repeated DIHE parameter ( 19860): CG33  CG31  CG32  CG2O is replaced
 PARRDR> Error: Repeated DIHE parameter ( 18337): CG2O  CG30  CG32  CG32 is replaced
 PARRDR> Error: Repeated DIHE parameter ( 18338): CG2O  CG30  CG32  CG32 is replaced
 PARRDR> Error: Repeated DIHE parameter (  8947): CG32  CG2O  CG32  CG31 is replaced
 PARRDR> Error: Repeated DIHE parameter (  8948): CG32  CG2O  CG32  CG31 is replaced
 PARRDR> Error: Repeated DIHE parameter (  8949): CG32  CG2O  CG32  CG31 is replaced
 PARRDR> Error: Repeated DIHE parameter (  8950): CG32  CG2O  CG32  CG31 is replaced
 PARRDR> Error: Repeated DIHE parameter (  8947): CG32  CG2O  CG32  CG31 is replaced
 PARRDR> Error: Repeated DIHE parameter (  8948): CG32  CG2O  CG32  CG31 is replaced
 PARRDR> Error: Repeated DIHE parameter (  8949): CG32  CG2O  CG32  CG31 is replaced
 PARRDR> Error: Repeated DIHE parameter (  8950): CG32  CG2O  CG32  CG31 is replaced
 PARRDR> Error: Repeated DIHE parameter (  8947): CG32  CG2O  CG32  CG31 is replaced
 PARRDR> Error: Repeated DIHE parameter (  8948): CG32  CG2O  CG32  CG31 is replaced
 PARRDR> Error: Repeated DIHE parameter (  8949): CG32  CG2O  CG32  CG31 is replaced
 PARRDR> Error: Repeated DIHE parameter (  8950): CG32  CG2O  CG32  CG31 is replaced
 PARRDR> Error: Repeated DIHE parameter (  8947): CG32  CG2O  CG32  CG31 is replaced
 PARRDR> Error: Repeated DIHE parameter (  8948): CG32  CG2O  CG32  CG31 is replaced
 PARRDR> Error: Repeated DIHE parameter (  8949): CG32  CG2O  CG32  CG31 is replaced
 PARRDR> Error: Repeated DIHE parameter (  8950): CG32  CG2O  CG32  CG31 is replaced
 PARRDR> Error: Repeated DIHE parameter ( 19705): CG2R  CG31  CG32  CG2O is replaced
 PARRDR> Error: Repeated DIHE parameter (  8590): OG2D  CG2O  CG30  CG33 is replaced
 PARRDR> Error: Repeated DIHE parameter (  8591): OG2D  CG2O  CG30  CG33 is replaced
 PARRDR> Error: Repeated DIHE parameter (  8592): OG2D  CG2O  CG30  CG33 is replaced
 PARRDR> Error: Repeated DIHE parameter (  8593): OG2D  CG2O  CG30  CG33 is replaced
 PARRDR> Error: Repeated DIHE parameter (  8594): OG2D  CG2O  CG30  CG33 is replaced
 PARRDR> Error: Repeated DIHE parameter (  8590): OG2D  CG2O  CG30  CG33 is replaced
 PARRDR> Error: Repeated DIHE parameter (  8591): OG2D  CG2O  CG30  CG33 is replaced
 PARRDR> Error: Repeated DIHE parameter (  8592): OG2D  CG2O  CG30  CG33 is replaced
 PARRDR> Error: Repeated DIHE parameter (  8593): OG2D  CG2O  CG30  CG33 is replaced
 PARRDR> Error: Repeated DIHE parameter (  8594): OG2D  CG2O  CG30  CG33 is replaced
 PARRDR> Error: Repeated DIHE parameter (  8590): OG2D  CG2O  CG30  CG33 is replaced
 PARRDR> Error: Repeated DIHE parameter (  8591): OG2D  CG2O  CG30  CG33 is replaced
 PARRDR> Error: Repeated DIHE parameter (  8592): OG2D  CG2O  CG30  CG33 is replaced
 PARRDR> Error: Repeated DIHE parameter (  8593): OG2D  CG2O  CG30  CG33 is replaced
 PARRDR> Error: Repeated DIHE parameter (  8594): OG2D  CG2O  CG30  CG33 is replaced
 PARRDR> Error: Repeated DIHE parameter (  8590): OG2D  CG2O  CG30  CG33 is replaced
 PARRDR> Error: Repeated DIHE parameter (  8591): OG2D  CG2O  CG30  CG33 is replaced
 PARRDR> Error: Repeated DIHE parameter (  8592): OG2D  CG2O  CG30  CG33 is replaced
 PARRDR> Error: Repeated DIHE parameter (  8593): OG2D  CG2O  CG30  CG33 is replaced
 PARRDR> Error: Repeated DIHE parameter (  8594): OG2D  CG2O  CG30  CG33 is replaced
 PARRDR> Error: Repeated DIHE parameter (  8665): CG32  CG2O  CG31  CG2R is replaced
 PARRDR> Error: Repeated DIHE parameter (  8666): CG32  CG2O  CG31  CG2R is replaced
 PARRDR> Error: Repeated DIHE parameter (  8665): CG32  CG2O  CG31  CG2R is replaced
 PARRDR> Error: Repeated DIHE parameter (  8666): CG32  CG2O  CG31  CG2R is replaced
 PARRDR> Error: Repeated DIHE parameter (  8665): CG32  CG2O  CG31  CG2R is replaced
 PARRDR> Error: Repeated DIHE parameter (  8666): CG32  CG2O  CG31  CG2R is replaced
 PARRDR> Error: Repeated DIHE parameter (  8665): CG32  CG2O  CG31  CG2R is replaced
 PARRDR> Error: Repeated DIHE parameter (  8666): CG32  CG2O  CG31  CG2R is replaced
 PARRDR> Error: Repeated DIHE parameter (  8656): CG32  CG2O  CG31  CG2O is replaced
 PARRDR> Error: Repeated DIHE parameter (  8657): CG32  CG2O  CG31  CG2O is replaced
 PARRDR> Error: Repeated DIHE parameter (  8658): CG32  CG2O  CG31  CG2O is replaced
 PARRDR> Error: Repeated DIHE parameter (  8656): CG32  CG2O  CG31  CG2O is replaced
 PARRDR> Error: Repeated DIHE parameter (  8657): CG32  CG2O  CG31  CG2O is replaced
 PARRDR> Error: Repeated DIHE parameter (  8658): CG32  CG2O  CG31  CG2O is replaced
 PARRDR> Error: Repeated DIHE parameter (  8656): CG32  CG2O  CG31  CG2O is replaced
 PARRDR> Error: Repeated DIHE parameter (  8657): CG32  CG2O  CG31  CG2O is replaced
 PARRDR> Error: Repeated DIHE parameter (  8658): CG32  CG2O  CG31  CG2O is replaced
 PARRDR> Error: Repeated DIHE parameter (  8656): CG32  CG2O  CG31  CG2O is replaced
 PARRDR> Error: Repeated DIHE parameter (  8657): CG32  CG2O  CG31  CG2O is replaced
 PARRDR> Error: Repeated DIHE parameter (  8658): CG32  CG2O  CG31  CG2O is replaced
 PARRDR> Error: Repeated DIHE parameter (  8693): CG32  CG2O  CG31  NG2R is replaced
 PARRDR> Error: Repeated DIHE parameter (  8694): CG32  CG2O  CG31  NG2R is replaced
 PARRDR> Error: Repeated DIHE parameter ( 18343): CG2O  CG30  CG32  HGA2 is replaced
 PARRDR> Error: Repeated DIHE parameter (  8730): OG2D  CG2O  CG31  CG2O is replaced
 PARRDR> Error: Repeated DIHE parameter (  8731): OG2D  CG2O  CG31  CG2O is replaced
 PARRDR> Error: Repeated DIHE parameter (  8586): OG2D  CG2O  CG30  CG32 is replaced
 PARRDR> Error: Repeated DIHE parameter (  8587): OG2D  CG2O  CG30  CG32 is replaced
 PARRDR> Error: Repeated DIHE parameter (  8588): OG2D  CG2O  CG30  CG32 is replaced
 PARRDR> Error: Repeated DIHE parameter (  8589): OG2D  CG2O  CG30  CG32 is replaced
 PARRDR> Error: Repeated DIHE parameter (  8586): OG2D  CG2O  CG30  CG32 is replaced
 PARRDR> Error: Repeated DIHE parameter (  8587): OG2D  CG2O  CG30  CG32 is replaced
 PARRDR> Error: Repeated DIHE parameter (  8588): OG2D  CG2O  CG30  CG32 is replaced
 PARRDR> Error: Repeated DIHE parameter (  8589): OG2D  CG2O  CG30  CG32 is replaced
 PARRDR> Error: Repeated DIHE parameter (  8586): OG2D  CG2O  CG30  CG32 is replaced
 PARRDR> Error: Repeated DIHE parameter (  8587): OG2D  CG2O  CG30  CG32 is replaced
 PARRDR> Error: Repeated DIHE parameter (  8588): OG2D  CG2O  CG30  CG32 is replaced
 PARRDR> Error: Repeated DIHE parameter (  8589): OG2D  CG2O  CG30  CG32 is replaced
 PARRDR> Error: Repeated DIHE parameter (  8586): OG2D  CG2O  CG30  CG32 is replaced
 PARRDR> Error: Repeated DIHE parameter (  8587): OG2D  CG2O  CG30  CG32 is replaced
 PARRDR> Error: Repeated DIHE parameter (  8588): OG2D  CG2O  CG30  CG32 is replaced
 PARRDR> Error: Repeated DIHE parameter (  8589): OG2D  CG2O  CG30  CG32 is replaced
 PARRDR> Error: Repeated DIHE parameter (  8883): CG30  CG2O  CG32  HGA2 is replaced
 PARRDR> Error: Repeated DIHE parameter (  8724): OG2D  CG2O  CG31  CG2O is replaced
 PARRDR> Error: Repeated DIHE parameter (  8725): OG2D  CG2O  CG31  CG2O is replaced
 PARRDR> Error: Repeated DIHE parameter ( 20067): OG31  CG31  CG32  NG2S is replaced
 PARRDR> Error: Repeated DIHE parameter (  8700): CG32  CG2O  CG31  OG31 is replaced
 PARRDR> Error: Repeated DIHE parameter (  8701): CG32  CG2O  CG31  OG31 is replaced
 PARRDR> Error: Repeated DIHE parameter (  8702): CG32  CG2O  CG31  OG31 is replaced
 PARRDR> Error: Repeated DIHE parameter (  8703): CG32  CG2O  CG31  OG31 is replaced
 PARRDR> Error: Repeated DIHE parameter (  8700): CG32  CG2O  CG31  OG31 is replaced
 PARRDR> Error: Repeated DIHE parameter (  8701): CG32  CG2O  CG31  OG31 is replaced
 PARRDR> Error: Repeated DIHE parameter (  8702): CG32  CG2O  CG31  OG31 is replaced
 PARRDR> Error: Repeated DIHE parameter (  8703): CG32  CG2O  CG31  OG31 is replaced
 PARRDR> Error: Repeated DIHE parameter (  8700): CG32  CG2O  CG31  OG31 is replaced
 PARRDR> Error: Repeated DIHE parameter (  8701): CG32  CG2O  CG31  OG31 is replaced
 PARRDR> Error: Repeated DIHE parameter (  8702): CG32  CG2O  CG31  OG31 is replaced
 PARRDR> Error: Repeated DIHE parameter (  8703): CG32  CG2O  CG31  OG31 is replaced
 PARRDR> Error: Repeated DIHE parameter (  8700): CG32  CG2O  CG31  OG31 is replaced
 PARRDR> Error: Repeated DIHE parameter (  8701): CG32  CG2O  CG31  OG31 is replaced
 PARRDR> Error: Repeated DIHE parameter (  8702): CG32  CG2O  CG31  OG31 is replaced
 PARRDR> Error: Repeated DIHE parameter (  8703): CG32  CG2O  CG31  OG31 is replaced
 PARRDR> Error: Repeated DIHE parameter (  9017): OG2D  CG2O  CG32  CG31 is replaced
 PARRDR> Error: Repeated DIHE parameter (  9018): OG2D  CG2O  CG32  CG31 is replaced
 PARRDR> Error: Repeated DIHE parameter (  9019): OG2D  CG2O  CG32  CG31 is replaced
 PARRDR> Error: Repeated DIHE parameter (  9020): OG2D  CG2O  CG32  CG31 is replaced
 PARRDR> Error: Repeated DIHE parameter (  9017): OG2D  CG2O  CG32  CG31 is replaced
 PARRDR> Error: Repeated DIHE parameter (  9018): OG2D  CG2O  CG32  CG31 is replaced
 PARRDR> Error: Repeated DIHE parameter (  9019): OG2D  CG2O  CG32  CG31 is replaced
 PARRDR> Error: Repeated DIHE parameter (  9020): OG2D  CG2O  CG32  CG31 is replaced
 PARRDR> Error: Repeated DIHE parameter (  9017): OG2D  CG2O  CG32  CG31 is replaced
 PARRDR> Error: Repeated DIHE parameter (  9018): OG2D  CG2O  CG32  CG31 is replaced
 PARRDR> Error: Repeated DIHE parameter (  9019): OG2D  CG2O  CG32  CG31 is replaced
 PARRDR> Error: Repeated DIHE parameter (  9020): OG2D  CG2O  CG32  CG31 is replaced
 PARRDR> Error: Repeated DIHE parameter (  9017): OG2D  CG2O  CG32  CG31 is replaced
 PARRDR> Error: Repeated DIHE parameter (  9018): OG2D  CG2O  CG32  CG31 is replaced
 PARRDR> Error: Repeated DIHE parameter (  9019): OG2D  CG2O  CG32  CG31 is replaced
 PARRDR> Error: Repeated DIHE parameter (  9020): OG2D  CG2O  CG32  CG31 is replaced
 PARRDR> Error: Repeated DIHE parameter (  8765): OG2D  CG2O  CG31  NG2R is replaced
 PARRDR> Error: Repeated DIHE parameter (  8766): OG2D  CG2O  CG31  NG2R is replaced
 PARRDR> Error: Repeated DIHE parameter (  8728): OG2D  CG2O  CG31  CG2O is replaced
 PARRDR> Error: Repeated DIHE parameter (  8729): OG2D  CG2O  CG31  CG2O is replaced
 PARRDR> Error: Repeated DIHE parameter (  7887): OG2D  CG2O  CG31  CG2O is replaced
 PARRDR> Error: Repeated DIHE parameter (  7888): OG2D  CG2O  CG31  CG2O is replaced
 PARRDR> Error: Repeated DIHE parameter (  8680): CG32  CG2O  CG31  CG32 is replaced
 PARRDR> Error: Repeated DIHE parameter (  8681): CG32  CG2O  CG31  CG32 is replaced
 PARRDR> Error: Repeated DIHE parameter (  8682): CG32  CG2O  CG31  CG32 is replaced
 PARRDR> Error: Repeated DIHE parameter (  8683): CG32  CG2O  CG31  CG32 is replaced
 PARRDR> Error: Repeated DIHE parameter (  8680): CG32  CG2O  CG31  CG32 is replaced
 PARRDR> Error: Repeated DIHE parameter (  8681): CG32  CG2O  CG31  CG32 is replaced
 PARRDR> Error: Repeated DIHE parameter (  8682): CG32  CG2O  CG31  CG32 is replaced
 PARRDR> Error: Repeated DIHE parameter (  8683): CG32  CG2O  CG31  CG32 is replaced
 PARRDR> Error: Repeated DIHE parameter (  8680): CG32  CG2O  CG31  CG32 is replaced
 PARRDR> Error: Repeated DIHE parameter (  8681): CG32  CG2O  CG31  CG32 is replaced
 PARRDR> Error: Repeated DIHE parameter (  8682): CG32  CG2O  CG31  CG32 is replaced
 PARRDR> Error: Repeated DIHE parameter (  8683): CG32  CG2O  CG31  CG32 is replaced
 PARRDR> Error: Repeated DIHE parameter (  8680): CG32  CG2O  CG31  CG32 is replaced
 PARRDR> Error: Repeated DIHE parameter (  8681): CG32  CG2O  CG31  CG32 is replaced
 PARRDR> Error: Repeated DIHE parameter (  8682): CG32  CG2O  CG31  CG32 is replaced
 PARRDR> Error: Repeated DIHE parameter (  8683): CG32  CG2O  CG31  CG32 is replaced
 PARRDR> Error: Repeated DIHE parameter (  3633): CG33  CG2D  CG32  CG2O is replaced
 PARRDR> Error: Repeated DIHE parameter (  3634): CG33  CG2D  CG32  CG2O is replaced
 PARRDR> Error: Repeated DIHE parameter (  8732): OG2D  CG2O  CG31  CG2R is replaced
 PARRDR> Error: Repeated DIHE parameter (  8733): OG2D  CG2O  CG31  CG2R is replaced
 PARRDR> Error: Repeated DIHE parameter (  8734): OG2D  CG2O  CG31  CG2R is replaced
 PARRDR> Error: Repeated DIHE parameter (  8850): CG2O  CG2O  CG32  HGA2 is replaced
 PARRDR> Error: Repeated DIHE parameter ( 18612): CG2O  CG30  CG33  HGA3 is replaced
 PARRDR> Error: Repeated DIHE parameter ( 19641): CG2O  CG31  CG32  NG2S is replaced
 PARRDR> Error: Repeated DIHE parameter (  8231): OG2D  CG2O  CG31  CG2O is replaced
 PARRDR> Error: Repeated DIHE parameter ( 20196): HGA1  CG31  CG32  CG2O is replaced
 PARRDR> Error: Repeated DIHE parameter (  8726): OG2D  CG2O  CG31  CG2O is replaced
 PARRDR> Error: Repeated DIHE parameter (  8727): OG2D  CG2O  CG31  CG2O is replaced
 PARRDR> Error: Repeated DIHE parameter ( 14384): CG2R  CG2R  CG31  CG2O is replaced
 PARRDR> Error: Repeated DIHE parameter (  7924): OG31  CG2O  CG31  CG2O is replaced
 PARRDR> Error: Repeated DIHE parameter (  7925): OG31  CG2O  CG31  CG2O is replaced
 PARRDR> Error: Repeated DIHE parameter (  7926): OG31  CG2O  CG31  CG2O is replaced
 PARRDR> Error: Repeated DIHE parameter (  8485): CG32  CG2O  CG2O  OG2D is replaced
 PARRDR> Error: Repeated DIHE parameter (  8486): CG32  CG2O  CG2O  OG2D is replaced
 PARRDR> Error: Repeated DIHE parameter ( 18407): CG33  CG30  CG32  CG2O is replaced
 PARRDR> Error: Repeated DIHE parameter ( 20733): CG2O  CG31  NG2R  CG2R is replaced
 PARRDR> Error: Repeated DIHE parameter (  6877): NG2S  CG2O  CG31  CG2O is replaced
 PARRDR> Error: Repeated DIHE parameter (  6878): NG2S  CG2O  CG31  CG2O is replaced
 PARRDR> Error: Repeated DIHE parameter (  6879): NG2S  CG2O  CG31  CG2O is replaced
 PARRDR> Error: Repeated DIHE parameter (  6880): NG2S  CG2O  CG31  CG2O is replaced
 PARRDR> Error: Repeated DIHE parameter (  6930): OG2D  CG2O  CG31  CG2O is replaced
 PARRDR> Error: Repeated DIHE parameter (  6931): OG2D  CG2O  CG31  CG2O is replaced
 PARRDR> Error: Repeated DIHE parameter ( 22512): CG2O  CG32  CG32  NG31 is replaced
 PARRDR> Error: Repeated DIHE parameter ( 22513): CG2O  CG32  CG32  NG31 is replaced
 PARRDR> Error: Repeated DIHE parameter ( 22514): CG2O  CG32  CG32  NG31 is replaced
 PARRDR> Error: Repeated DIHE parameter ( 22515): CG2O  CG32  CG32  NG31 is replaced
 PARRDR> Error: Repeated DIHE parameter ( 22512): CG2O  CG32  CG32  NG31 is replaced
 PARRDR> Error: Repeated DIHE parameter ( 22513): CG2O  CG32  CG32  NG31 is replaced
 PARRDR> Error: Repeated DIHE parameter ( 22514): CG2O  CG32  CG32  NG31 is replaced
 PARRDR> Error: Repeated DIHE parameter ( 22515): CG2O  CG32  CG32  NG31 is replaced
 PARRDR> Error: Repeated DIHE parameter ( 22512): CG2O  CG32  CG32  NG31 is replaced
 PARRDR> Error: Repeated DIHE parameter ( 22513): CG2O  CG32  CG32  NG31 is replaced
 PARRDR> Error: Repeated DIHE parameter ( 22514): CG2O  CG32  CG32  NG31 is replaced
 PARRDR> Error: Repeated DIHE parameter ( 22515): CG2O  CG32  CG32  NG31 is replaced
 PARRDR> Error: Repeated DIHE parameter ( 22512): CG2O  CG32  CG32  NG31 is replaced
 PARRDR> Error: Repeated DIHE parameter ( 22513): CG2O  CG32  CG32  NG31 is replaced
 PARRDR> Error: Repeated DIHE parameter ( 22514): CG2O  CG32  CG32  NG31 is replaced
 PARRDR> Error: Repeated DIHE parameter ( 22515): CG2O  CG32  CG32  NG31 is replaced
 PARRDR> Error: Repeated DIHE parameter ( 22512): CG2O  CG32  CG32  NG31 is replaced
 PARRDR> Error: Repeated DIHE parameter ( 22513): CG2O  CG32  CG32  NG31 is replaced
 PARRDR> Error: Repeated DIHE parameter ( 22514): CG2O  CG32  CG32  NG31 is replaced
 PARRDR> Error: Repeated DIHE parameter ( 22515): CG2O  CG32  CG32  NG31 is replaced
 PARRDR> Error: Repeated DIHE parameter ( 19670): CG2O  CG31  CG32  CG2O is replaced
 PARRDR> Error: Repeated DIHE parameter (  8879): CG30  CG2O  CG32  CG32 is replaced
 PARRDR> Error: Repeated DIHE parameter (  8880): CG30  CG2O  CG32  CG32 is replaced
 PARRDR> Error: Repeated DIHE parameter (  8881): CG30  CG2O  CG32  CG32 is replaced
 PARRDR> Error: Repeated DIHE parameter (  8882): CG30  CG2O  CG32  CG32 is replaced
 PARRDR> Error: Repeated DIHE parameter (  8879): CG30  CG2O  CG32  CG32 is replaced
 PARRDR> Error: Repeated DIHE parameter (  8880): CG30  CG2O  CG32  CG32 is replaced
 PARRDR> Error: Repeated DIHE parameter (  8881): CG30  CG2O  CG32  CG32 is replaced
 PARRDR> Error: Repeated DIHE parameter (  8882): CG30  CG2O  CG32  CG32 is replaced
 PARRDR> Error: Repeated DIHE parameter (  8879): CG30  CG2O  CG32  CG32 is replaced
 PARRDR> Error: Repeated DIHE parameter (  8880): CG30  CG2O  CG32  CG32 is replaced
 PARRDR> Error: Repeated DIHE parameter (  8881): CG30  CG2O  CG32  CG32 is replaced
 PARRDR> Error: Repeated DIHE parameter (  8882): CG30  CG2O  CG32  CG32 is replaced
 PARRDR> Error: Repeated DIHE parameter (  8879): CG30  CG2O  CG32  CG32 is replaced
 PARRDR> Error: Repeated DIHE parameter (  8880): CG30  CG2O  CG32  CG32 is replaced
 PARRDR> Error: Repeated DIHE parameter (  8881): CG30  CG2O  CG32  CG32 is replaced
 PARRDR> Error: Repeated DIHE parameter (  8882): CG30  CG2O  CG32  CG32 is replaced
 PARRDR> Error: Repeated DIHE parameter (  8905): CG31  CG2O  CG32  CG32 is replaced
 PARRDR> Error: Repeated DIHE parameter (  8906): CG31  CG2O  CG32  CG32 is replaced
 PARRDR> Error: Repeated DIHE parameter (  8907): CG31  CG2O  CG32  CG32 is replaced
 PARRDR> Error: Repeated DIHE parameter (  8908): CG31  CG2O  CG32  CG32 is replaced
 PARRDR> Error: Repeated DIHE parameter (  8905): CG31  CG2O  CG32  CG32 is replaced
 PARRDR> Error: Repeated DIHE parameter (  8906): CG31  CG2O  CG32  CG32 is replaced
 PARRDR> Error: Repeated DIHE parameter (  8907): CG31  CG2O  CG32  CG32 is replaced
 PARRDR> Error: Repeated DIHE parameter (  8908): CG31  CG2O  CG32  CG32 is replaced
 PARRDR> Error: Repeated DIHE parameter (  8905): CG31  CG2O  CG32  CG32 is replaced
 PARRDR> Error: Repeated DIHE parameter (  8906): CG31  CG2O  CG32  CG32 is replaced
 PARRDR> Error: Repeated DIHE parameter (  8907): CG31  CG2O  CG32  CG32 is replaced
 PARRDR> Error: Repeated DIHE parameter (  8908): CG31  CG2O  CG32  CG32 is replaced
 PARRDR> Error: Repeated DIHE parameter (  8905): CG31  CG2O  CG32  CG32 is replaced
 PARRDR> Error: Repeated DIHE parameter (  8906): CG31  CG2O  CG32  CG32 is replaced
 PARRDR> Error: Repeated DIHE parameter (  8907): CG31  CG2O  CG32  CG32 is replaced
 PARRDR> Error: Repeated DIHE parameter (  8908): CG31  CG2O  CG32  CG32 is replaced
 PARRDR> Error: Repeated DIHE parameter ( 18334): CG2O  CG30  CG32  CG30 is replaced
 PARRDR> Error: Repeated DIHE parameter ( 18335): CG2O  CG30  CG32  CG30 is replaced
 PARRDR> Error: Repeated DIHE parameter ( 18336): CG2O  CG30  CG32  CG31 is replaced
 PARRDR> Error: Repeated DIHE parameter ( 19982): NG31  CG31  CG32  CG2O is replaced
 PARRDR> Error: Repeated DIHE parameter ( 19983): NG31  CG31  CG32  CG2O is replaced
 PARRDR> Error: Repeated DIHE parameter ( 19984): NG31  CG31  CG32  CG2O is replaced
 PARRDR> Error: Repeated DIHE parameter (  7038): NG2S  CG2O  CG32  CG2O is replaced
 PARRDR> Error: Repeated DIHE parameter (  7039): NG2S  CG2O  CG32  CG2O is replaced
 PARRDR> Error: Repeated DIHE parameter (  7040): NG2S  CG2O  CG32  CG2O is replaced
 PARRDR> Error: Repeated DIHE parameter ( 20038): OG31  CG31  CG32  CG2O is replaced
 PARRDR> Error: Repeated DIHE parameter ( 24204): CG31  CG32  NG31  CG32 is replaced
 PARRDR> Error: Repeated DIHE parameter ( 24205): CG31  CG32  NG31  CG32 is replaced
 PARRDR> Error: Repeated DIHE parameter ( 24206): CG31  CG32  NG31  CG32 is replaced
 PARRDR> Error: Repeated DIHE parameter ( 24204): CG31  CG32  NG31  CG32 is replaced
 PARRDR> Error: Repeated DIHE parameter ( 24205): CG31  CG32  NG31  CG32 is replaced
 PARRDR> Error: Repeated DIHE parameter ( 24206): CG31  CG32  NG31  CG32 is replaced
 PARRDR> Error: Repeated DIHE parameter ( 24204): CG31  CG32  NG31  CG32 is replaced
 PARRDR> Error: Repeated DIHE parameter ( 24205): CG31  CG32  NG31  CG32 is replaced
 PARRDR> Error: Repeated DIHE parameter ( 24206): CG31  CG32  NG31  CG32 is replaced
 PARRDR> Error: Repeated DIHE parameter ( 20217): HGA1  CG31  CG32  NG31 is replaced
 PARRDR> Error: Repeated DIHE parameter ( 24211): CG31  CG32  NG31  HGPA is replaced
 PARRDR> Error: Repeated DIHE parameter ( 22553): CG2R  CG32  CG32  NG31 is replaced
 PARRDR> Error: Repeated DIHE parameter ( 19873): CG33  CG31  CG32  NG31 is replaced
 PARRDR> Error: Repeated DIHE parameter ( 19821): CG32  CG31  CG32  NG31 is replaced
 PARRDR> Error: Repeated DIHE parameter (  3643): CG33  CG2D  CG32  NG31 is replaced
 PARRDR> Error: Repeated DIHE parameter (  3644): CG33  CG2D  CG32  NG31 is replaced
 PARRDR> Error: Repeated DIHE parameter (  3645): CG33  CG2D  CG32  NG31 is replaced
 PARRDR> Error: Repeated DIHE parameter ( 24200): CG30  CG32  NG31  HGPA is replaced
 PARRDR> Error: Repeated DIHE parameter ( 24197): CG30  CG32  NG31  CG32 is replaced
 PARRDR> Error: Repeated DIHE parameter ( 24198): CG30  CG32  NG31  CG32 is replaced
 PARRDR> Error: Repeated DIHE parameter ( 24199): CG30  CG32  NG31  CG32 is replaced
 PARRDR> Error: Repeated DIHE parameter ( 24197): CG30  CG32  NG31  CG32 is replaced
 PARRDR> Error: Repeated DIHE parameter ( 24198): CG30  CG32  NG31  CG32 is replaced
 PARRDR> Error: Repeated DIHE parameter ( 24199): CG30  CG32  NG31  CG32 is replaced
 PARRDR> Error: Repeated DIHE parameter ( 24197): CG30  CG32  NG31  CG32 is replaced
 PARRDR> Error: Repeated DIHE parameter ( 24198): CG30  CG32  NG31  CG32 is replaced
 PARRDR> Error: Repeated DIHE parameter ( 24199): CG30  CG32  NG31  CG32 is replaced
 PARRDR> Error: Repeated DIHE parameter ( 18395): CG32  CG30  CG32  NG31 is replaced
 PARRDR> Error: Repeated DIHE parameter ( 18395): CG32  CG30  CG32  NG31 is replaced
 PARRDR> Error: Repeated DIHE parameter ( 18425): CG33  CG30  CG32  NG31 is replaced
 PARRDR> Error: Repeated DIHE parameter ( 18426): CG33  CG30  CG32  NG31 is replaced
 PARRDR> Error: Repeated DIHE parameter ( 18425): CG33  CG30  CG32  NG31 is replaced
 PARRDR> Error: Repeated DIHE parameter ( 18426): CG33  CG30  CG32  NG31 is replaced
 PARRDR> Error: Repeated DIHE parameter (  8744): OG2D  CG2O  CG31  CG31 is replaced
 PARRDR> Error: Repeated DIHE parameter (  8745): OG2D  CG2O  CG31  CG31 is replaced
 PARRDR> Error: Repeated DIHE parameter (  8746): OG2D  CG2O  CG31  CG31 is replaced
 PARRDR> Error: Repeated DIHE parameter (  8747): OG2D  CG2O  CG31  CG31 is replaced
 PARRDR> Error: Repeated DIHE parameter (  8744): OG2D  CG2O  CG31  CG31 is replaced
 PARRDR> Error: Repeated DIHE parameter (  8745): OG2D  CG2O  CG31  CG31 is replaced
 PARRDR> Error: Repeated DIHE parameter (  8746): OG2D  CG2O  CG31  CG31 is replaced
 PARRDR> Error: Repeated DIHE parameter (  8747): OG2D  CG2O  CG31  CG31 is replaced
 PARRDR> Error: Repeated DIHE parameter (  8744): OG2D  CG2O  CG31  CG31 is replaced
 PARRDR> Error: Repeated DIHE parameter (  8745): OG2D  CG2O  CG31  CG31 is replaced
 PARRDR> Error: Repeated DIHE parameter (  8746): OG2D  CG2O  CG31  CG31 is replaced
 PARRDR> Error: Repeated DIHE parameter (  8747): OG2D  CG2O  CG31  CG31 is replaced
 PARRDR> Error: Repeated DIHE parameter (  8744): OG2D  CG2O  CG31  CG31 is replaced
 PARRDR> Error: Repeated DIHE parameter (  8745): OG2D  CG2O  CG31  CG31 is replaced
 PARRDR> Error: Repeated DIHE parameter (  8746): OG2D  CG2O  CG31  CG31 is replaced
 PARRDR> Error: Repeated DIHE parameter (  8747): OG2D  CG2O  CG31  CG31 is replaced
 PARRDR> Error: Repeated DIHE parameter ( 19749): CG31  CG31  CG32  CG2O is replaced
 PARRDR> Error: Repeated DIHE parameter ( 19749): CG31  CG31  CG32  CG2O is replaced
 PARRDR> Error: Repeated DIHE parameter ( 19749): CG31  CG31  CG32  CG2O is replaced
 PARRDR> Error: Repeated DIHE parameter ( 19749): CG31  CG31  CG32  CG2O is replaced
 PARRDR> Error: Repeated DIHE parameter ( 19749): CG31  CG31  CG32  CG2O is replaced
 PARRDR> Error: Repeated DIHE parameter ( 18980): CG32  CG30  OG31  HGP1 is replaced
 PARRDR> Error: Repeated DIHE parameter ( 18981): CG32  CG30  OG31  HGP1 is replaced
 PARRDR> Error: Repeated DIHE parameter ( 18982): CG32  CG30  OG31  HGP1 is replaced
 PARRDR> Error: Repeated DIHE parameter ( 18980): CG32  CG30  OG31  HGP1 is replaced
 PARRDR> Error: Repeated DIHE parameter ( 18981): CG32  CG30  OG31  HGP1 is replaced
 PARRDR> Error: Repeated DIHE parameter ( 18982): CG32  CG30  OG31  HGP1 is replaced
 PARRDR> Error: Repeated DIHE parameter ( 18980): CG32  CG30  OG31  HGP1 is replaced
 PARRDR> Error: Repeated DIHE parameter ( 18981): CG32  CG30  OG31  HGP1 is replaced
 PARRDR> Error: Repeated DIHE parameter ( 18982): CG32  CG30  OG31  HGP1 is replaced
 PARRDR> Error: Repeated DIHE parameter ( 18511): OG31  CG30  CG32  HGA2 is replaced
 PARRDR> Error: Repeated DIHE parameter ( 18501): OG31  CG30  CG32  CG32 is replaced
 PARRDR> Error: Repeated DIHE parameter ( 19240): CG2R  CG31  CG31  CG32 is replaced
 PARRDR> Error: Repeated DIHE parameter ( 19229): CG2O  CG31  CG31  CG32 is replaced
 PARRDR> Error: Repeated DIHE parameter ( 19230): CG2O  CG31  CG31  CG33 is replaced
 PARRDR> Error: Repeated DIHE parameter ( 19236): CG2O  CG31  CG31  HGA1 is replaced
 PARRDR> Error: Repeated DIHE parameter (  7872): OG2D  CG2O  CG30  CG31 is replaced
 PARRDR> Error: Repeated DIHE parameter ( 19241): CG2R  CG31  CG31  CG33 is replaced
 PARRDR> Error: Repeated DIHE parameter ( 18168): CG2O  CG30  CG31  HGA1 is replaced
 PARRDR> Error: Repeated DIHE parameter ( 14389): CG2R  CG2R  CG31  CG31 is replaced
 PARRDR> Error: Repeated DIHE parameter ( 19247): CG2R  CG31  CG31  HGA1 is replaced
 PARRDR> Error: Repeated DIHE parameter ( 18164): CG2O  CG30  CG31  CG32 is replaced
 PARRDR> Error: Repeated DIHE parameter ( 24582): CG30  CG32  OG31  HGP1 is replaced
 PARRDR> Error: Repeated DIHE parameter ( 24583): CG30  CG32  OG31  HGP1 is replaced
 PARRDR> Error: Repeated DIHE parameter ( 24584): CG30  CG32  OG31  HGP1 is replaced
 PARRDR> Error: Repeated DIHE parameter ( 24582): CG30  CG32  OG31  HGP1 is replaced
 PARRDR> Error: Repeated DIHE parameter ( 24583): CG30  CG32  OG31  HGP1 is replaced
 PARRDR> Error: Repeated DIHE parameter ( 24584): CG30  CG32  OG31  HGP1 is replaced
 PARRDR> Error: Repeated DIHE parameter ( 24582): CG30  CG32  OG31  HGP1 is replaced
 PARRDR> Error: Repeated DIHE parameter ( 24583): CG30  CG32  OG31  HGP1 is replaced
 PARRDR> Error: Repeated DIHE parameter ( 24584): CG30  CG32  OG31  HGP1 is replaced
 PARRDR> Error: Repeated DIHE parameter ( 18396): CG32  CG30  CG32  OG31 is replaced
 PARRDR> Error: Repeated DIHE parameter ( 19716): CG2R  CG31  CG32  OG31 is replaced
 PARRDR> Error: Repeated DIHE parameter ( 25100): CG32  CG32  CG33  HGA3 is replaced
 PARRDR> Error: Repeated DIHE parameter ( 22890): HGA2  CG32  CG32  CG33 is replaced
 PARRDR> Error: Repeated DIHE parameter ( 22889): HGA2  CG32  CG32  CG32 is replaced
 PARRDR> Error: Repeated DIHE parameter ( 21781): FGA2  CG31  CG31  FGA2 is replaced
 PARRDR> Error: Repeated DIHE parameter ( 18329): CG2O  CG30  CG32  CG30 is replaced
 PARRDR> Error: Repeated DIHE parameter ( 18331): CG2O  CG30  CG32  HGA2 is replaced
 PARRDR> Error: Repeated DIHE parameter (  8209): OG2D  CG2O  CG30  CG32 is replaced
 PARRDR> Error: Repeated DIHE parameter ( 18330): CG2O  CG30  CG32  CG31 is replaced
 PARRDR> Error: Repeated DIHE parameter (  8135): CG30  CG2O  OG31  HGP1 is replaced
 PARRDR> Error: Repeated DIHE parameter (  8208): OG2D  CG2O  CG30  CG2O is replaced
 PARRDR> Error: Repeated DIHE parameter (  8585): OG2D  CG2O  CG30  CG2O is replaced
 PARRDR> Error: Repeated DIHE parameter (  7876): OG31  CG2O  CG30  CG31 is replaced
 PARRDR> Error: Repeated DIHE parameter (  7877): OG31  CG2O  CG30  CG32 is replaced
 PARRDR> Error: Repeated DIHE parameter (  7878): OG31  CG2O  CG30  CG33 is replaced
 PARRDR> Error: Repeated DIHE parameter ( 22570): CG30  CG32  CG32  CG32 is replaced
 PARRDR> Error: Repeated DIHE parameter ( 22692): CG32  CG32  CG32  OG30 is replaced
 PARRDR> Error: Repeated DIHE parameter ( 22693): CG32  CG32  CG32  OG30 is replaced
 PARRDR> Error: Repeated DIHE parameter ( 22694): CG32  CG32  CG32  OG30 is replaced
 PARRDR> Error: Repeated DIHE parameter ( 22692): CG32  CG32  CG32  OG30 is replaced
 PARRDR> Error: Repeated DIHE parameter ( 22693): CG32  CG32  CG32  OG30 is replaced
 PARRDR> Error: Repeated DIHE parameter ( 22694): CG32  CG32  CG32  OG30 is replaced
 PARRDR> Error: Repeated DIHE parameter ( 20322): NG31  CG31  CG32  HGA2 is replaced
 PARRDR> Error: Repeated DIHE parameter ( 21193): CG32  CG31  NG31  HGPA is replaced
 PARRDR> Error: Repeated DIHE parameter ( 19313): CG32  CG31  CG31  CG32 is replaced
 PARRDR> Error: Repeated DIHE parameter ( 19350): CG32  CG31  CG31  CG33 is replaced
 PARRDR> Error: Repeated DIHE parameter ( 19363): CG32  CG31  CG31  HGA1 is replaced
 PARRDR> Error: Repeated DIHE parameter ( 20277): CG31  CG31  CG32  HGA2 is replaced
 PARRDR> Error: Repeated DIHE parameter ( 22690): CG32  CG32  CG32  NG31 is replaced
 PARRDR> Error: Repeated DIHE parameter ( 22691): CG32  CG32  CG32  NG31 is replaced
 PARRDR> Error: Repeated DIHE parameter ( 22502): CG2O  CG32  CG32  CG32 is replaced
 PARRDR> Error: Repeated DIHE parameter (  8684): CG32  CG2O  CG31  CG32 is replaced
 PARRDR> Error: Repeated DIHE parameter (  8685): CG32  CG2O  CG31  CG32 is replaced
 PARRDR> Error: Repeated DIHE parameter (  8686): CG32  CG2O  CG31  CG32 is replaced
 PARRDR> Error: Repeated DIHE parameter (  8687): CG32  CG2O  CG31  CG32 is replaced
 PARRDR> Error: Repeated DIHE parameter (  8688): CG32  CG2O  CG31  CG32 is replaced
 PARRDR> Error: Repeated DIHE parameter (  8684): CG32  CG2O  CG31  CG32 is replaced
 PARRDR> Error: Repeated DIHE parameter (  8685): CG32  CG2O  CG31  CG32 is replaced
 PARRDR> Error: Repeated DIHE parameter (  8686): CG32  CG2O  CG31  CG32 is replaced
 PARRDR> Error: Repeated DIHE parameter (  8687): CG32  CG2O  CG31  CG32 is replaced
 PARRDR> Error: Repeated DIHE parameter (  8688): CG32  CG2O  CG31  CG32 is replaced
 PARRDR> Error: Repeated DIHE parameter (  8684): CG32  CG2O  CG31  CG32 is replaced
 PARRDR> Error: Repeated DIHE parameter (  8685): CG32  CG2O  CG31  CG32 is replaced
 PARRDR> Error: Repeated DIHE parameter (  8686): CG32  CG2O  CG31  CG32 is replaced
 PARRDR> Error: Repeated DIHE parameter (  8687): CG32  CG2O  CG31  CG32 is replaced
 PARRDR> Error: Repeated DIHE parameter (  8688): CG32  CG2O  CG31  CG32 is replaced
 PARRDR> Error: Repeated DIHE parameter (  8684): CG32  CG2O  CG31  CG32 is replaced
 PARRDR> Error: Repeated DIHE parameter (  8685): CG32  CG2O  CG31  CG32 is replaced
 PARRDR> Error: Repeated DIHE parameter (  8686): CG32  CG2O  CG31  CG32 is replaced
 PARRDR> Error: Repeated DIHE parameter (  8687): CG32  CG2O  CG31  CG32 is replaced
 PARRDR> Error: Repeated DIHE parameter (  8688): CG32  CG2O  CG31  CG32 is replaced
 PARRDR> Error: Repeated DIHE parameter (  8756): OG2D  CG2O  CG31  CG32 is replaced
 PARRDR> Error: Repeated DIHE parameter (  8757): OG2D  CG2O  CG31  CG32 is replaced
 PARRDR> Error: Repeated DIHE parameter (  8758): OG2D  CG2O  CG31  CG32 is replaced
 PARRDR> Error: Repeated DIHE parameter (  8759): OG2D  CG2O  CG31  CG32 is replaced
 PARRDR> Error: Repeated DIHE parameter (  8760): OG2D  CG2O  CG31  CG32 is replaced
 PARRDR> Error: Repeated DIHE parameter (  8756): OG2D  CG2O  CG31  CG32 is replaced
 PARRDR> Error: Repeated DIHE parameter (  8757): OG2D  CG2O  CG31  CG32 is replaced
 PARRDR> Error: Repeated DIHE parameter (  8758): OG2D  CG2O  CG31  CG32 is replaced
 PARRDR> Error: Repeated DIHE parameter (  8759): OG2D  CG2O  CG31  CG32 is replaced
 PARRDR> Error: Repeated DIHE parameter (  8760): OG2D  CG2O  CG31  CG32 is replaced
 PARRDR> Error: Repeated DIHE parameter (  8756): OG2D  CG2O  CG31  CG32 is replaced
 PARRDR> Error: Repeated DIHE parameter (  8757): OG2D  CG2O  CG31  CG32 is replaced
 PARRDR> Error: Repeated DIHE parameter (  8758): OG2D  CG2O  CG31  CG32 is replaced
 PARRDR> Error: Repeated DIHE parameter (  8759): OG2D  CG2O  CG31  CG32 is replaced
 PARRDR> Error: Repeated DIHE parameter (  8760): OG2D  CG2O  CG31  CG32 is replaced
 PARRDR> Error: Repeated DIHE parameter (  8756): OG2D  CG2O  CG31  CG32 is replaced
 PARRDR> Error: Repeated DIHE parameter (  8757): OG2D  CG2O  CG31  CG32 is replaced
 PARRDR> Error: Repeated DIHE parameter (  8758): OG2D  CG2O  CG31  CG32 is replaced
 PARRDR> Error: Repeated DIHE parameter (  8759): OG2D  CG2O  CG31  CG32 is replaced
 PARRDR> Error: Repeated DIHE parameter (  8760): OG2D  CG2O  CG31  CG32 is replaced
 PARRDR> Error: Repeated DIHE parameter ( 20261): CG2O  CG31  CG32  HGA2 is replaced
 PARRDR> Error: Repeated DIHE parameter (  8943): CG32  CG2O  CG32  CG30 is replaced
 PARRDR> Error: Repeated DIHE parameter (  8944): CG32  CG2O  CG32  CG30 is replaced
 PARRDR> Error: Repeated DIHE parameter (  8945): CG32  CG2O  CG32  CG30 is replaced
 PARRDR> Error: Repeated DIHE parameter (  8946): CG32  CG2O  CG32  CG30 is replaced
 PARRDR> Error: Repeated DIHE parameter (  8943): CG32  CG2O  CG32  CG30 is replaced
 PARRDR> Error: Repeated DIHE parameter (  8944): CG32  CG2O  CG32  CG30 is replaced
 PARRDR> Error: Repeated DIHE parameter (  8945): CG32  CG2O  CG32  CG30 is replaced
 PARRDR> Error: Repeated DIHE parameter (  8946): CG32  CG2O  CG32  CG30 is replaced
 PARRDR> Error: Repeated DIHE parameter (  8943): CG32  CG2O  CG32  CG30 is replaced
 PARRDR> Error: Repeated DIHE parameter (  8944): CG32  CG2O  CG32  CG30 is replaced
 PARRDR> Error: Repeated DIHE parameter (  8945): CG32  CG2O  CG32  CG30 is replaced
 PARRDR> Error: Repeated DIHE parameter (  8946): CG32  CG2O  CG32  CG30 is replaced
 PARRDR> Error: Repeated DIHE parameter (  8943): CG32  CG2O  CG32  CG30 is replaced
 PARRDR> Error: Repeated DIHE parameter (  8944): CG32  CG2O  CG32  CG30 is replaced
 PARRDR> Error: Repeated DIHE parameter (  8945): CG32  CG2O  CG32  CG30 is replaced
 PARRDR> Error: Repeated DIHE parameter (  8946): CG32  CG2O  CG32  CG30 is replaced
 PARRDR> Error: Repeated DIHE parameter (  9013): OG2D  CG2O  CG32  CG30 is replaced
 PARRDR> Error: Repeated DIHE parameter (  9014): OG2D  CG2O  CG32  CG30 is replaced
 PARRDR> Error: Repeated DIHE parameter (  9015): OG2D  CG2O  CG32  CG30 is replaced
 PARRDR> Error: Repeated DIHE parameter (  9016): OG2D  CG2O  CG32  CG30 is replaced
 PARRDR> Error: Repeated DIHE parameter (  9013): OG2D  CG2O  CG32  CG30 is replaced
 PARRDR> Error: Repeated DIHE parameter (  9014): OG2D  CG2O  CG32  CG30 is replaced
 PARRDR> Error: Repeated DIHE parameter (  9015): OG2D  CG2O  CG32  CG30 is replaced
 PARRDR> Error: Repeated DIHE parameter (  9016): OG2D  CG2O  CG32  CG30 is replaced
 PARRDR> Error: Repeated DIHE parameter (  9013): OG2D  CG2O  CG32  CG30 is replaced
 PARRDR> Error: Repeated DIHE parameter (  9014): OG2D  CG2O  CG32  CG30 is replaced
 PARRDR> Error: Repeated DIHE parameter (  9015): OG2D  CG2O  CG32  CG30 is replaced
 PARRDR> Error: Repeated DIHE parameter (  9016): OG2D  CG2O  CG32  CG30 is replaced
 PARRDR> Error: Repeated DIHE parameter (  9013): OG2D  CG2O  CG32  CG30 is replaced
 PARRDR> Error: Repeated DIHE parameter (  9014): OG2D  CG2O  CG32  CG30 is replaced
 PARRDR> Error: Repeated DIHE parameter (  9015): OG2D  CG2O  CG32  CG30 is replaced
 PARRDR> Error: Repeated DIHE parameter (  9016): OG2D  CG2O  CG32  CG30 is replaced
 PARRDR> Error: Repeated DIHE parameter ( 18321): CG2O  CG30  CG32  CG2O is replaced
 PARRDR> Error: Repeated DIHE parameter ( 18322): CG2O  CG30  CG32  CG2O is replaced
 PARRDR> Error: Repeated DIHE parameter ( 18384): CG32  CG30  CG32  CG2O is replaced
 PARRDR> Error: Repeated DIHE parameter ( 18384): CG32  CG30  CG32  CG2O is replaced
 PARRDR> Error: Repeated DIHE parameter ( 18384): CG32  CG30  CG32  CG2O is replaced
 PARRDR> Error: Repeated DIHE parameter ( 18384): CG32  CG30  CG32  CG2O is replaced
 PARRDR> Error: Repeated DIHE parameter ( 18384): CG32  CG30  CG32  CG2O is replaced
 PARRDR> Error: Repeated DIHE parameter ( 19751): CG31  CG31  CG32  CG30 is replaced
 PARRDR> Error: Repeated DIHE parameter ( 19759): CG31  CG31  CG32  NG2S is replaced
 PARRDR> Error: Repeated DIHE parameter ( 18371): CG31  CG30  CG32  CG31 is replaced
 PARRDR> Error: Repeated DIHE parameter ( 20027): OG30  CG31  CG32  NG31 is replaced
 PARRDR> Error: Repeated DIHE parameter ( 20028): OG30  CG31  CG32  NG31 is replaced
 PARRDR> Error: Repeated DIHE parameter ( 23786): CG30  CG32  NG2S  CG2O is replaced
 PARRDR> Error: Repeated DIHE parameter ( 23787): CG30  CG32  NG2S  HGP1 is replaced
 PARRDR> Error: Repeated DIHE parameter ( 18423): CG33  CG30  CG32  NG2S is replaced
 PARRDR> Error: Repeated DIHE parameter ( 18409): CG33  CG30  CG32  CG2O is replaced
 PARRDR> Error: Repeated DIHE parameter ( 18409): CG33  CG30  CG32  CG2O is replaced
 PARRDR> Error: Repeated DIHE parameter ( 18409): CG33  CG30  CG32  CG2O is replaced
 PARRDR> Error: Repeated DIHE parameter ( 18409): CG33  CG30  CG32  CG2O is replaced
 PARRDR> Error: Repeated DIHE parameter ( 18409): CG33  CG30  CG32  CG2O is replaced
 PARRDR> Error: Repeated DIHE parameter ( 19761): CG31  CG31  CG32  NG31 is replaced
 PARRDR> Error: Repeated DIHE parameter ( 19991): NG31  CG31  CG32  NG31 is replaced
 PARRDR> Error: Repeated DIHE parameter ( 19992): NG31  CG31  CG32  NG31 is replaced
 PARRDR> Error: Repeated IMPH parameter (   246): CG2O  CG2R  OG2D  OG31 is replaced
 PARRDR> Error: Repeated IMPH parameter (   345): CG2O  CG31  CG33  OG2D is replaced
 PARRDR> Error: Repeated IMPH parameter (   325): CG2O  CG2O  CG32  OG2D is replaced
 PARRDR> Error: Repeated IMPH parameter (   340): CG2O  CG30  CG32  OG2D is replaced
 PARRDR> Error: Repeated IMPH parameter (   344): CG2O  CG31  CG32  OG2D is replaced
 PARRDR> Error: Repeated IMPH parameter (   252): CG2O  CG30  OG2D  OG31 is replaced
 PARMIO> NONBOND, HBOND lists and IMAGE atoms cleared.
  
 CHARMM>    RETURN
 VCLOSE: Closing unit   98 with status "KEEP"

                    RETURNING TO INPUT STREAM    99
  
 CHARMM>    stream toppar/toppar_all36_synthetic_polymer_patch.str
 VOPEN> Attempting to open::toppar/toppar_all36_synthetic_polymer_patch.str::
 OPNLGU> Unit 98 opened for READONLY access to toppar/toppar_all36_synthetic_polymer_patch.str

                    INPUT STREAM SWITCHING TO UNIT    98
 RDTITL> READ RTF CARD APPEND
 RDTITL> No title read.
 Parameter: IN1 <- "" <empty>
  
 CHARMM>    read rtf card append
 MAINIO> Residue topology file being read from unit  98.
 RDTITL> * TOPOLOGY FOR SYNTHETIC_POLYMER
 RDTITL> *
  
 CHARMM>     
  
 CHARMM>    return
 VCLOSE: Closing unit   98 with status "KEEP"

                    RETURNING TO INPUT STREAM    99
  
 CHARMM>    stream toppar/toppar_all36_polymer_solvent.str
 VOPEN> Attempting to open::toppar/toppar_all36_polymer_solvent.str::
 OPNLGU> Unit 98 opened for READONLY access to toppar/toppar_all36_polymer_solvent.str

                    INPUT STREAM SWITCHING TO UNIT    98
 RDTITL> READ RTF CARD APPEND
 RDTITL> No title read.
 Parameter: IN1 <- "" <empty>
  
 CHARMM>    read rtf card append
 MAINIO> Residue topology file being read from unit  98.
 RDTITL> * TOPOLOGY FOR SYNTHETIC_POLYMER
 RDTITL> *
  
 CHARMM>    read param card flex append

          PARAMETER FILE BEING READ FROM UNIT 98
 RDTITL> * SYNTHETIC POLYMER PARAMETER
 RDTITL> *
 PARMIO> NONBOND, HBOND lists and IMAGE atoms cleared.
  
 CHARMM>     
  
 CHARMM>    RETURN
 VCLOSE: Closing unit   98 with status "KEEP"

                    RETURNING TO INPUT STREAM    99
  
 CHARMM>     
  
 CHARMM>    ! Additional topologies and parameters for water and ions
 CHARMM>    stream toppar/toppar_water_ions.str
 VOPEN> Attempting to open::toppar/toppar_water_ions.str::
 OPNLGU> Unit 98 opened for READONLY access to toppar/toppar_water_ions.str

                    INPUT STREAM SWITCHING TO UNIT    98
 RDTITL> * TOPLOGY AND PARAMETER INFORMATION FOR WATER AND IONS.
 RDTITL> *
 Parameter: IN1 <- "" <empty>
  
 CHARMM>     
  
 CHARMM>    !Testcase
 CHARMM>    !test_water_ions.inp
 CHARMM>     
  
 CHARMM>    ! IMPORTANT NOTE: this file contains NBFixes between carboxylates and sodium,
 CHARMM>    ! which will only apply if the main files containing carboxylate atom types
 CHARMM>    ! have been read in first!
 CHARMM>     
  
 CHARMM>    !references
 CHARMM>    !
 CHARMM>    !TIP3P water model
 CHARMM>    !
 CHARMM>    !W.L. Jorgensen; J.Chandrasekhar; J.D. Madura; R.W. Impey;
 CHARMM>    !M.L. Klein; "Comparison of simple potential functions for
 CHARMM>    !simulating liquid water", J. Chem. Phys. 79 926-935 (1983).
 CHARMM>    !
 CHARMM>    !IONS
 CHARMM>    !
 CHARMM>    !Ions from Roux and coworkers
 CHARMM>    !
 CHARMM>    !Beglov, D. and Roux, B., Finite Representation of an Infinite
 CHARMM>    !Bulk System: Solvent Boundary Potential for Computer Simulations,
 CHARMM>    !Journal of Chemical Physics, 1994, 100: 9050-9063
 CHARMM>    !
 CHARMM>    !ZINC
 CHARMM>    !
 CHARMM>    !Stote, R.H. and Karplus, M. Zinc Binding in Proteins and
 CHARMM>    !Solution: A Simple but Accurate Nonbonded Representation, PROTEINS:
 CHARMM>    !Structure, Function, and Genetics 23:12-31 (1995)
 CHARMM>     
  
 CHARMM>    !test "append" to determine if previous toppar files have been read and
 CHARMM>    !add append to "read rtf card" if true
 CHARMM>    set nat ?NATC
 RDCMND substituted energy or value "?NATC" to "473"
 Parameter: NAT <- "473"
  
 CHARMM>    set app
 Parameter: APP <- "" <empty>
  
 CHARMM>    !We're exploiting what is arguably a bug in the parser. On the left hand side,
 CHARMM>    !the quotes have priority, so NAT is correctly substituted. On the right hand
 CHARMM>    !side, the ? has priority and NATC" (sic) is not a valid substitution...
 CHARMM>    if "@NAT" ne "?NATC" if @nat ne 0 set app append
 Parameter: NAT -> "473"
 Parameter: NAT -> "473"
 RDCMND: can not substitute energy "?NATC""
 Comparing ""473"" and ""?NATC"".
 IF test evaluated as true.  Performing command
 Comparing "473" and "0".
 IF test evaluated as true.  Performing command
 Parameter: APP <- "APPEND"
  
 CHARMM>     
  
 CHARMM>    read rtf card @app
 Parameter: APP -> "APPEND"
 MAINIO> Residue topology file being read from unit  98.
 RDTITL> * TOPOLOGY FOR WATER AND IONS
 RDTITL> *
  
 CHARMM>     
  
 CHARMM>    read para card flex @app
 Parameter: APP -> "APPEND"

          PARAMETER FILE BEING READ FROM UNIT 98
 RDTITL> * PARAMETERS FOR WATER AND IONS
 RDTITL> *
 PARMIO> NONBOND, HBOND lists and IMAGE atoms cleared.
  
 CHARMM>     
  
 CHARMM>    ! The following section contains NBFixes for sodium interacting with
 CHARMM>    ! carboxylate oxygens of various CHARMM force fields. It will generate
 CHARMM>    ! level -1 warnings whenever any of these force fields have not been
 CHARMM>    ! read prior to the current stream file. Since we don't want to force
 CHARMM>    ! the user to always read all the force fields, we're suppressing the
 CHARMM>    ! warnings. The only side effect is that you will have "most severe
 CHARMM>    ! warning was at level 0" at the end of your output. Also note that
 CHARMM>    ! the user is responsible for reading the current file last if they
 CHARMM>    ! want the NBFixes to apply. A more elegant solution would require new
 CHARMM>    ! features to be added to CHARMM.
 CHARMM>    ! parallel fix, to avoid duplicated messages in the log
 CHARMM>    set para
 Parameter: PARA <- "" <empty>
  
 CHARMM>    if ?NUMNODE gt 1 set para node 0
 RDCMND substituted energy or value "?NUMNODE" to "1"
 Comparing "1" and "1".
 IF test evaluated as false.  Skipping command
  
 CHARMM>     
  
 CHARMM>    set wrn ?WRNLEV
 RDCMND substituted energy or value "?WRNLEV" to "5"
 Parameter: WRN <- "5"
  
 CHARMM>    ! Some versions of CHARMM don't seem to initialize wrnlev...
 CHARMM>    if "@WRN" eq "?WRNLEV" set wrn 5
 Parameter: WRN -> "5"
 RDCMND: can not substitute energy "?WRNLEV""
 Comparing ""5"" and ""?WRNLEV"".
 IF test evaluated as false.  Skipping command
  
 CHARMM>    set bom ?bomlev
 RDCMND substituted energy or value "?BOMLEV" to "0"
 Parameter: BOM <- "0"
  
 CHARMM>    WRNLEV -1 @PARA
 Parameter: PARA -> "" <empty>
  
 CHARMM>    BOMLEV -1 @PARA
 Parameter: PARA -> "" <empty>
  
 CHARMM>    read para card flex append

          PARAMETER FILE BEING READ FROM UNIT 98
 RDTITL> * NBFIX BETWEEN CARBOXYLATE AND SODIUM
 RDTITL> *
 PARMIO> NONBOND, HBOND lists and IMAGE atoms cleared.
  
 CHARMM>    BOMLEV @bom @PARA
 Parameter: BOM -> "0"
 Parameter: PARA -> "" <empty>
  
 CHARMM>    WRNLEV @wrn @PARA
 Parameter: WRN -> "5"
 Parameter: PARA -> "" <empty>
  
 CHARMM>     
  
 CHARMM>    return
 VCLOSE: Closing unit   98 with status "KEEP"

                    RETURNING TO INPUT STREAM    99
  
 CHARMM>    stream toppar/toppar_dum_noble_gases.str
 VOPEN> Attempting to open::toppar/toppar_dum_noble_gases.str::
 OPNLGU> Unit 98 opened for READONLY access to toppar/toppar_dum_noble_gases.str

                    INPUT STREAM SWITCHING TO UNIT    98
 RDTITL> * TOPLOGY AND PARAMETER INFORMATION FOR HELIUM, NEON AND A DUMMY ATOM.
 RDTITL> *
 Parameter: IN1 <- "" <empty>
  
 CHARMM>     
  
 CHARMM>    !Testcase
 CHARMM>    !test_dum_nobel_gases.inp
 CHARMM>     
  
 CHARMM>    !test "append" to determine if previous	toppar files have been read and
 CHARMM>    !add append to "read rtf card" if true
 CHARMM>    set nat ?NATC
 RDCMND substituted energy or value "?NATC" to "487"
 Parameter: NAT <- "487"
  
 CHARMM>    set app
 Parameter: APP <- "" <empty>
  
 CHARMM>    !We're exploiting what is arguably a bug in the parser. On the left hand side,
 CHARMM>    !the quotes have proirity, so NAT is correctly substituted. On the right hand
 CHARMM>    !side, the ? has priority and NATC" (sic) is not a valid substitution...
 CHARMM>    if "@NAT" ne "?NATC" if @nat ne 0 set app append
 Parameter: NAT -> "487"
 Parameter: NAT -> "487"
 RDCMND: can not substitute energy "?NATC""
 Comparing ""487"" and ""?NATC"".
 IF test evaluated as true.  Performing command
 Comparing "487" and "0".
 IF test evaluated as true.  Performing command
 Parameter: APP <- "APPEND"
  
 CHARMM>     
  
 CHARMM>    read rtf card @app
 Parameter: APP -> "APPEND"
 MAINIO> Residue topology file being read from unit  98.
 RDTITL> * TOPOLOGY FOR HELIUM, NEON AND A DUMMY ATOM.
 RDTITL> *
  
 CHARMM>     
  
 CHARMM>    read para card flex @app
 Parameter: APP -> "APPEND"

          PARAMETER FILE BEING READ FROM UNIT 98
 RDTITL> * PARAMETERS FOR HELIUM, NEON AND A DUMMY ATOM.
 RDTITL> *
 PARMIO> NONBOND, HBOND lists and IMAGE atoms cleared.
  
 CHARMM>     
  
 CHARMM>    return
 VCLOSE: Closing unit   98 with status "KEEP"

                    RETURNING TO INPUT STREAM    99
  
 CHARMM>    stream toppar/toppar_ions_won.str
 VOPEN> Attempting to open::toppar/toppar_ions_won.str::
 OPNLGU> Unit 98 opened for READONLY access to toppar/toppar_ions_won.str

                    INPUT STREAM SWITCHING TO UNIT    98
 RDTITL> * TOP_IONS_WON.STR: GENERAL MODEL FOR MONO-, DI-, AND TRIVALENT CATIONS
 RDTITL> *
 Parameter: IN1 <- "" <empty>
  
 CHARMM>     
  
 CHARMM>    !This is a comprehensive set of ions developed using stochastic boundary
 CHARMM>    !conditions. It is strongly recommended that ion parameters in
 CHARMM>    !toppar_water_ions.str be used if available, as they are more highly
 CHARMM>    !optimized.  Accordingly, those ions have been commented in this
 CHARMM>    !file.
 CHARMM>    !
 CHARMM>    !reference
 CHARMM>    !Won, Y., "Force Field for Monovalent, Divalent, and Trivalent Cations
 CHARMM>    !Developed under the Solvent Boundary Potential," Journal of Physical
 CHARMM>    !Chemistry A., 116: 11763-11767, 2012.
 CHARMM>     
  
 CHARMM>     
  
 CHARMM>    !test "append" to determine if previous toppar files have been read and
 CHARMM>    !add append to "read rtf card" if true
 CHARMM>    set nat ?NATC
 RDCMND substituted energy or value "?NATC" to "490"
 Parameter: NAT <- "490"
  
 CHARMM>    set app
 Parameter: APP <- "" <empty>
  
 CHARMM>    !We're exploiting what is arguably a bug in the parser. On the left hand side,
 CHARMM>    !the quotes have priority, so NAT is correctly substituted. On the right hand
 CHARMM>    !side, the ? has priority and NATC" (sic) is not a valid substitution...
 CHARMM>    if "@NAT" ne "?NATC" if @nat ne 0 set app append
 Parameter: NAT -> "490"
 Parameter: NAT -> "490"
 RDCMND: can not substitute energy "?NATC""
 Comparing ""490"" and ""?NATC"".
 IF test evaluated as true.  Performing command
 Comparing "490" and "0".
 IF test evaluated as true.  Performing command
 Parameter: APP <- "APPEND"
  
 CHARMM>     
  
 CHARMM>    read rtf card @app
 Parameter: APP -> "APPEND"
 MAINIO> Residue topology file being read from unit  98.
 RDTITL> * TOPOLOGY FOR WATER AND IONS
 RDTITL> *
  
 CHARMM>     
  
 CHARMM>    read para card flex @app
 Parameter: APP -> "APPEND"

          PARAMETER FILE BEING READ FROM UNIT 98
 RDTITL> * PAR_CATION.PRM FOR MONO-, DI-, AND TRIVALENT CATIONS
 RDTITL> *
 PARMIO> NONBOND, HBOND lists and IMAGE atoms cleared.
  
 VCLOSE: Closing unit   98 with status "KEEP"

                    RETURNING TO INPUT STREAM    99
  
 CHARMM>    stream toppar/cam.str
 VOPEN> Attempting to open::toppar/cam.str::
 OPNLGU> Unit 98 opened for READONLY access to toppar/cam.str

                    INPUT STREAM SWITCHING TO UNIT    98
 RDTITL> READ RTF CARD APPEND
 RDTITL> No title read.
 Parameter: IN1 <- "" <empty>
  
 CHARMM>    read rtf card append
 MAINIO> Residue topology file being read from unit  98.
 RDTITL> * TOPOLOGY GENERATED BY PARMED
 RDTITL> *

      ***** LEVEL  1 WARNING FROM <rtfrdr> *****
      ***** No AUTOgen defaults specified in appended RTF. Potential conflict with prior RTF autogen options. Check.
      ******************************************
      BOMLEV (  0) IS NOT REACHED. WRNLEV IS  5

  
 CHARMM>     
  
 CHARMM>    read para card flex append

          PARAMETER FILE BEING READ FROM UNIT 98
 RDTITL> * PARAMETERS GENERATED BY PARMED
 RDTITL> *
 PARMIO> NONBOND, HBOND lists and IMAGE atoms cleared.
  
 CHARMM>     
  
 CHARMM>    ! The following section contains NBFixes for CAM interacting with
 CHARMM>    ! water.
 CHARMM>    set para
 Parameter: PARA <- "" <empty>
  
 CHARMM>    if ?NUMNODE gt 1 set para node 0
 RDCMND substituted energy or value "?NUMNODE" to "1"
 Comparing "1" and "1".
 IF test evaluated as false.  Skipping command
  
 CHARMM>     
  
 CHARMM>    set wrn ?WRNLEV
 RDCMND substituted energy or value "?WRNLEV" to "5"
 Parameter: WRN <- "5"
  
 CHARMM>    ! Some versions of CHARMM don't seem to initialize wrnlev...
 CHARMM>    if "@WRN" eq "?WRNLEV" set wrn 5
 Parameter: WRN -> "5"
 RDCMND: can not substitute energy "?WRNLEV""
 Comparing ""5"" and ""?WRNLEV"".
 IF test evaluated as false.  Skipping command
  
 CHARMM>    set bom ?bomlev
 RDCMND substituted energy or value "?BOMLEV" to "0"
 Parameter: BOM <- "0"
  
 CHARMM>    WRNLEV -1 @PARA
 Parameter: PARA -> "" <empty>
  
 CHARMM>    BOMLEV -1 @PARA
 Parameter: PARA -> "" <empty>
  
 CHARMM>     
  
 CHARMM>    read para card flex append

          PARAMETER FILE BEING READ FROM UNIT 98
 RDTITL> * NBFIX BETWEEN CAM AND WATER
 RDTITL> *
 PARMIO> NONBOND, HBOND lists and IMAGE atoms cleared.
  
 CHARMM>    BOMLEV @bom @PARA
 Parameter: BOM -> "0"
 Parameter: PARA -> "" <empty>
  
 CHARMM>    WRNLEV @wrn @PARA
 Parameter: WRN -> "5"
 Parameter: PARA -> "" <empty>
  
 CHARMM>     
  
 CHARMM>    return
 VCLOSE: Closing unit   98 with status "KEEP"

                    RETURNING TO INPUT STREAM    99
  
 CHARMM>     
  
 CHARMM>    ! Additional topologies and parameters for protein
 CHARMM>    stream toppar/toppar_all36_prot_arg0.str
 VOPEN> Attempting to open::toppar/toppar_all36_prot_arg0.str::
 OPNLGU> Unit 98 opened for READONLY access to toppar/toppar_all36_prot_arg0.str

                    INPUT STREAM SWITCHING TO UNIT    98
 RDTITL> *>>>>>> ALL-HYDROGEN TOPOLOGY FOR NEUTRAL ARG <<<<<<<<<<<<<<<<<<<<
 RDTITL> *>>>>>>>>>>>>>>>>>>>>>>> 2007 <<<<<<<<<<<<<<<<<<<<<<<<<<<<<<<<<<<<
 RDTITL> *>>>>>>>> DIRECT COMMENTS TO ALEXANDER D. MACKERELL JR. <<<<<<<<<<
 RDTITL> *>>>>>>>>>>>>>>> PARAMETER FORUM, WWW.CHARMM.ORG <<<<<<<<<<<<<<<<<
 RDTITL> *
 Parameter: IN1 <- "" <empty>
  
 CHARMM>     
  
 CHARMM>    ! Atom names include "R" (for Arg) as the second letter. The
 CHARMM>    ! only other atom types in the additive FF with this second
 CHARMM>    ! letter are histidine [HN]R[123] in the protein FF and CRL[12]
 CHARMM>    ! in toppar_all36_lipid_cholesterol.str , so no more conflicts.
 CHARMM>     
  
 CHARMM>    !Parent files that have to be read prior to streaming this file
 CHARMM>    !top_all36_prot.rtf
 CHARMM>    !par_all36_prot.rtf
 CHARMM>    !
 CHARMM>    !Testcase
 CHARMM>    !test_all36_prot_arg0.inp
 CHARMM>     
  
 CHARMM>    !Li, L., Vorobyov, I.V., MacKerell, Jr., A.D., Allen, T.W., "Is
 CHARMM>    !arginine charged in a membrane?" Biophysical Journal, 94: L11-L13,
 CHARMM>    !2008, PMCID: PMC2157258
 CHARMM>     
  
 CHARMM>    read rtf card append
 MAINIO> Residue topology file being read from unit  98.
 RDTITL> * TOPOLOGY FOR PROTEIN RELATED MODEL COMPOUNDS
 RDTITL> *
*** WARNING **** residue MGU1 already exists (old one deleted)

      ***** LEVEL  1 WARNING FROM <RTFRDR> *****
      ***** Residue already exists.
      ******************************************
      BOMLEV (  0) IS NOT REACHED. WRNLEV IS  5

          RESI MGU1          0.00
*** WARNING **** residue MGU2 already exists (old one deleted)

      ***** LEVEL  1 WARNING FROM <RTFRDR> *****
      ***** Residue already exists.
      ******************************************
      BOMLEV (  0) IS NOT REACHED. WRNLEV IS  5

          RESI MGU2          0.00
 There were   2 warning(s) from RTFRDR.
  
 CHARMM>     
  
 CHARMM>    read param card flex append

          PARAMETER FILE BEING READ FROM UNIT 98
 RDTITL>  
 RDTITL> No title read.
 PARMIO> NONBOND, HBOND lists and IMAGE atoms cleared.
  
 CHARMM>     
  
 CHARMM>    return
 VCLOSE: Closing unit   98 with status "KEEP"

                    RETURNING TO INPUT STREAM    99
  
 CHARMM>    stream toppar/toppar_all36_prot_c36m_d_aminoacids.str
 VOPEN> Attempting to open::toppar/toppar_all36_prot_c36m_d_aminoacids.str::
 OPNLGU> Unit 98 opened for READONLY access to toppar/toppar_all36_prot_c36m_d_aminoacids.str

                    INPUT STREAM SWITCHING TO UNIT    98
 RDTITL> *>>>>>>CHARMM36 ALL-HYDROGEN TOPPAR FILE FOR D-PROTEINS <<<<<<<
 RDTITL> *>>>>>>>>>>>>>>>>>>>>>>>>>> JAN. 2016 <<<<<<<<<<<<<<<<<<<<<<<<<<<<
 RDTITL> * ALL COMMENTS TO THE CHARMM WEB SITE: WWW.CHARMM.ORG
 RDTITL> *             PARAMETER SET DISCUSSION FORUM
 RDTITL> *
 Parameter: IN1 <- "" <empty>
  
 CHARMM>     
  
 CHARMM>    !update 2016/2. use directly inverted CMAPs
 CHARMM>     
  
 CHARMM>    !toppar stream file for D-amino acids. Includes new residue
 CHARMM>    !names, inverted CMAP and additional parameters.
 CHARMM>     
  
 CHARMM>    !Parent files that have to be read prior to streaming this file
 CHARMM>    !top_all36_prot.rtf
 CHARMM>    !par_all36m_prot.prm
 CHARMM>    !
 CHARMM>    !Testcase
 CHARMM>    !test_all36_d_amino_acid.inp
 CHARMM>     
  
 CHARMM>    !test "append" to determine if previous toppar files have been read and
 CHARMM>    !add append to "read rtf card" if true
 CHARMM>    set nat ?NATC
 RDCMND substituted energy or value "?NATC" to "556"
 Parameter: NAT <- "556"
  
 CHARMM>    set app
 Parameter: APP <- "" <empty>
  
 CHARMM>    !We're exploiting what is arguably a bug in the parser. On the left hand side,
 CHARMM>    !the quotes have priority, so NAT is correctly substituted. On the right hand
 CHARMM>    !side, the ? has priority and NATC" (sic) is not a valid substitution...
 CHARMM>    if "@NAT" ne "?NATC" if @nat ne 0 set app append
 Parameter: NAT -> "556"
 Parameter: NAT -> "556"
 RDCMND: can not substitute energy "?NATC""
 Comparing ""556"" and ""?NATC"".
 IF test evaluated as true.  Performing command
 Comparing "556" and "0".
 IF test evaluated as true.  Performing command
 Parameter: APP <- "APPEND"
  
 CHARMM>     
  
 CHARMM>    read rtf card @app
 Parameter: APP -> "APPEND"
 MAINIO> Residue topology file being read from unit  98.
 RDTITL> * TOPOLOGY FOR D- AMINOACIDS
 RDTITL> *
  
 CHARMM>     
  
 CHARMM>    read para card flex @app
 Parameter: APP -> "APPEND"

          PARAMETER FILE BEING READ FROM UNIT 98
 RDTITL> * PARAMETERS FOR D- AMINOACIDS
 RDTITL> *
 PARMIO> NONBOND, HBOND lists and IMAGE atoms cleared.
  
 VCLOSE: Closing unit   98 with status "KEEP"

                    RETURNING TO INPUT STREAM    99
  
 CHARMM>    stream toppar/toppar_all36_prot_fluoro_alkanes.str
 VOPEN> Attempting to open::toppar/toppar_all36_prot_fluoro_alkanes.str::
 OPNLGU> Unit 98 opened for READONLY access to toppar/toppar_all36_prot_fluoro_alkanes.str

                    INPUT STREAM SWITCHING TO UNIT    98
 RDTITL> * TOPOLOGY AND PARAMETERS FOR FLUORINATED ALKANES.
 RDTITL> *
 Parameter: IN1 <- "" <empty>
  
 CHARMM>     
  
 CHARMM>    !These parameters are maintained for historic reasons.  The CGenFF
 CHARMM>    !halogen parameters are a significant improvement over these
 CHARMM>    !parameters.
 CHARMM>     
  
 CHARMM>    !Parent files that have to be read prior to streaming this file
 CHARMM>    !top_all36_prot.rtf
 CHARMM>    !par_all36_prot.prm
 CHARMM>     
  
 CHARMM>    !Testcase
 CHARMM>    !test_all36_prot_fluoro_alkanes.inp
 CHARMM>     
  
 CHARMM>    !Reference
 CHARMM>    !Chen, I.-J., Yin, D. and MacKerell, Jr., A.D., "Combined Ab
 CHARMM>    !initio/Empirical Approach for Optimization of Lennard-Jones Parameters
 CHARMM>    !for Polar-Neutral Compounds," Journal of Computational Chemistry,
 CHARMM>    !2002, 23:199-213.
 CHARMM>    !
 CHARMM>    !Note that these parameters are higly optimized to reproduce the
 CHARMM>    !corresponding condensed phase properties and have not been incorporated
 CHARMM>    !into the CHARMM22 or CHARMM27 biomolecular force fields
 CHARMM>     
  
 CHARMM>    read rtf card append
 MAINIO> Residue topology file being read from unit  98.
 RDTITL> * TOPOLOGY FOR FLUOROALKANES
 RDTITL> *
*** WARNING **** residue ETHA already exists (old one deleted)

      ***** LEVEL  1 WARNING FROM <RTFRDR> *****
      ***** Residue already exists.
      ******************************************
      BOMLEV (  0) IS NOT REACHED. WRNLEV IS  5

          RESI ETHA  0.0
*** WARNING **** residue FETH already exists (old one deleted)

      ***** LEVEL  1 WARNING FROM <RTFRDR> *****
      ***** Residue already exists.
      ******************************************
      BOMLEV (  0) IS NOT REACHED. WRNLEV IS  5

          RESI FETH  0.0
*** WARNING **** residue DFET already exists (old one deleted)

      ***** LEVEL  1 WARNING FROM <RTFRDR> *****
      ***** Residue already exists.
      ******************************************
      BOMLEV (  0) IS NOT REACHED. WRNLEV IS  5

          RESI DFET 0.0
*** WARNING **** residue TFET already exists (old one deleted)

      ***** LEVEL  1 WARNING FROM <RTFRDR> *****
      ***** Residue already exists.
      ******************************************
      BOMLEV (  0) IS NOT REACHED. WRNLEV IS  5

          RESI TFET  0.0
*** WARNING **** residue TFE  already exists (old one deleted)

      ***** LEVEL  1 WARNING FROM <RTFRDR> *****
      ***** Residue already exists.
      ******************************************
      BOMLEV (  0) IS NOT REACHED. WRNLEV IS  5

          RESI TFE   0.0
 There were   5 warning(s) from RTFRDR.
  
 CHARMM>     
  
 CHARMM>    read para card flex append

          PARAMETER FILE BEING READ FROM UNIT 98
 RDTITL> * FLUOROALKANE PARAMETERS
 RDTITL> *
 PARMIO> NONBOND, HBOND lists and IMAGE atoms cleared.
  
 CHARMM>     
  
 CHARMM>    return
 VCLOSE: Closing unit   98 with status "KEEP"

                    RETURNING TO INPUT STREAM    99
  
 CHARMM>    stream toppar/toppar_all36_prot_heme.str
 VOPEN> Attempting to open::toppar/toppar_all36_prot_heme.str::
 OPNLGU> Unit 98 opened for READONLY access to toppar/toppar_all36_prot_heme.str

                    INPUT STREAM SWITCHING TO UNIT    98
 RDTITL> * TOPOLOGY AND PARAMETER STREAM FILE FOR HEME AND RELATED
 RDTITL> * LIGANDS AND PATCHES.
 RDTITL> *
 Parameter: IN1 <- "" <empty>
  
 CHARMM>     
  
 CHARMM>    !updated 2016/2, allow for use of AUTOGENERATE ANGLE DIHEDRAl PATCH
 CHARMM>     
  
 CHARMM>    !Parent files that have to be read prior to streaming this file
 CHARMM>    !top_all36_prot.rtf
 CHARMM>    !par_all36_prot.prm
 CHARMM>     
  
 CHARMM>    !Testcase
 CHARMM>    !test_all36_prot_heme.inp
 CHARMM>     
  
 CHARMM>    read rtf card append
 MAINIO> Residue topology file being read from unit  98.
 RDTITL> * TOPOLOGY FOR HEME AND RELATED COMPOUNDS AND PATCHES
 RDTITL> *
*** WARNING **** residue CO2  already exists (old one deleted)

      ***** LEVEL  1 WARNING FROM <RTFRDR> *****
      ***** Residue already exists.
      ******************************************
      BOMLEV (  0) IS NOT REACHED. WRNLEV IS  5

          RESI CO2             0.00
 There were   1 warning(s) from RTFRDR.
  
 CHARMM>     
  
 CHARMM>    read para card flex append

          PARAMETER FILE BEING READ FROM UNIT 98
 RDTITL> * ADDITIONAL PARAMETERS FOR HEME
 RDTITL> *
 PARMIO> NONBOND, HBOND lists and IMAGE atoms cleared.
  
 CHARMM>     
  
 CHARMM>    return
 VCLOSE: Closing unit   98 with status "KEEP"

                    RETURNING TO INPUT STREAM    99
  
 CHARMM>    stream toppar/toppar_all36_prot_na_combined.str
 VOPEN> Attempting to open::toppar/toppar_all36_prot_na_combined.str::
 OPNLGU> Unit 98 opened for READONLY access to toppar/toppar_all36_prot_na_combined.str

                    INPUT STREAM SWITCHING TO UNIT    98
 RDTITL> * TOPOLOGY AND PARAMETER STREAM FILE FOR PATCHES TO CREATE
 RDTITL> * MODEL COMPOUNDS AND PATCHES THAT REQUIRE BOTH PROTEIN AND
 RDTITL> * NUCLEIC ACID TOPOLOGY AND PARAMETER INFORMATION
 RDTITL> *
 Parameter: IN1 <- "" <empty>
  
 CHARMM>     
  
 CHARMM>    !Parent files that have to be read prior to streaming this file
 CHARMM>    !top_all36_prot.rtf
 CHARMM>    !par_all36_prot.prm
 CHARMM>    !top_all36_na.rtf
 CHARMM>    !par_all36_na.prm
 CHARMM>    !stream/toppar_all36_prot_fluoro_alkanes.str ! atom types an parameters for fluorinated compounds
 CHARMM>     
  
 CHARMM>    !Testcase
 CHARMM>    !test_all36_prot_na_combined.inp
 CHARMM>     
  
 CHARMM>    !all patches must be followed by AUTOGENERATE ANGLES DIHEDRALS
 CHARMM>     
  
 CHARMM>    !PHOSPHOTYROSINE
 CHARMM>    !
 CHARMM>    !Feng, M.-H., Philippopoulos, M., MacKerell, Jr., A.D. and Lim, C.
 CHARMM>    !Structural Characterization of the Phosphotyrosine Binding Region of a
 CHARMM>    !High-Affinity aSH2 Domain-Phosphopeptide Complex by Molecular Dynamics
 CHARMM>    !Simulation and Chemical Shift Calculations. Journal of the American
 CHARMM>    !Chemical Society, 1996, 118: 11265-11277.
 CHARMM>     
  
 CHARMM>    read rtf card append
 MAINIO> Residue topology file being read from unit  98.
 RDTITL> * TOPOLOGY FOR PHOSPHORYLATED AMINO ACIDS
 RDTITL> *
*** WARNING **** residue THFI already exists (old one deleted)

      ***** LEVEL  1 WARNING FROM <RTFRDR> *****
      ***** Residue already exists.
      ******************************************
      BOMLEV (  0) IS NOT REACHED. WRNLEV IS  5

          RESI THFI       0.00
*** WARNING **** residue THMI already exists (old one deleted)

      ***** LEVEL  1 WARNING FROM <RTFRDR> *****
      ***** Residue already exists.
      ******************************************
      BOMLEV (  0) IS NOT REACHED. WRNLEV IS  5

          RESI THMI       0.00
*** WARNING **** residue THFA already exists (old one deleted)

      ***** LEVEL  1 WARNING FROM <RTFRDR> *****
      ***** Residue already exists.
      ******************************************
      BOMLEV (  0) IS NOT REACHED. WRNLEV IS  5

          RESI THFA        0.00
*** WARNING **** residue THAO already exists (old one deleted)

      ***** LEVEL  1 WARNING FROM <RTFRDR> *****
      ***** Residue already exists.
      ******************************************
      BOMLEV (  0) IS NOT REACHED. WRNLEV IS  5

          RESI THAO         0.00
*** WARNING **** residue RNUS already exists (old one deleted)

      ***** LEVEL  1 WARNING FROM <RTFRDR> *****
      ***** Residue already exists.
      ******************************************
      BOMLEV (  0) IS NOT REACHED. WRNLEV IS  5

          RESI RNUS         0.00
*** WARNING **** residue NUCL already exists (old one deleted)

      ***** LEVEL  1 WARNING FROM <RTFRDR> *****
      ***** Residue already exists.
      ******************************************
      BOMLEV (  0) IS NOT REACHED. WRNLEV IS  5

          RESI NUCL        -1.00
*** WARNING **** residue PPH1 already exists (old one deleted)

      ***** LEVEL  1 WARNING FROM <RTFRDR> *****
      ***** Residue already exists.
      ******************************************
      BOMLEV (  0) IS NOT REACHED. WRNLEV IS  5

          RESI PPH1      -1.00
*** WARNING **** residue BMPH already exists (old one deleted)

      ***** LEVEL  1 WARNING FROM <RTFRDR> *****
      ***** Residue already exists.
      ******************************************
      BOMLEV (  0) IS NOT REACHED. WRNLEV IS  5

          RESI BMPH      -1.00
*** WARNING **** residue BMPD already exists (old one deleted)

      ***** LEVEL  1 WARNING FROM <RTFRDR> *****
      ***** Residue already exists.
      ******************************************
      BOMLEV (  0) IS NOT REACHED. WRNLEV IS  5

          RESI BMPD      -2.00
*** WARNING **** residue BDFP already exists (old one deleted)

      ***** LEVEL  1 WARNING FROM <RTFRDR> *****
      ***** Residue already exists.
      ******************************************
      BOMLEV (  0) IS NOT REACHED. WRNLEV IS  5

          RESI BDFP      -1.00
*** WARNING **** residue BDFD already exists (old one deleted)

      ***** LEVEL  1 WARNING FROM <RTFRDR> *****
      ***** Residue already exists.
      ******************************************
      BOMLEV (  0) IS NOT REACHED. WRNLEV IS  5

          RESI BDFD -2.00
*** WARNING **** residue EP_2 already exists (old one deleted)

      ***** LEVEL  1 WARNING FROM <RTFRDR> *****
      ***** Residue already exists.
      ******************************************
      BOMLEV (  0) IS NOT REACHED. WRNLEV IS  5

          RESI EP_2        -2.00
*** WARNING **** residue IP_2 already exists (old one deleted)

      ***** LEVEL  1 WARNING FROM <RTFRDR> *****
      ***** Residue already exists.
      ******************************************
      BOMLEV (  0) IS NOT REACHED. WRNLEV IS  5

          RESI IP_2        -2.00
 There were  13 warning(s) from RTFRDR.
  
 CHARMM>     
  
 CHARMM>    read para card flex append

          PARAMETER FILE BEING READ FROM UNIT 98
 RDTITL> * ADDITIONAL PARAMETERS FOR PHOSPHORYLATED AMINO ACIDS
 RDTITL> *
 PARMIO> NONBOND, HBOND lists and IMAGE atoms cleared.
  
 VCLOSE: Closing unit   98 with status "KEEP"

                    RETURNING TO INPUT STREAM    99
  
 CHARMM>    stream toppar/toppar_all36_prot_retinol.str
 VOPEN> Attempting to open::toppar/toppar_all36_prot_retinol.str::
 OPNLGU> Unit 98 opened for READONLY access to toppar/toppar_all36_prot_retinol.str

                    INPUT STREAM SWITCHING TO UNIT    98
 RDTITL> * TOPPAR STREAM FILE FOR RETINOL AND RETINAL PARAMETERS
 RDTITL> * A. LOCCISANO, A.M.W., J. EVANSECK AND A.D. MACKERELL, JR.
 RDTITL> * APRIL, 2005
 RDTITL> *
 Parameter: IN1 <- "" <empty>
  
 CHARMM>     
  
 CHARMM>    !use with c36 protein force fields
 CHARMM>    !top_all36_prot.rtf
 CHARMM>    !par_all36_prot.prm
 CHARMM>     
  
 CHARMM>    read rtf card append
 MAINIO> Residue topology file being read from unit  98.
 RDTITL> * RETINAL/RETINOL AND RELATED MODEL COMPOUNDS
 RDTITL> *
*** WARNING **** residue BTE2 already exists (old one deleted)

      ***** LEVEL  1 WARNING FROM <RTFRDR> *****
      ***** Residue already exists.
      ******************************************
      BOMLEV (  0) IS NOT REACHED. WRNLEV IS  5

          RESI BTE2       0.00
*** WARNING **** residue 13DB already exists (old one deleted)

      ***** LEVEL  1 WARNING FROM <RTFRDR> *****
      ***** Residue already exists.
      ******************************************
      BOMLEV (  0) IS NOT REACHED. WRNLEV IS  5

          RESI 13DB       0.00
*** WARNING **** residue 13DP already exists (old one deleted)

      ***** LEVEL  1 WARNING FROM <RTFRDR> *****
      ***** Residue already exists.
      ******************************************
      BOMLEV (  0) IS NOT REACHED. WRNLEV IS  5

          RESI 13DP       0.00
*** WARNING **** residue DMB1 already exists (old one deleted)

      ***** LEVEL  1 WARNING FROM <RTFRDR> *****
      ***** Residue already exists.
      ******************************************
      BOMLEV (  0) IS NOT REACHED. WRNLEV IS  5

          RESI DMB1       0.00
*** WARNING **** residue DMP1 already exists (old one deleted)

      ***** LEVEL  1 WARNING FROM <RTFRDR> *****
      ***** Residue already exists.
      ******************************************
      BOMLEV (  0) IS NOT REACHED. WRNLEV IS  5

          RESI DMP1       0.00
*** WARNING **** residue DMP2 already exists (old one deleted)

      ***** LEVEL  1 WARNING FROM <RTFRDR> *****
      ***** Residue already exists.
      ******************************************
      BOMLEV (  0) IS NOT REACHED. WRNLEV IS  5

          RESI DMP2       0.00
*** WARNING **** residue CROT already exists (old one deleted)

      ***** LEVEL  1 WARNING FROM <RTFRDR> *****
      ***** Residue already exists.
      ******************************************
      BOMLEV (  0) IS NOT REACHED. WRNLEV IS  5

          RESI CROT       0.00
*** WARNING **** residue PACP already exists (old one deleted)

      ***** LEVEL  1 WARNING FROM <RTFRDR> *****
      ***** Residue already exists.
      ******************************************
      BOMLEV (  0) IS NOT REACHED. WRNLEV IS  5

          RESI PACP       0.00
*** WARNING **** residue MECH already exists (old one deleted)

      ***** LEVEL  1 WARNING FROM <RTFRDR> *****
      ***** Residue already exists.
      ******************************************
      BOMLEV (  0) IS NOT REACHED. WRNLEV IS  5

          RESI MECH       0.00
*** WARNING **** residue TMCH already exists (old one deleted)

      ***** LEVEL  1 WARNING FROM <RTFRDR> *****
      ***** Residue already exists.
      ******************************************
      BOMLEV (  0) IS NOT REACHED. WRNLEV IS  5

          RESI TMCH       0.00
*** WARNING **** residue FRET already exists (old one deleted)

      ***** LEVEL  1 WARNING FROM <RTFRDR> *****
      ***** Residue already exists.
      ******************************************
      BOMLEV (  0) IS NOT REACHED. WRNLEV IS  5

          RESI FRET       0.00
*** WARNING **** residue RTOL already exists (old one deleted)

      ***** LEVEL  1 WARNING FROM <RTFRDR> *****
      ***** Residue already exists.
      ******************************************
      BOMLEV (  0) IS NOT REACHED. WRNLEV IS  5

          RESI RTOL       0.00
*** WARNING **** residue RTAL already exists (old one deleted)

      ***** LEVEL  1 WARNING FROM <RTFRDR> *****
      ***** Residue already exists.
      ******************************************
      BOMLEV (  0) IS NOT REACHED. WRNLEV IS  5

          RESI RTAL       0.00
*** WARNING **** residue RTAC already exists (old one deleted)

      ***** LEVEL  1 WARNING FROM <RTFRDR> *****
      ***** Residue already exists.
      ******************************************
      BOMLEV (  0) IS NOT REACHED. WRNLEV IS  5

          RESI RTAC      -1.00
*** WARNING **** residue PRAC already exists (old one deleted)

      ***** LEVEL  1 WARNING FROM <RTFRDR> *****
      ***** Residue already exists.
      ******************************************
      BOMLEV (  0) IS NOT REACHED. WRNLEV IS  5

          RESI PRAC      -1.00
*** WARNING **** residue PROL already exists (old one deleted)

      ***** LEVEL  1 WARNING FROM <RTFRDR> *****
      ***** Residue already exists.
      ******************************************
      BOMLEV (  0) IS NOT REACHED. WRNLEV IS  5

          RESI PROL       0.00
*** WARNING **** residue PRAL already exists (old one deleted)

      ***** LEVEL  1 WARNING FROM <RTFRDR> *****
      ***** Residue already exists.
      ******************************************
      BOMLEV (  0) IS NOT REACHED. WRNLEV IS  5

          RESI PRAL       0.00
*** WARNING **** residue SCH1 already exists (old one deleted)

      ***** LEVEL  1 WARNING FROM <RTFRDR> *****
      ***** Residue already exists.
      ******************************************
      BOMLEV (  0) IS NOT REACHED. WRNLEV IS  5

          RESI SCH1       0.00
*** WARNING **** residue SCH2 already exists (old one deleted)

      ***** LEVEL  1 WARNING FROM <RTFRDR> *****
      ***** Residue already exists.
      ******************************************
      BOMLEV (  0) IS NOT REACHED. WRNLEV IS  5

          RESI SCH2       1.00
*** WARNING **** residue SCH3 already exists (old one deleted)

      ***** LEVEL  1 WARNING FROM <RTFRDR> *****
      ***** Residue already exists.
      ******************************************
      BOMLEV (  0) IS NOT REACHED. WRNLEV IS  5

          RESI SCH3       1.00
 There were  20 warning(s) from RTFRDR.
  
 CHARMM>     
  
 CHARMM>    read para card flex append

          PARAMETER FILE BEING READ FROM UNIT 98
 RDTITL> * RETINAL/RETINOL AND RELATED PARAMETERS
 RDTITL> *
 PARMIO> NONBOND, HBOND lists and IMAGE atoms cleared.
  
 CHARMM>     
  
 VCLOSE: Closing unit   98 with status "KEEP"

                    RETURNING TO INPUT STREAM    99
  
 CHARMM>    stream toppar/toppar_all36_prot_model.str
 VOPEN> Attempting to open::toppar/toppar_all36_prot_model.str::
 OPNLGU> Unit 98 opened for READONLY access to toppar/toppar_all36_prot_model.str

                    INPUT STREAM SWITCHING TO UNIT    98
 RDTITL> *>> ALL-HYDROGEN TOPOLOGY FOR SMALL MODEL COMPOUNDS USED IN THE <<
 RDTITL> *>> DEVELOPMENT OF THE CHARMM22 PROTEIN ALL-HYDROGEN PARAMETERS <<
 RDTITL> *>>>>>>>>>>>>>>>>>>>>>>> JULY 1997 <<<<<<<<<<<<<<<<<<<<<<<<<<<<<<<
 RDTITL> *>>>>>>>> DIRECT COMMENTS TO ALEXANDER D. MACKERELL JR. <<<<<<<<<<
 RDTITL> *>>>>>>>>>>>>>>> PARAMETER FORUM, WWW.CHARMM.ORG <<<<<<<<<<<<<<<<<
 RDTITL> *CONVERTED TO STREAM FORMAT, DECEMBER 2003
 RDTITL> *CONVERTED TO CHARMM36 PROTEIN ATOM TYPES, MAY 2011
 RDTITL> *
 Parameter: IN1 <- "" <empty>
  
 CHARMM>     
  
 CHARMM>    !Parent files that have to be read prior to streaming this file
 CHARMM>    !top_all36_prot.rtf
 CHARMM>    !par_all36_prot.prm
 CHARMM>    !
 CHARMM>    !Testcase
 CHARMM>    !test_all36_prot_model.inp
 CHARMM>     
  
 CHARMM>    !changes after 9/98
 CHARMM>    !
 CHARMM>    !change alkene HA1 and HA2 to HE1 and HE2
 CHARMM>    !
 CHARMM>    !improper atom ordering corrected
 CHARMM>    !
 CHARMM>    !version b5i to be consistent with protein toppar files
 CHARMM>    !
 CHARMM>    !Heme vinyl groups upgraded based on new butene parameters
 CHARMM>    !
 CHARMM>     
  
 CHARMM>    ! references
 CHARMM>    !
 CHARMM>    !PROTEINS
 CHARMM>    !
 CHARMM>    !MacKerell, Jr., A. D.; Bashford, D.; Bellott, M.; Dunbrack Jr., R.L.;
 CHARMM>    !Evanseck, J.D.; Field, M.J.; Fischer, S.; Gao, J.; Guo, H.; Ha, S.;
 CHARMM>    !Joseph-McCarthy, D.; Kuchnir, L.; Kuczera, K.; Lau, F.T.K.; Mattos,
 CHARMM>    !C.; Michnick, S.; Ngo, T.; Nguyen, D.T.; Prodhom, B.; Reiher, III,
 CHARMM>    !W.E.; Roux, B.; Schlenkrich, M.; Smith, J.C.; Stote, R.; Straub, J.;
 CHARMM>    !Watanabe, M.; Wiorkiewicz-Kuczera, J.; Yin, D.; Karplus, M.  All-atom
 CHARMM>    !empirical potential for molecular modeling and dynamics Studies of
 CHARMM>    !proteins.  Journal of Physical Chemistry B, 1998, 102, 3586-3616.
 CHARMM>     
  
 CHARMM>    read rtf card append
 MAINIO> Residue topology file being read from unit  98.
 RDTITL> * TOPOLOGY FOR PROTEIN RELATED MODEL COMPOUNDS
 RDTITL> *
*** WARNING **** residue ACET already exists (old one deleted)

      ***** LEVEL  1 WARNING FROM <RTFRDR> *****
      ***** Residue already exists.
      ******************************************
      BOMLEV (  0) IS NOT REACHED. WRNLEV IS  5

          RESI ACET       -1.00
*** WARNING **** residue PROA already exists (old one deleted)

      ***** LEVEL  1 WARNING FROM <RTFRDR> *****
      ***** Residue already exists.
      ******************************************
      BOMLEV (  0) IS NOT REACHED. WRNLEV IS  5

          RESI PROA       -1.00
*** WARNING **** residue GUAN already exists (old one deleted)

      ***** LEVEL  1 WARNING FROM <RTFRDR> *****
      ***** Residue already exists.
      ******************************************
      BOMLEV (  0) IS NOT REACHED. WRNLEV IS  5

          RESI GUAN        1.00
*** WARNING **** residue MGUA already exists (old one deleted)

      ***** LEVEL  1 WARNING FROM <RTFRDR> *****
      ***** Residue already exists.
      ******************************************
      BOMLEV (  0) IS NOT REACHED. WRNLEV IS  5

          RESI MGUA        1.00
*** WARNING **** residue GLYN already exists (old one deleted)

      ***** LEVEL  1 WARNING FROM <RTFRDR> *****
      ***** Residue already exists.
      ******************************************
      BOMLEV (  0) IS NOT REACHED. WRNLEV IS  5

          RESI GLYN         0.00
*** WARNING **** residue MAMM already exists (old one deleted)

      ***** LEVEL  1 WARNING FROM <RTFRDR> *****
      ***** Residue already exists.
      ******************************************
      BOMLEV (  0) IS NOT REACHED. WRNLEV IS  5

          RESI MAMM        1.00
*** WARNING **** residue EAMM already exists (old one deleted)

      ***** LEVEL  1 WARNING FROM <RTFRDR> *****
      ***** Residue already exists.
      ******************************************
      BOMLEV (  0) IS NOT REACHED. WRNLEV IS  5

          RESI EAMM        1.00
*** WARNING **** residue ACEH already exists (old one deleted)

      ***** LEVEL  1 WARNING FROM <RTFRDR> *****
      ***** Residue already exists.
      ******************************************
      BOMLEV (  0) IS NOT REACHED. WRNLEV IS  5

          RESI ACEH        0.00
*** WARNING **** residue MEOH already exists (old one deleted)

      ***** LEVEL  1 WARNING FROM <RTFRDR> *****
      ***** Residue already exists.
      ******************************************
      BOMLEV (  0) IS NOT REACHED. WRNLEV IS  5

          RESI MEOH        0.00
*** WARNING **** residue METO already exists (old one deleted)

      ***** LEVEL  1 WARNING FROM <RTFRDR> *****
      ***** Residue already exists.
      ******************************************
      BOMLEV (  0) IS NOT REACHED. WRNLEV IS  5

          RESI METO       -1.00
*** WARNING **** residue ETOH already exists (old one deleted)

      ***** LEVEL  1 WARNING FROM <RTFRDR> *****
      ***** Residue already exists.
      ******************************************
      BOMLEV (  0) IS NOT REACHED. WRNLEV IS  5

          RESI ETOH        0.00
*** WARNING **** residue ETO  already exists (old one deleted)

      ***** LEVEL  1 WARNING FROM <RTFRDR> *****
      ***** Residue already exists.
      ******************************************
      BOMLEV (  0) IS NOT REACHED. WRNLEV IS  5

          RESI ETO        -1.00
*** WARNING **** residue PRO2 already exists (old one deleted)

      ***** LEVEL  1 WARNING FROM <RTFRDR> *****
      ***** Residue already exists.
      ******************************************
      BOMLEV (  0) IS NOT REACHED. WRNLEV IS  5

          RESI PRO2        0.00
*** WARNING **** residue FORM already exists (old one deleted)

      ***** LEVEL  1 WARNING FROM <RTFRDR> *****
      ***** Residue already exists.
      ******************************************
      BOMLEV (  0) IS NOT REACHED. WRNLEV IS  5

          RESI FORM        0.00
*** WARNING **** residue ACEM already exists (old one deleted)

      ***** LEVEL  1 WARNING FROM <RTFRDR> *****
      ***** Residue already exists.
      ******************************************
      BOMLEV (  0) IS NOT REACHED. WRNLEV IS  5

          RESI ACEM        0.00
*** WARNING **** residue NMA  already exists (old one deleted)

      ***** LEVEL  1 WARNING FROM <RTFRDR> *****
      ***** Residue already exists.
      ******************************************
      BOMLEV (  0) IS NOT REACHED. WRNLEV IS  5

          RESI NMA         0.00
*** WARNING **** residue MESH already exists (old one deleted)

      ***** LEVEL  1 WARNING FROM <RTFRDR> *****
      ***** Residue already exists.
      ******************************************
      BOMLEV (  0) IS NOT REACHED. WRNLEV IS  5

          RESI MESH        0.00
*** WARNING **** residue MES1 already exists (old one deleted)

      ***** LEVEL  1 WARNING FROM <RTFRDR> *****
      ***** Residue already exists.
      ******************************************
      BOMLEV (  0) IS NOT REACHED. WRNLEV IS  5

          RESI MES1       -1.00
*** WARNING **** residue ETSH already exists (old one deleted)

      ***** LEVEL  1 WARNING FROM <RTFRDR> *****
      ***** Residue already exists.
      ******************************************
      BOMLEV (  0) IS NOT REACHED. WRNLEV IS  5

          RESI ETSH        0.00
*** WARNING **** residue ES1  already exists (old one deleted)

      ***** LEVEL  1 WARNING FROM <RTFRDR> *****
      ***** Residue already exists.
      ******************************************
      BOMLEV (  0) IS NOT REACHED. WRNLEV IS  5

          RESI ES1        -1.00
*** WARNING **** residue DMDS already exists (old one deleted)

      ***** LEVEL  1 WARNING FROM <RTFRDR> *****
      ***** Residue already exists.
      ******************************************
      BOMLEV (  0) IS NOT REACHED. WRNLEV IS  5

          RESI DMDS        0.00
*** WARNING **** residue DEDS already exists (old one deleted)

      ***** LEVEL  1 WARNING FROM <RTFRDR> *****
      ***** Residue already exists.
      ******************************************
      BOMLEV (  0) IS NOT REACHED. WRNLEV IS  5

          RESI DEDS        0.00
*** WARNING **** residue EMS  already exists (old one deleted)

      ***** LEVEL  1 WARNING FROM <RTFRDR> *****
      ***** Residue already exists.
      ******************************************
      BOMLEV (  0) IS NOT REACHED. WRNLEV IS  5

          RESI EMS         0.00
*** WARNING **** residue IMIA already exists (old one deleted)

      ***** LEVEL  1 WARNING FROM <RTFRDR> *****
      ***** Residue already exists.
      ******************************************
      BOMLEV (  0) IS NOT REACHED. WRNLEV IS  5

          RESI IMIA        0.00
*** WARNING **** residue MIMI already exists (old one deleted)

      ***** LEVEL  1 WARNING FROM <RTFRDR> *****
      ***** Residue already exists.
      ******************************************
      BOMLEV (  0) IS NOT REACHED. WRNLEV IS  5

          RESI MIMI        0.00
*** WARNING **** residue EIMI already exists (old one deleted)

      ***** LEVEL  1 WARNING FROM <RTFRDR> *****
      ***** Residue already exists.
      ******************************************
      BOMLEV (  0) IS NOT REACHED. WRNLEV IS  5

          RESI EIMI        0.00
*** WARNING **** residue IMIM already exists (old one deleted)

      ***** LEVEL  1 WARNING FROM <RTFRDR> *****
      ***** Residue already exists.
      ******************************************
      BOMLEV (  0) IS NOT REACHED. WRNLEV IS  5

          RESI IMIM        1.00
*** WARNING **** residue EIMM already exists (old one deleted)

      ***** LEVEL  1 WARNING FROM <RTFRDR> *****
      ***** Residue already exists.
      ******************************************
      BOMLEV (  0) IS NOT REACHED. WRNLEV IS  5

          RESI EIMM        1.00
*** WARNING **** residue BENZ already exists (old one deleted)

      ***** LEVEL  1 WARNING FROM <RTFRDR> *****
      ***** Residue already exists.
      ******************************************
      BOMLEV (  0) IS NOT REACHED. WRNLEV IS  5

          RESI BENZ        0.00
*** WARNING **** residue EBEN already exists (old one deleted)

      ***** LEVEL  1 WARNING FROM <RTFRDR> *****
      ***** Residue already exists.
      ******************************************
      BOMLEV (  0) IS NOT REACHED. WRNLEV IS  5

          RESI EBEN         0.00
*** WARNING **** residue PHEN already exists (old one deleted)

      ***** LEVEL  1 WARNING FROM <RTFRDR> *****
      ***** Residue already exists.
      ******************************************
      BOMLEV (  0) IS NOT REACHED. WRNLEV IS  5

          RESI PHEN        0.00
*** WARNING **** residue EPHE already exists (old one deleted)

      ***** LEVEL  1 WARNING FROM <RTFRDR> *****
      ***** Residue already exists.
      ******************************************
      BOMLEV (  0) IS NOT REACHED. WRNLEV IS  5

          RESI EPHE        0.00
*** WARNING **** residue PHEO already exists (old one deleted)

      ***** LEVEL  1 WARNING FROM <RTFRDR> *****
      ***** Residue already exists.
      ******************************************
      BOMLEV (  0) IS NOT REACHED. WRNLEV IS  5

          RESI PHEO       -1.00
*** WARNING **** residue INDO already exists (old one deleted)

      ***** LEVEL  1 WARNING FROM <RTFRDR> *****
      ***** Residue already exists.
      ******************************************
      BOMLEV (  0) IS NOT REACHED. WRNLEV IS  5

          RESI INDO        0.00
*** WARNING **** residue EIND already exists (old one deleted)

      ***** LEVEL  1 WARNING FROM <RTFRDR> *****
      ***** Residue already exists.
      ******************************************
      BOMLEV (  0) IS NOT REACHED. WRNLEV IS  5

          RESI EIND        0.00
*** WARNING **** residue PDIP already exists (old one deleted)

      ***** LEVEL  1 WARNING FROM <RTFRDR> *****
      ***** Residue already exists.
      ******************************************
      BOMLEV (  0) IS NOT REACHED. WRNLEV IS  5

          RESI PDIP        0.00
*** WARNING **** residue ETHA already exists (old one deleted)

      ***** LEVEL  1 WARNING FROM <RTFRDR> *****
      ***** Residue already exists.
      ******************************************
      BOMLEV (  0) IS NOT REACHED. WRNLEV IS  5

          RESI ETHA        0.00
*** WARNING **** residue PRPA already exists (old one deleted)

      ***** LEVEL  1 WARNING FROM <RTFRDR> *****
      ***** Residue already exists.
      ******************************************
      BOMLEV (  0) IS NOT REACHED. WRNLEV IS  5

          RESI PRPA        0.00
*** WARNING **** residue IBUT already exists (old one deleted)

      ***** LEVEL  1 WARNING FROM <RTFRDR> *****
      ***** Residue already exists.
      ******************************************
      BOMLEV (  0) IS NOT REACHED. WRNLEV IS  5

          RESI IBUT        0.00
*** WARNING **** residue OCOH already exists (old one deleted)

      ***** LEVEL  1 WARNING FROM <RTFRDR> *****
      ***** Residue already exists.
      ******************************************
      BOMLEV (  0) IS NOT REACHED. WRNLEV IS  5

          RESI OCOH    0.0
*** WARNING **** residue CO3  already exists (old one deleted)

      ***** LEVEL  1 WARNING FROM <RTFRDR> *****
      ***** Residue already exists.
      ******************************************
      BOMLEV (  0) IS NOT REACHED. WRNLEV IS  5

          RESI CO3  -2.0
*** WARNING **** residue C3   already exists (old one deleted)

      ***** LEVEL  1 WARNING FROM <RTFRDR> *****
      ***** Residue already exists.
      ******************************************
      BOMLEV (  0) IS NOT REACHED. WRNLEV IS  5

          RESI C3    0.00
 There were  42 warning(s) from RTFRDR.
  
 CHARMM>     
  
 CHARMM>    read para card flex append

          PARAMETER FILE BEING READ FROM UNIT 98
 RDTITL>  
 RDTITL> No title read.
 PARMIO> NONBOND, HBOND lists and IMAGE atoms cleared.
  
 CHARMM>     
  
 CHARMM>    return
 VCLOSE: Closing unit   98 with status "KEEP"

                    RETURNING TO INPUT STREAM    99
  
 CHARMM>    stream toppar/toppar_all36_prot_modify_res.str
 VOPEN> Attempting to open::toppar/toppar_all36_prot_modify_res.str::
 OPNLGU> Unit 98 opened for READONLY access to toppar/toppar_all36_prot_modify_res.str

                    INPUT STREAM SWITCHING TO UNIT    98
 RDTITL> * TOPPAR FILE FOR VARIOUS MODIFIED RESIDUES AND PATCHES, INCLUDING
 RDTITL> * PATCHES TO COVALENTLY LINK RESIDUES TO IONS TO WORK WITH THE
 RDTITL> * ADDITIVE C36 PROTEIN FORCE FIELD
 RDTITL> * REQUIRES CGENFF PARAMETER FILE
 RDTITL> *
 Parameter: IN1 <- "" <empty>
  
 CHARMM>     
  
 CHARMM>    !Acetyllysine (ALY)
 CHARMM>    !Norleucine (NLE) and
 CHARMM>    ! residues and patches for Zn-protein interactions modeled using
 CHARMM>    ! bond and angles between the protein and Zn.
 CHARMM>     
  
 CHARMM>    !non-standard amino acids: 2021
 CHARMM>    !Croitoru, A., Park, S.-J., Kumar, A., Lee, J., Im, Wonpil; MacKerell,
 CHARMM>    !A.D., Jr., and Aleksandrov, A. Additive CHARMM36 Force Field for
 CHARMM>    !Nonstandard Amino Acids, Journal of Chemical Theory and Computation,
 CHARMM>    !17:3554-3570, doi: 10.1021/acs.jctc.1c00254.
 CHARMM>     
  
 CHARMM>    read rtf card append
 MAINIO> Residue topology file being read from unit  98.
 RDTITL> * TOPPAR FILE PROTEIN MODIFICATIONS
 RDTITL> *
*** WARNING **** residue CGU  already exists (old one deleted)

      ***** LEVEL  1 WARNING FROM <RTFRDR> *****
      ***** Residue already exists.
      ******************************************
      BOMLEV (  0) IS NOT REACHED. WRNLEV IS  5

          RESI CGU              -2.000
*** WARNING **** residue CME  already exists (old one deleted)

      ***** LEVEL  1 WARNING FROM <RTFRDR> *****
      ***** Residue already exists.
      ******************************************
      BOMLEV (  0) IS NOT REACHED. WRNLEV IS  5

          RESI CME               0.000
*** WARNING **** residue HIC  already exists (old one deleted)

      ***** LEVEL  1 WARNING FROM <RTFRDR> *****
      ***** Residue already exists.
      ******************************************
      BOMLEV (  0) IS NOT REACHED. WRNLEV IS  5

          RESI HIC               0.000
*** WARNING **** residue HICP already exists (old one deleted)

      ***** LEVEL  1 WARNING FROM <RTFRDR> *****
      ***** Residue already exists.
      ******************************************
      BOMLEV (  0) IS NOT REACHED. WRNLEV IS  5

          RESI HICP              1.000
*** WARNING **** residue CGUP already exists (old one deleted)

      ***** LEVEL  1 WARNING FROM <RTFRDR> *****
      ***** Residue already exists.
      ******************************************
      BOMLEV (  0) IS NOT REACHED. WRNLEV IS  5

          RESI CGUP             -1.000
 There were   5 warning(s) from RTFRDR.
  
 CHARMM>     
  
 CHARMM>    read para card append flex

          PARAMETER FILE BEING READ FROM UNIT 98
 RDTITL>  
 RDTITL> No title read.
 PARMIO> NONBOND, HBOND lists and IMAGE atoms cleared.
  
 CHARMM>     
  
 CHARMM>    return
 VCLOSE: Closing unit   98 with status "KEEP"

                    RETURNING TO INPUT STREAM    99
  
 CHARMM>     
  
 CHARMM>    ! Additional topologies and parameters for nucleic acids
 CHARMM>    stream toppar/toppar_all36_na_nad_ppi.str
 VOPEN> Attempting to open::toppar/toppar_all36_na_nad_ppi.str::
 OPNLGU> Unit 98 opened for READONLY access to toppar/toppar_all36_na_nad_ppi.str

                    INPUT STREAM SWITCHING TO UNIT    98
 RDTITL> * CHARMM36 ALL-HYDROGEN NUCLEIC ACID FORCE TOPPAR STREAM FILE
 RDTITL> * NAD+, NADH, ADP, ATP, PPI AND RELATED ANALOGS
 RDTITL> * A.D. MACKERELL, JR., JULY 2001
 RDTITL> * STREAM FOLLOWING RTF AND PARAM READ OF
 RDTITL> *
 Parameter: IN1 <- "" <empty>
  
 CHARMM>     
  
 CHARMM>    !Update, 2015/1, nomenclature for NAD+ etc. consistent with PDB
 CHARMM>     
  
 CHARMM>    !Parent files that have to be read prior to streaming this file
 CHARMM>    !top_all36_na.rtf
 CHARMM>    !par_all36_na.prm
 CHARMM>     
  
 CHARMM>    !Testcase
 CHARMM>    !test_all36_na_nad_ppi.inp
 CHARMM>     
  
 CHARMM>    !Reference
 CHARMM>    !Pavelites, J.J., Bash, P.A., Gao, J., and MacKerell, Jr.,
 CHARMM>    !A.D. A Molecular Mechanics Force Field for NAD+, NADH and the
 CHARMM>    !Pyrophosphate Groups of Nucleotides, Journal of Computational
 CHARMM>    !Chemistry, 1997, 18: 221-239.
 CHARMM>     
  
 CHARMM>    read rtf card append
 MAINIO> Residue topology file being read from unit  98.
 RDTITL> * NAD, PPI TOPOLOGY
 RDTITL> *
*** WARNING **** residue NIC  already exists (old one deleted)

      ***** LEVEL  1 WARNING FROM <RTFRDR> *****
      ***** Residue already exists.
      ******************************************
      BOMLEV (  0) IS NOT REACHED. WRNLEV IS  5

          RESI NIC         1.00
*** WARNING **** residue NICH already exists (old one deleted)

      ***** LEVEL  1 WARNING FROM <RTFRDR> *****
      ***** Residue already exists.
      ******************************************
      BOMLEV (  0) IS NOT REACHED. WRNLEV IS  5

          RESI NICH         0.00
*** WARNING **** residue PPI1 already exists (old one deleted)

      ***** LEVEL  1 WARNING FROM <RTFRDR> *****
      ***** Residue already exists.
      ******************************************
      BOMLEV (  0) IS NOT REACHED. WRNLEV IS  5

          RESI PPI1        -3.00
*** WARNING **** residue PPI2 already exists (old one deleted)

      ***** LEVEL  1 WARNING FROM <RTFRDR> *****
      ***** Residue already exists.
      ******************************************
      BOMLEV (  0) IS NOT REACHED. WRNLEV IS  5

          RESI PPI2        -2.00
*** WARNING **** residue AMP  already exists (old one deleted)

      ***** LEVEL  1 WARNING FROM <RTFRDR> *****
      ***** Residue already exists.
      ******************************************
      BOMLEV (  0) IS NOT REACHED. WRNLEV IS  5

          RESI AMP         -2.00
*** WARNING **** residue ADP  already exists (old one deleted)

      ***** LEVEL  1 WARNING FROM <RTFRDR> *****
      ***** Residue already exists.
      ******************************************
      BOMLEV (  0) IS NOT REACHED. WRNLEV IS  5

          RESI ADP         -3.00
*** WARNING **** residue ATP  already exists (old one deleted)

      ***** LEVEL  1 WARNING FROM <RTFRDR> *****
      ***** Residue already exists.
      ******************************************
      BOMLEV (  0) IS NOT REACHED. WRNLEV IS  5

          RESI ATP         -4.00
*** WARNING **** residue 5DP  already exists (old one deleted)

      ***** LEVEL  1 WARNING FROM <RTFRDR> *****
      ***** Residue already exists.
      ******************************************
      BOMLEV (  0) IS NOT REACHED. WRNLEV IS  5

          PRES 5DP         -3.00
*** WARNING **** residue NAD  already exists (old one deleted)

      ***** LEVEL  1 WARNING FROM <RTFRDR> *****
      ***** Residue already exists.
      ******************************************
      BOMLEV (  0) IS NOT REACHED. WRNLEV IS  5

          RESI NAD         -1.00
*** WARNING **** residue NADH already exists (old one deleted)

      ***** LEVEL  1 WARNING FROM <RTFRDR> *****
      ***** Residue already exists.
      ******************************************
      BOMLEV (  0) IS NOT REACHED. WRNLEV IS  5

          RESI NADH        -2.00
*** WARNING **** residue NADP already exists (old one deleted)

      ***** LEVEL  1 WARNING FROM <RTFRDR> *****
      ***** Residue already exists.
      ******************************************
      BOMLEV (  0) IS NOT REACHED. WRNLEV IS  5

          RESI NADP        -2.00
*** WARNING **** residue NDPH already exists (old one deleted)

      ***** LEVEL  1 WARNING FROM <RTFRDR> *****
      ***** Residue already exists.
      ******************************************
      BOMLEV (  0) IS NOT REACHED. WRNLEV IS  5

          RESI NDPH        -3.00
 There were  12 warning(s) from RTFRDR.
  
 CHARMM>     
  
 CHARMM>    read para card flex append

          PARAMETER FILE BEING READ FROM UNIT 98
 RDTITL> * NAD, PPI PARAMETERS
 RDTITL> *
 PARMIO> NONBOND, HBOND lists and IMAGE atoms cleared.
  
 CHARMM>     
  
 CHARMM>     
  
 VCLOSE: Closing unit   98 with status "KEEP"

                    RETURNING TO INPUT STREAM    99
  
 CHARMM>    stream toppar/toppar_all36_na_rna_modified.str
 VOPEN> Attempting to open::toppar/toppar_all36_na_rna_modified.str::
 OPNLGU> Unit 98 opened for READONLY access to toppar/toppar_all36_na_rna_modified.str

                    INPUT STREAM SWITCHING TO UNIT    98
 RDTITL> * ADDITIVE CHARMM FORCE FIELD FOR MODIFIED RIBONUCLEIC ACIDS, INCLUDING
 RDTITL> * THOSE FOUNDS IN TRNA. YOU XU, KAROLINSKA INSTITUTET, 2015.
 RDTITL> * |
 RDTITL> * WARNING: PARAMETERS AND ATOM TYPE ASSIGNMENTS IN THIS FILE ARE SPECIFIC
 RDTITL> * FOR THESE COMPOUNDS AND SHOULD UNDER NO CIRCUMSTANCES BE APPLIED TO
 RDTITL> * OTHER ORGANIC MOLECULES
 RDTITL> *
 Parameter: IN1 <- "" <empty>
  
 CHARMM>     
  
 CHARMM>    ! Xu, Y., Vanommeslaeghe, K., Aleksandrov, A., MacKerell, A.D.,
 CHARMM>    ! Jr. Nilsson, L., “Additive CHARMM force field for naturally
 CHARMM>    ! occurring modified ribonucleotides,” Journal of Computational
 CHARMM>    !  Chemistry, DOI: 10.1002/jcc.24307, 2016
 CHARMM>     
  
 CHARMM>    ! Should be used with parent files CGenFF: top_all36_cgenff.inp and par_all36_cgenff.inp
 CHARMM>    !                                    NA36: top_all36_na.inp and par_all36_na.inp
 CHARMM>    !                              and Carb36: top_all36_carb.inp and par_all36_carb.inp
 CHARMM>    !
 CHARMM>     
  
 CHARMM>    read rtf card append
 MAINIO> Residue topology file being read from unit  98.
 RDTITL> * TOPOLOGIES OF MODIFIED NUCLEOTIDES
 RDTITL> *
*** WARNING **** residue BUG  already exists (old one deleted)

      ***** LEVEL  1 WARNING FROM <RTFRDR> *****
      ***** Residue already exists.
      ******************************************
      BOMLEV (  0) IS NOT REACHED. WRNLEV IS  5

          RESI BUG           -1.00
 There were   1 warning(s) from RTFRDR.
  
 CHARMM>     
  
 CHARMM>    read param card flex append

          PARAMETER FILE BEING READ FROM UNIT 98
 RDTITL> * ADDITIVE CHARMM PARAMETERS FOR MODIFIED NUCLEIC ACIDS, BETA VERSION
 RDTITL> * YOU XU, KAROLINSKA INSTITUTET, 2015.
 RDTITL> *
 PARMIO> NONBOND, HBOND lists and IMAGE atoms cleared.
  
 CHARMM>    RETURN
 VCLOSE: Closing unit   98 with status "KEEP"

                    RETURNING TO INPUT STREAM    99
  
 CHARMM>     
  
 CHARMM>    ! Additional topologies and parameters for lipids
 CHARMM>    stream toppar/toppar_all36_lipid_sphingo.str
 VOPEN> Attempting to open::toppar/toppar_all36_lipid_sphingo.str::
 OPNLGU> Unit 98 opened for READONLY access to toppar/toppar_all36_lipid_sphingo.str

                    INPUT STREAM SWITCHING TO UNIT    98
 RDTITL> * TOPPAR STREAM FOR CERAMIDES AND SPINGOMYELINS; REQUIRES FLEX FORMAT FILES
 RDTITL> * TOP_ALL36_LIPID.RTF AND PAR_ALL36_LIPID.PRM
 RDTITL> *
 Parameter: IN1 <- "" <empty>
  
 CHARMM>     
  
 CHARMM>    ! REFERENCES
 CHARMM>    !
 CHARMM>    ! PSM and SSM Lipids
 CHARMM>    !
 CHARMM>    ! Venable, R. M.; Sodt, A. J.; Rogaski, B.; Rui, H.; Hatcher, E.; MacKerell, A. D.;
 CHARMM>    ! Pastor, R. W.; Klauda, J. B., CHARMM All-Atom Additive Force Field for Sphingomyelin:
 CHARMM>    ! Elucidation of Hydrogen Bonding and of Positive Curvature. Biophys. J. 2014, 107 (1), 134-145
 CHARMM>    !
 CHARMM>    ! Ceramide
 CHARMM>    !
 CHARMM>    ! Submited by Sam Tonddast-Navaei of U. Cincinnati. Advised by Russell Devane
 CHARMM>    ! Tested by Eric Wang of U. Maryland. Advised by Jeffery Klauda
 CHARMM>    !
 CHARMM>    !
 CHARMM>    ! CerAP/Cer6, CerNP/Cer3, and CerEOS/Cer1
 CHARMM>    !
 CHARMM>    ! Wang, E.; Klauda, J. B., Structure and Permeability of Ceramide Bilayers and Multilayers.
 CHARMM>    ! J. Phys. Chem. B., 2019, 123, 11, 2525-2535
 CHARMM>    ! Wang, E.; Klauda, J. B., Molecular Structure of the Long Periodicity Phase in the Stratum Corneum.
 CHARMM>    ! J. Amer. Chem. Soc., 2019. 141, 42, 16930-16943
 CHARMM>     
  
 CHARMM>    set nat ?NATC
 RDCMND substituted energy or value "?NATC" to "587"
 Parameter: NAT <- "587"
  
 CHARMM>    set app
 Parameter: APP <- "" <empty>
  
 CHARMM>    !We're exploiting what is arguably a bug in the parser. On the left hand side,
 CHARMM>    !the quotes have proirity, so NAT is correctly substituted. On the right hand
 CHARMM>    !side, the ? has priority and NATC" (sic) is not a valid substitution...
 CHARMM>    if "@NAT" ne "?NATC" if @nat ne 0 set app append
 Parameter: NAT -> "587"
 Parameter: NAT -> "587"
 RDCMND: can not substitute energy "?NATC""
 Comparing ""587"" and ""?NATC"".
 IF test evaluated as true.  Performing command
 Comparing "587" and "0".
 IF test evaluated as true.  Performing command
 Parameter: APP <- "APPEND"
  
 CHARMM>     
  
 CHARMM>    read rtf card @app
 Parameter: APP -> "APPEND"
 MAINIO> Residue topology file being read from unit  98.
 RDTITL> * CER/SM RESIDUES
 RDTITL> *
  
 CHARMM>     
  
 CHARMM>    read para card flex @app
 Parameter: APP -> "APPEND"

          PARAMETER FILE BEING READ FROM UNIT 98
 RDTITL> * NEW PARAMETERS
 RDTITL> *
 PARRDR> Error: Repeated DIHE parameter ( 35897): NHL   C     CTO1  HAL1 is replaced
 PARRDR> Error: Repeated DIHE parameter ( 35918): O     C     CTO1  HAL1 is replaced
 PARMIO> NONBOND, HBOND lists and IMAGE atoms cleared.
  
 CHARMM>     
  
 CHARMM>    return
 VCLOSE: Closing unit   98 with status "KEEP"

                    RETURNING TO INPUT STREAM    99
  
 CHARMM>    stream toppar/toppar_all36_lipid_archaeal.str
 VOPEN> Attempting to open::toppar/toppar_all36_lipid_archaeal.str::
 OPNLGU> Unit 98 opened for READONLY access to toppar/toppar_all36_lipid_archaeal.str

                    INPUT STREAM SWITCHING TO UNIT    98
 RDTITL> * TOPPAR STREAM FILE FOR ARCHAEAL LIPIDS.
 RDTITL> *
 Parameter: IN1 <- "" <empty>
  
 CHARMM>     
  
 CHARMM>    ! This is an on-going file of archaeal lipids
 CHARMM>    ! I am adding meanquinone-7 now
 CHARMM>     
  
 CHARMM>    read rtf card append
 MAINIO> Residue topology file being read from unit  98.
 RDTITL> * ARCHAEAL LIPIDS
 RDTITL> *
  
 CHARMM>     
  
 CHARMM>    read param card flex append

          PARAMETER FILE BEING READ FROM UNIT 98
 RDTITL> * PARAMETERS GENERATED BY ANALOGY BY CGENFF
 RDTITL> *
 PARRDR> Error: Repeated ANGLE parameter (  2127): CG2D  CG2O  CG2R is replaced
 PARRDR> Error: Repeated ANGLE parameter (  3250): CG2R  CG2R  CG2R is replaced
 PARRDR> Error: Repeated DIHE parameter (  8556): CG2D  CG2O  CG2R  CG2R is replaced
 PARRDR> Error: Repeated DIHE parameter ( 13933): CG2R  CG2R  CG2R  CG2R is replaced
 PARRDR> Error: Repeated DIHE parameter ( 13843): OG30  CG2R  CG2R  OG31 is replaced
 PARRDR> Error: Repeated DIHE parameter ( 13842): OG30  CG2R  CG2R  OG30 is replaced
 PARRDR> Error: Repeated IMPH parameter (   325): CG2O  CG2D  CG2R  OG2D is replaced
 PARMIO> NONBOND, HBOND lists and IMAGE atoms cleared.
  
 CHARMM>     
  
 CHARMM>    RETURN
 VCLOSE: Closing unit   98 with status "KEEP"

                    RETURNING TO INPUT STREAM    99
  
 CHARMM>    stream toppar/toppar_all36_lipid_bacterial.str
 VOPEN> Attempting to open::toppar/toppar_all36_lipid_bacterial.str::
 OPNLGU> Unit 98 opened for READONLY access to toppar/toppar_all36_lipid_bacterial.str

                    INPUT STREAM SWITCHING TO UNIT    98
 RDTITL> * TOPPAR STREAM FILE FOR BRANCHED AND CYCLIC CHAINED LIPIDS.  FOLLOWING READING OF
 RDTITL> * TOP_ALL36_LIPID.RTF
 RDTITL> * AND
 RDTITL> * PAR_ALL36_LIPID.RTF
 RDTITL> *
 Parameter: IN1 <- "" <empty>
  
 CHARMM>     
  
 CHARMM>    ! REFERENCES
 CHARMM>    !
 CHARMM>    ! Branched Lipids
 CHARMM>    !
 CHARMM>    ! Lim, J.B. & Klauda, J.B. Branching at the Iso- and Anteiso- Positions in Complex Chlamydia
 CHARMM>    ! Membranes: A Molecular Dynamics Study. Biochimica et Biophysica Acta (BBA) - Biomembranes
 CHARMM>    ! 1808:323-331 (2011).
 CHARMM>    !
 CHARMM>    ! Cyclic-replacement of double bond
 CHARMM>    !
 CHARMM>    ! Pandit, K.R. & Klauda, J.B. Membrane models of E. coli containing cyclic moieties in
 CHARMM>    ! the aliphatic lipid chain. Biochimica et Biophysica Acta (BBA) - Biomembranes
 CHARMM>    ! 1818:1205-1210 (2012).
 CHARMM>    !
 CHARMM>     
  
 CHARMM>    set nat ?NATC
 RDCMND substituted energy or value "?NATC" to "592"
 Parameter: NAT <- "592"
  
 CHARMM>    set app
 Parameter: APP <- "" <empty>
  
 CHARMM>    !We're exploiting what is arguably a bug in the parser. On the left hand side,
 CHARMM>    !the quotes have proirity, so NAT is correctly substituted. On the right hand
 CHARMM>    !side, the ? has priority and NATC" (sic) is not a valid substitution...
 CHARMM>    if "@NAT" ne "?NATC" if @nat ne 0 set app append
 Parameter: NAT -> "592"
 Parameter: NAT -> "592"
 RDCMND: can not substitute energy "?NATC""
 Comparing ""592"" and ""?NATC"".
 IF test evaluated as true.  Performing command
 Comparing "592" and "0".
 IF test evaluated as true.  Performing command
 Parameter: APP <- "APPEND"
  
 CHARMM>     
  
 CHARMM>    read rtf card @app
 Parameter: APP -> "APPEND"
 MAINIO> Residue topology file being read from unit  98.
 RDTITL> * CHOLESTEROL RESIDUES
 RDTITL> *
  
 CHARMM>     
  
 CHARMM>    read para card flex @app
 Parameter: APP -> "APPEND"

          PARAMETER FILE BEING READ FROM UNIT 98
 RDTITL> * NEW PARAMETERS
 RDTITL> *
 PARMIO> NONBOND, HBOND lists and IMAGE atoms cleared.
  
 CHARMM>     
  
 CHARMM>    return
 VCLOSE: Closing unit   98 with status "KEEP"

                    RETURNING TO INPUT STREAM    99
  
 CHARMM>    stream toppar/toppar_all36_lipid_cardiolipin.str
 VOPEN> Attempting to open::toppar/toppar_all36_lipid_cardiolipin.str::
 OPNLGU> Unit 98 opened for READONLY access to toppar/toppar_all36_lipid_cardiolipin.str

                    INPUT STREAM SWITCHING TO UNIT    98
 RDTITL> READ RTF CARD APPEND FLEX
 RDTITL> No title read.
 Parameter: IN1 <- "" <empty>
  
 CHARMM>    read rtf card append flex
 MAINIO> Residue topology file being read from unit  98.
 RDTITL>  
 RDTITL> No title read.
 WARNING from DECODI -- Zero length string being converted to 0
 RTFRDR> WARNING: Version number is NOT specified.
  
 CHARMM>     
  
 CHARMM>    return
 VCLOSE: Closing unit   98 with status "KEEP"

                    RETURNING TO INPUT STREAM    99
  
 CHARMM>    stream toppar/toppar_all36_lipid_cholesterol.str
 VOPEN> Attempting to open::toppar/toppar_all36_lipid_cholesterol.str::
 OPNLGU> Unit 98 opened for READONLY access to toppar/toppar_all36_lipid_cholesterol.str

                    INPUT STREAM SWITCHING TO UNIT    98
 RDTITL> * TOPPAR STREAM FILE FOR CHOLESTEROL.  STREAM FOLLOWING READING OF
 RDTITL> * TOP_ALL36_LIPID.RTF
 RDTITL> * PAR_ALL36_LIPID.RTF
 RDTITL> * TOP_ALL36_CGENFF.RTF
 RDTITL> * AND PAR_ALL36_CGENFF.PRM
 RDTITL> *
 Parameter: IN1 <- "" <empty>
  
 CHARMM>     
  
 CHARMM>    !topology and parameters are included for two cholesterol models. the
 CHARMM>    !model may be selected by setting variable chol_model to 1 or 2, as
 CHARMM>    !specified below
 CHARMM>    !
 CHARMM>     
  
 CHARMM>    set chol_model 1 !2 for original Suits et al. model
 Parameter: CHOL_MODEL <- "1"
  
 CHARMM>     
  
 CHARMM>    !
 CHARMM>    !1) Revised model of Lim et al.  This contains a number of NBFIXes that
 CHARMM>    !makes it unsuitable for ANTON (set chol_model 1)
 CHARMM>    !
 CHARMM>    !2) Original model of Suits et al., which is used on ANTON as well as
 CHARMM>    !being suitable for other systems (set chol_model 2 (or anything but 1....))
 CHARMM>    !
 CHARMM>    !references
 CHARMM>    !
 CHARMM>    !Lim, J.B., Rogaski, B. and Klauda, J.B.. "Update of the Cholesterol Force Field
 CHARMM>    !Parameters in CHARMM" 116: 203-210 (2012).
 CHARMM>    !
 CHARMM>    !Suits, F., Pitman, M., MacKerell, A.D., Jr., Feller, S.E. "Molecular Level
 CHARMM>    !Organization of Saturated and Polyunsaturated Fatty Acids in a
 CHARMM>    !Phosphatidylcholine Bilayer Containing Cholesterol" Biochemistry,
 CHARMM>    !43(49):15318-28, 2004
 CHARMM>    !
 CHARMM>     
  
 CHARMM>    !test "append"
 CHARMM>    set nat ?NATC
 RDCMND substituted energy or value "?NATC" to "592"
 Parameter: NAT <- "592"
  
 CHARMM>    set app
 Parameter: APP <- "" <empty>
  
 CHARMM>    !We're exploiting what is arguably a bug in the parser. On the left hand side,
 CHARMM>    !the quotes have priority, so NAT is correctly substituted. On the right hand
 CHARMM>    !side, the ? has priority and NATC" (sic) is not a valid substitution...
 CHARMM>    if "@NAT" ne "?NATC" if @nat ne 0 set app append
 Parameter: NAT -> "592"
 Parameter: NAT -> "592"
 RDCMND: can not substitute energy "?NATC""
 Comparing ""592"" and ""?NATC"".
 IF test evaluated as true.  Performing command
 Comparing "592" and "0".
 IF test evaluated as true.  Performing command
 Parameter: APP <- "APPEND"
  
 CHARMM>     
  
 CHARMM>    if chol_model eq 1 then
 Comparing "1" and "1".
 IF test evaluated as true.  Performing command
  
 CHARMM>     
  
 CHARMM>    ! reference
 CHARMM>    ! Lim, J.B., Rogaski, B. and Klauda, J.B.. "Update of the Cholesterol Force Field
 CHARMM>    ! Parameters in CHARMM" 116: 203-210 (2012).
 CHARMM>    !
 CHARMM>     
  
 CHARMM>    read rtf card @app
 Parameter: APP -> "APPEND"
 MAINIO> Residue topology file being read from unit  98.
 RDTITL> * TOPOLOGY FOR CHOLESTEROL
 RDTITL> *
  
 CHARMM>     
  
 CHARMM>    read param card flex @app
 Parameter: APP -> "APPEND"

          PARAMETER FILE BEING READ FROM UNIT 98
 RDTITL> * CHOLESTEROL PARAMETERS
 RDTITL> *
 PARRDR> Error: Repeated BOND parameter (  1169): CG30  CG30 is replaced
 PARRDR> Error: Repeated BOND parameter (  1180): CG30  CG3C is replaced
 PARRDR> Error: Repeated ANGLE parameter (  3766): CG30  CG30  CG32 is replaced
 PARRDR> Error: Repeated ANGLE parameter (  3767): CG30  CG30  CG33 is replaced
 PARRDR> Error: Repeated ANGLE parameter (  4079): CG30  CG31  CG30 is replaced
 PARRDR> Error: Repeated ANGLE parameter (  5634): CG30  CG3C  CG3C is replaced
 PARRDR> Error: Repeated ANGLE parameter (  5637): CG30  CG3C  HGA1 is replaced
 PARRDR> Error: Repeated ANGLE parameter (  6204): CG33  CG3R  CG3C is replaced
 PARRDR> Error: Repeated ANGLE parameter (  3829): CG33  CG30  CG3C is replaced
 PARRDR> Error: Repeated DIHE parameter ( 18175): CG32  CG30  CG30  CG32 is replaced
 PARRDR> Error: Repeated DIHE parameter ( 18178): CG33  CG30  CG30  CG33 is replaced
 PARRDR> Error: Repeated DIHE parameter ( 18221): CG32  CG30  CG31  CG30 is replaced
 PARRDR> Error: Repeated DIHE parameter ( 18246): CG33  CG30  CG31  CG30 is replaced
 PARRDR> Error: Repeated DIHE parameter ( 18404): CG30  CG30  CG32  CG32 is replaced
 PARRDR> Error: Repeated DIHE parameter ( 18405): CG30  CG30  CG32  HGA2 is replaced
 PARRDR> Error: Repeated DIHE parameter ( 18659): CG30  CG30  CG33  HGA3 is replaced
 PARRDR> Error: Repeated DIHE parameter ( 18668): CG3C  CG30  CG33  HGA3 is replaced
 PARRDR> Error: Repeated DIHE parameter ( 18716): CG33  CG30  CG3C  CG3C is replaced
 PARRDR> Error: Repeated DIHE parameter ( 18717): CG33  CG30  CG3C  CG3C is replaced
 PARRDR> Error: Repeated DIHE parameter ( 18718): CG33  CG30  CG3C  CG3C is replaced
 PARRDR> Error: Repeated DIHE parameter ( 18716): CG33  CG30  CG3C  CG3C is replaced
 PARRDR> Error: Repeated DIHE parameter ( 18717): CG33  CG30  CG3C  CG3C is replaced
 PARRDR> Error: Repeated DIHE parameter ( 18718): CG33  CG30  CG3C  CG3C is replaced
 PARRDR> Error: Repeated DIHE parameter ( 18716): CG33  CG30  CG3C  CG3C is replaced
 PARRDR> Error: Repeated DIHE parameter ( 18717): CG33  CG30  CG3C  CG3C is replaced
 PARRDR> Error: Repeated DIHE parameter ( 18718): CG33  CG30  CG3C  CG3C is replaced
 PARRDR> Error: Repeated DIHE parameter ( 18721): CG33  CG30  CG3C  HGA1 is replaced
 PARRDR> Error: Repeated DIHE parameter ( 36241): OG31  CG30  CG3C  CG3C is replaced
 PARRDR> Error: Repeated DIHE parameter ( 36242): OG31  CG30  CG3C  CG3R is replaced
 PARRDR> Error: Repeated DIHE parameter ( 36243): OG31  CG30  CG3C  HGA1 is replaced
 PARRDR> Error: Repeated DIHE parameter ( 36241): OG31  CG30  CG3C  CG3C is replaced
 PARRDR> Error: Repeated DIHE parameter ( 36242): OG31  CG30  CG3C  CG3R is replaced
 PARRDR> Error: Repeated DIHE parameter ( 36243): OG31  CG30  CG3C  HGA1 is replaced
 PARRDR> Error: Repeated DIHE parameter ( 22611): CG30  CG32  CG32  CG3R is replaced
 PARRDR> Error: Repeated DIHE parameter ( 25714): HGA3  CG33  CG3R  CG3C is replaced
 PARRDR> Error: Repeated DIHE parameter ( 27940): CG30  CG3C  CG3C  CG3C is replaced
 PARRDR> Error: Repeated DIHE parameter ( 27941): CG30  CG3C  CG3C  HGA2 is replaced
 PARRDR> Error: Repeated DIHE parameter ( 29312): CG3C  CG3C  CG3R  CG33 is replaced
 PARRDR> Error: Repeated DIHE parameter ( 29450): HGA2  CG3C  CG3R  CG33 is replaced
 PARMIO> NONBOND, HBOND lists and IMAGE atoms cleared.
  
 CHARMM>     
  
 CHARMM>    return
 VCLOSE: Closing unit   98 with status "KEEP"

                    RETURNING TO INPUT STREAM    99
  
 CHARMM>    stream toppar/toppar_all36_lipid_dag.str
 VOPEN> Attempting to open::toppar/toppar_all36_lipid_dag.str::
 OPNLGU> Unit 98 opened for READONLY access to toppar/toppar_all36_lipid_dag.str

                    INPUT STREAM SWITCHING TO UNIT    98
 RDTITL> READ RTF CARD APPEND
 RDTITL> No title read.
 Parameter: IN1 <- "" <empty>
  
 CHARMM>    read rtf card append
 MAINIO> Residue topology file being read from unit  98.
 RDTITL> * TOPOLOGY FOR LIPIDA FROM DAG
 RDTITL> *
  
 VCLOSE: Closing unit   98 with status "KEEP"

                    RETURNING TO INPUT STREAM    99
  
 CHARMM>    stream toppar/toppar_all36_lipid_inositol.str
 VOPEN> Attempting to open::toppar/toppar_all36_lipid_inositol.str::
 OPNLGU> Unit 98 opened for READONLY access to toppar/toppar_all36_lipid_inositol.str

                    INPUT STREAM SWITCHING TO UNIT    98
 RDTITL> READ RTF CARD APPEND
 RDTITL> No title read.
 Parameter: IN1 <- "" <empty>
  
 CHARMM>    read rtf card append
 MAINIO> Residue topology file being read from unit  98.
 RDTITL> * TOPOLOGY FOR INOSITOL-BASED LIPIDS
 RDTITL> *
  
 CHARMM>     
  
 CHARMM>    RETURN
 VCLOSE: Closing unit   98 with status "KEEP"

                    RETURNING TO INPUT STREAM    99
  
 CHARMM>    stream toppar/toppar_all36_lipid_lnp.str
 VOPEN> Attempting to open::toppar/toppar_all36_lipid_lnp.str::
 OPNLGU> Unit 98 opened for READONLY access to toppar/toppar_all36_lipid_lnp.str

                    INPUT STREAM SWITCHING TO UNIT    98
 RDTITL> READ RTF CARD APPEND
 RDTITL> No title read.
 Parameter: IN1 <- "" <empty>
  
 CHARMM>    read rtf card append
 MAINIO> Residue topology file being read from unit  98.
 RDTITL> * LNP
 RDTITL> *

      ***** LEVEL  1 WARNING FROM <DECODF> *****
      ***** Zero length string
      ******************************************
      BOMLEV (  0) IS NOT REACHED. WRNLEV IS  5

 WARNING from DECODF -- Zero length string being converted to 0.
 **** WARNING from RTFRDR **** The total charge of the residue, DAGP,  -0.0100000,
 does not equal the expected charge,   0.0000000.

      ***** LEVEL  1 WARNING FROM <DECODF> *****
      ***** Zero length string
      ******************************************
      BOMLEV (  0) IS NOT REACHED. WRNLEV IS  5

 WARNING from DECODF -- Zero length string being converted to 0.
          PRES DPEPEG
 **** WARNING from RTFRDR **** The total charge of the residue, DPEP,  -0.0100000,
 does not equal the expected charge,   0.0000000.
 There were   2 warning(s) from RTFRDR.
  
 CHARMM>     
  
 CHARMM>    read param card flex append

          PARAMETER FILE BEING READ FROM UNIT 98
 RDTITL> * LNP
 RDTITL> *
 PARRDR> Error: Repeated BOND parameter (  1479): CG3C  OG3C is replaced
 PARRDR> Error: Repeated BOND parameter (  1346): CG32  CG3C is replaced
 PARRDR> Error: Repeated ANGLE parameter (  4188): CG32  CG31  OG30 is replaced
 PARRDR> Error: Repeated ANGLE parameter (  5033): CG3C  CG32  HGA2 is replaced
 PARRDR> Error: Repeated ANGLE parameter (  5665): CG32  CG3C  HGA1 is replaced
 PARRDR> Error: Repeated ANGLE parameter (  5663): CG32  CG3C  CG3C is replaced
 PARRDR> Error: Repeated ANGLE parameter (  5528): OG3C  CG3C  OG3C is replaced
 PARRDR> Error: Repeated ANGLE parameter (  7610): CG3C  OG3C  CG3C is replaced
 PARRDR> Error: Repeated ANGLE parameter (  7611): CG3C  OG3C  CG3C is replaced
 PARRDR> Error: Repeated ANGLE parameter (  4742): CG32  CG32  CG3C is replaced
 PARRDR> Error: Repeated DIHE parameter ( 20079): OG30  CG31  CG32  NG30 is replaced
 PARRDR> Error: Repeated DIHE parameter ( 20080): OG30  CG31  CG32  NG30 is replaced
 PARRDR> Error: Repeated DIHE parameter ( 19874): CG32  CG31  CG32  NG30 is replaced
 PARRDR> Error: Repeated DIHE parameter ( 19906): CG32  CG31  CG32  OG30 is replaced
 PARRDR> Error: Repeated DIHE parameter ( 19907): CG32  CG31  CG32  OG30 is replaced
 PARRDR> Error: Repeated DIHE parameter ( 20381): HGA2  CG32  CG31  OG30 is replaced
 PARRDR> Error: Repeated DIHE parameter ( 27974): CG32  CG3C  CG3C  HGA2 is replaced
 PARRDR> Error: Repeated DIHE parameter ( 25258): HGA2  CG32  CG3C  HGA1 is replaced
 PARRDR> Error: Repeated DIHE parameter ( 25256): HGA2  CG32  CG3C  CG3C is replaced
 PARRDR> Error: Repeated DIHE parameter ( 23336): CG32  CG32  CG3C  HGA1 is replaced
 PARRDR> Error: Repeated DIHE parameter ( 23335): CG32  CG32  CG3C  CG3C is replaced
 PARRDR> Error: Repeated DIHE parameter ( 22787): CG3C  CG32  CG32  HGA2 is replaced
 PARRDR> Error: Repeated DIHE parameter ( 27968): CG32  CG3C  CG3C  OG3C is replaced
 PARRDR> Error: Repeated DIHE parameter ( 27969): CG32  CG3C  CG3C  OG3C is replaced
 PARRDR> Error: Repeated DIHE parameter ( 28163): OG3C  CG3C  CG3C  OG3C is replaced
 PARRDR> Error: Repeated DIHE parameter ( 27635): OG3C  CG3C  OG3C  CG3C is replaced
 PARRDR> Error: Repeated DIHE parameter ( 27636): OG3C  CG3C  OG3C  CG3C is replaced
 PARRDR> Error: Repeated DIHE parameter ( 27637): OG3C  CG3C  OG3C  CG3C is replaced
 PARRDR> Error: Repeated DIHE parameter ( 27638): OG3C  CG3C  OG3C  CG3C is replaced
 PARRDR> Error: Repeated DIHE parameter ( 28943): HGA1  CG3C  OG3C  CG3C is replaced
 PARRDR> Error: Repeated DIHE parameter ( 28905): CG3C  CG3C  OG3C  CG3C is replaced
 PARRDR> Error: Repeated DIHE parameter ( 29810): HGA2  CG3C  OG3C  CG3C is replaced
 PARMIO> NONBOND, HBOND lists and IMAGE atoms cleared.
  
 CHARMM>     
  
 CHARMM>    RETURN
 VCLOSE: Closing unit   98 with status "KEEP"

                    RETURNING TO INPUT STREAM    99
  
 CHARMM>    stream toppar/toppar_all36_lipid_lps.str
 VOPEN> Attempting to open::toppar/toppar_all36_lipid_lps.str::
 OPNLGU> Unit 98 opened for READONLY access to toppar/toppar_all36_lipid_lps.str

                    INPUT STREAM SWITCHING TO UNIT    98
 RDTITL> READ RTF CARD APPEND
 RDTITL> No title read.
 Parameter: IN1 <- "" <empty>
  
 CHARMM>    read rtf card append
 MAINIO> Residue topology file being read from unit  98.
 RDTITL> * TOPOLOGY FOR LIPIDA FROM LPS
 RDTITL> *
 WARNING from DECODI -- Zero length string being converted to 0
 RTFRDR> WARNING: Version number is NOT specified.
  
 CHARMM>     
  
 CHARMM>     
  
 CHARMM>    read param card append flex

          PARAMETER FILE BEING READ FROM UNIT 98
 RDTITL> *    NEW PARAMETES
 RDTITL> *
 PARMIO> NONBOND, HBOND lists and IMAGE atoms cleared.
  
 CHARMM>     
  
 VCLOSE: Closing unit   98 with status "KEEP"

                    RETURNING TO INPUT STREAM    99
  
 CHARMM>    stream toppar/toppar_all36_lipid_mycobacterial.str
 VOPEN> Attempting to open::toppar/toppar_all36_lipid_mycobacterial.str::
 OPNLGU> Unit 98 opened for READONLY access to toppar/toppar_all36_lipid_mycobacterial.str

                    INPUT STREAM SWITCHING TO UNIT    98
 RDTITL> * TOPPAR STREAM FILE FOR BRANCHED AND CYCLIC CHAINED LIPIDS.  FOLLOWING READING OF
 RDTITL> * TOP_ALL36_LIPID.RTF, PAR_ALL36_LIPID.PRM
 RDTITL> * AND
 RDTITL> * TOPPAR_ALL36_LIPID_BACTERIAL.STR
 RDTITL> *
 Parameter: IN1 <- "" <empty>
  
 CHARMM>     
  
 CHARMM>    read rtf card append
 MAINIO> Residue topology file being read from unit  98.
 RDTITL> * CHOLESTEROL RESIDUES
 RDTITL> *
  
 CHARMM>     
  
 CHARMM>    read para card flex @app
 Parameter: APP -> "APPEND"

          PARAMETER FILE BEING READ FROM UNIT 98
 RDTITL> * NEW PARAMETERS
 RDTITL> *
 PARRDR> Error: Repeated ANGLE parameter (  9221): CEL1  CEL1  CTL1 is replaced
 PARRDR> Error: Repeated DIHE parameter ( 36465): CTL2  CG2O  CTL1  CTL3 is replaced
 PARRDR> Error: Repeated DIHE parameter ( 36466): CTL2  CG2O  CTL1  CTL3 is replaced
 PARRDR> Error: Repeated DIHE parameter ( 36465): CTL2  CG2O  CTL1  CTL3 is replaced
 PARRDR> Error: Repeated DIHE parameter ( 36466): CTL2  CG2O  CTL1  CTL3 is replaced
 PARMIO> NONBOND, HBOND lists and IMAGE atoms cleared.
  
 CHARMM>     
  
 CHARMM>    RETURN
 VCLOSE: Closing unit   98 with status "KEEP"

                    RETURNING TO INPUT STREAM    99
  
 CHARMM>    stream toppar/toppar_all36_lipid_miscellaneous.str
 VOPEN> Attempting to open::toppar/toppar_all36_lipid_miscellaneous.str::
 OPNLGU> Unit 98 opened for READONLY access to toppar/toppar_all36_lipid_miscellaneous.str

                    INPUT STREAM SWITCHING TO UNIT    98
 RDTITL> READ RTF CARD APPEND FLEX
 RDTITL> No title read.
 Parameter: IN1 <- "" <empty>
  
 CHARMM>    read rtf card append flex
 MAINIO> Residue topology file being read from unit  98.
 RDTITL> * TOPOLOGY FOR MISCELLANEOUS LIPIDS
 RDTITL> *
  
 CHARMM>     
  
 CHARMM>    read param card flex append

          PARAMETER FILE BEING READ FROM UNIT 98
 RDTITL> * PARAMETER FOR ACYL PYROPHOSPHATE: ADDED 2019_7
 RDTITL> *
 PARMIO> NONBOND, HBOND lists and IMAGE atoms cleared.
  
 CHARMM>     
  
 CHARMM>    return
 VCLOSE: Closing unit   98 with status "KEEP"

                    RETURNING TO INPUT STREAM    99
  
 CHARMM>    stream toppar/toppar_all36_lipid_model.str
 VOPEN> Attempting to open::toppar/toppar_all36_lipid_model.str::
 OPNLGU> Unit 98 opened for READONLY access to toppar/toppar_all36_lipid_model.str

                    INPUT STREAM SWITCHING TO UNIT    98
 RDTITL> * CHARMM36 ALL-HYDROGEN LIPID FORCE FIELD TOPPAR STREAM FILE
 RDTITL> * COLLECTION OF RESIDUES AND PATCHES FOR MODEL COMPOUNDS USED
 RDTITL> * IN THE OPTIMIZATION THE LIPID FORCE FIELD.
 RDTITL> *
 Parameter: IN1 <- "" <empty>
  
 CHARMM>     
  
 CHARMM>    !Parent files that have to be read prior to streaming this file
 CHARMM>    !top_all36_lipid.rtf
 CHARMM>    !par_all36_lipid.prm
 CHARMM>     
  
 CHARMM>    !Testcase
 CHARMM>    !test_all36_lipid_model.inp
 CHARMM>     
  
 CHARMM>    read rtf card append
 MAINIO> Residue topology file being read from unit  98.
 RDTITL> * C36 LIPID MODEL COMPOUNDS
 RDTITL> *
*** WARNING **** residue MAS  already exists (old one deleted)

      ***** LEVEL  1 WARNING FROM <RTFRDR> *****
      ***** Residue already exists.
      ******************************************
      BOMLEV (  0) IS NOT REACHED. WRNLEV IS  5

          RESI MAS          0.00
*** WARNING **** residue ETAC already exists (old one deleted)

      ***** LEVEL  1 WARNING FROM <RTFRDR> *****
      ***** Residue already exists.
      ******************************************
      BOMLEV (  0) IS NOT REACHED. WRNLEV IS  5

          RESI ETAC         0.00
*** WARNING **** residue MPRO already exists (old one deleted)

      ***** LEVEL  1 WARNING FROM <RTFRDR> *****
      ***** Residue already exists.
      ******************************************
      BOMLEV (  0) IS NOT REACHED. WRNLEV IS  5

          RESI MPRO         0.00
*** WARNING **** residue MP_1 already exists (old one deleted)

      ***** LEVEL  1 WARNING FROM <RTFRDR> *****
      ***** Residue already exists.
      ******************************************
      BOMLEV (  0) IS NOT REACHED. WRNLEV IS  5

          RESI MP_1        -1.00
*** WARNING **** residue MP_2 already exists (old one deleted)

      ***** LEVEL  1 WARNING FROM <RTFRDR> *****
      ***** Residue already exists.
      ******************************************
      BOMLEV (  0) IS NOT REACHED. WRNLEV IS  5

          RESI MP_2        -2.00
*** WARNING **** residue MSO4 already exists (old one deleted)

      ***** LEVEL  1 WARNING FROM <RTFRDR> *****
      ***** Residue already exists.
      ******************************************
      BOMLEV (  0) IS NOT REACHED. WRNLEV IS  5

          RESI MSO4        -1.00
*** WARNING **** residue BUTA already exists (old one deleted)

      ***** LEVEL  1 WARNING FROM <RTFRDR> *****
      ***** Residue already exists.
      ******************************************
      BOMLEV (  0) IS NOT REACHED. WRNLEV IS  5

          RESI BUTA         0.00
*** WARNING **** residue PENT already exists (old one deleted)

      ***** LEVEL  1 WARNING FROM <RTFRDR> *****
      ***** Residue already exists.
      ******************************************
      BOMLEV (  0) IS NOT REACHED. WRNLEV IS  5

          RESI PENT         0.00
*** WARNING **** residue HEXA already exists (old one deleted)

      ***** LEVEL  1 WARNING FROM <RTFRDR> *****
      ***** Residue already exists.
      ******************************************
      BOMLEV (  0) IS NOT REACHED. WRNLEV IS  5

          RESI HEXA         0.00
*** WARNING **** residue ETHE already exists (old one deleted)

      ***** LEVEL  1 WARNING FROM <RTFRDR> *****
      ***** Residue already exists.
      ******************************************
      BOMLEV (  0) IS NOT REACHED. WRNLEV IS  5

          RESI ETHE       0.00
*** WARNING **** residue PRPE already exists (old one deleted)

      ***** LEVEL  1 WARNING FROM <RTFRDR> *****
      ***** Residue already exists.
      ******************************************
      BOMLEV (  0) IS NOT REACHED. WRNLEV IS  5

          RESI PRPE       0.00
*** WARNING **** residue BTE1 already exists (old one deleted)

      ***** LEVEL  1 WARNING FROM <RTFRDR> *****
      ***** Residue already exists.
      ******************************************
      BOMLEV (  0) IS NOT REACHED. WRNLEV IS  5

          RESI BTE1       0.00
*** WARNING **** residue BTE2 already exists (old one deleted)

      ***** LEVEL  1 WARNING FROM <RTFRDR> *****
      ***** Residue already exists.
      ******************************************
      BOMLEV (  0) IS NOT REACHED. WRNLEV IS  5

          RESI BTE2       0.00
*** WARNING **** residue DIPE already exists (old one deleted)

      ***** LEVEL  1 WARNING FROM <RTFRDR> *****
      ***** Residue already exists.
      ******************************************
      BOMLEV (  0) IS NOT REACHED. WRNLEV IS  5

          RESI DIPE       0.00
*** WARNING **** residue DIHE already exists (old one deleted)

      ***** LEVEL  1 WARNING FROM <RTFRDR> *****
      ***** Residue already exists.
      ******************************************
      BOMLEV (  0) IS NOT REACHED. WRNLEV IS  5

          RESI DIHE       0.00
*** WARNING **** residue NC4  already exists (old one deleted)

      ***** LEVEL  1 WARNING FROM <RTFRDR> *****
      ***** Residue already exists.
      ******************************************
      BOMLEV (  0) IS NOT REACHED. WRNLEV IS  5

          RESI NC4          1.00
*** WARNING **** residue NC5  already exists (old one deleted)

      ***** LEVEL  1 WARNING FROM <RTFRDR> *****
      ***** Residue already exists.
      ******************************************
      BOMLEV (  0) IS NOT REACHED. WRNLEV IS  5

          RESI NC5          1.00
*** WARNING **** residue CHOL already exists (old one deleted)

      ***** LEVEL  1 WARNING FROM <RTFRDR> *****
      ***** Residue already exists.
      ******************************************
      BOMLEV (  0) IS NOT REACHED. WRNLEV IS  5

          RESI CHOL         1.00
*** WARNING **** residue ACHO already exists (old one deleted)

      ***** LEVEL  1 WARNING FROM <RTFRDR> *****
      ***** Residue already exists.
      ******************************************
      BOMLEV (  0) IS NOT REACHED. WRNLEV IS  5

          RESI ACHO         1.00
*** WARNING **** residue PC   already exists (old one deleted)

      ***** LEVEL  1 WARNING FROM <RTFRDR> *****
      ***** Residue already exists.
      ******************************************
      BOMLEV (  0) IS NOT REACHED. WRNLEV IS  5

          RESI PC           0.00
*** WARNING **** residue GPC  already exists (old one deleted)

      ***** LEVEL  1 WARNING FROM <RTFRDR> *****
      ***** Residue already exists.
      ******************************************
      BOMLEV (  0) IS NOT REACHED. WRNLEV IS  5

          RESI GPC          0.00
*** WARNING **** residue TEA  already exists (old one deleted)

      ***** LEVEL  1 WARNING FROM <RTFRDR> *****
      ***** Residue already exists.
      ******************************************
      BOMLEV (  0) IS NOT REACHED. WRNLEV IS  5

          RESI TEA          1.00
*** WARNING **** residue ETAM already exists (old one deleted)

      ***** LEVEL  1 WARNING FROM <RTFRDR> *****
      ***** Residue already exists.
      ******************************************
      BOMLEV (  0) IS NOT REACHED. WRNLEV IS  5

          RESI ETAM       1.00
*** WARNING **** residue GLYC already exists (old one deleted)

      ***** LEVEL  1 WARNING FROM <RTFRDR> *****
      ***** Residue already exists.
      ******************************************
      BOMLEV (  0) IS NOT REACHED. WRNLEV IS  5

          RESI GLYC         0.00
*** WARNING **** residue MBUT already exists (old one deleted)

      ***** LEVEL  1 WARNING FROM <RTFRDR> *****
      ***** Residue already exists.
      ******************************************
      BOMLEV (  0) IS NOT REACHED. WRNLEV IS  5

          RESI MBUT         0.00
 There were  25 warning(s) from RTFRDR.
  
 CHARMM>     
  
 CHARMM>    return
 VCLOSE: Closing unit   98 with status "KEEP"

                    RETURNING TO INPUT STREAM    99
  
 CHARMM>    stream toppar/toppar_all36_lipid_prot.str
 VOPEN> Attempting to open::toppar/toppar_all36_lipid_prot.str::
 OPNLGU> Unit 98 opened for READONLY access to toppar/toppar_all36_lipid_prot.str

                    INPUT STREAM SWITCHING TO UNIT    98
 RDTITL> * TOPOLOGY AND PARAMETERS FOR LIPID TAIL LINKERS TO CYSTEINE AND GLYCINE,
 RDTITL> * FOR EXAMPLE, PALMITOYLATION, MARISTOYLATION, FERNASYLATION, GERANYLATION
 RDTITL> *
 Parameter: IN1 <- "" <empty>
  
 CHARMM>     
  
 CHARMM>    read rtf card append
 MAINIO> Residue topology file being read from unit  98.
 RDTITL> * LIPID-MODIFIED PROTEIN RESIDUES
 RDTITL> *
  
 CHARMM>     
  
 CHARMM>    read para card append flex

          PARAMETER FILE BEING READ FROM UNIT 98
 RDTITL> * CYSTEIN-PALMITATE PARAMETERS
 RDTITL> *
 PARMIO> NONBOND, HBOND lists and IMAGE atoms cleared.
  
 CHARMM>     
  
 CHARMM>    return
 VCLOSE: Closing unit   98 with status "KEEP"

                    RETURNING TO INPUT STREAM    99
  
 CHARMM>    stream toppar/toppar_all36_lipid_tag.str
 VOPEN> Attempting to open::toppar/toppar_all36_lipid_tag.str::
 OPNLGU> Unit 98 opened for READONLY access to toppar/toppar_all36_lipid_tag.str

                    INPUT STREAM SWITCHING TO UNIT    98
 RDTITL> READ RTF CARD APPEND
 RDTITL> No title read.
 Parameter: IN1 <- "" <empty>
  
 CHARMM>    read rtf card append
 MAINIO> Residue topology file being read from unit  98.
 RDTITL> * TOPOLOGY FOR TRIACYLGLYCEROLS [STEPHEN GEE FROM LEHIGH UNIVERSITY]
 RDTITL> *
  
 VCLOSE: Closing unit   98 with status "KEEP"

                    RETURNING TO INPUT STREAM    99
  
 CHARMM>    stream toppar/toppar_all36_lipid_yeast.str
 VOPEN> Attempting to open::toppar/toppar_all36_lipid_yeast.str::
 OPNLGU> Unit 98 opened for READONLY access to toppar/toppar_all36_lipid_yeast.str

                    INPUT STREAM SWITCHING TO UNIT    98
 RDTITL> * TOPPAR STREAM FILE FOR BRANCHED AND CYCLIC CHAINED LIPIDS.  FOLLOWING READING OF
 RDTITL> * TOP_ALL36_LIPID.RTF
 RDTITL> * AND
 RDTITL> * PAR_ALL36_LIPID.RTF
 RDTITL> *
 Parameter: IN1 <- "" <empty>
  
 CHARMM>     
  
 CHARMM>    set nat ?NATC
 RDCMND substituted energy or value "?NATC" to "592"
 Parameter: NAT <- "592"
  
 CHARMM>    set app
 Parameter: APP <- "" <empty>
  
 CHARMM>    !We're exploiting what is arguably a bug in the parser. On the left hand side,
 CHARMM>    !the quotes have proirity, so NAT is correctly substituted. On the right hand
 CHARMM>    !side, the ? has priority and NATC" (sic) is not a valid substitution...
 CHARMM>    if "@NAT" ne "?NATC" if @nat ne 0 set app append
 Parameter: NAT -> "592"
 Parameter: NAT -> "592"
 RDCMND: can not substitute energy "?NATC""
 Comparing ""592"" and ""?NATC"".
 IF test evaluated as true.  Performing command
 Comparing "592" and "0".
 IF test evaluated as true.  Performing command
 Parameter: APP <- "APPEND"
  
 CHARMM>     
  
 CHARMM>    read rtf card @app
 Parameter: APP -> "APPEND"
 MAINIO> Residue topology file being read from unit  98.
 RDTITL> * CHOLESTEROL RESIDUES
 RDTITL> *
  
 CHARMM>     
  
 CHARMM>    read para card flex @app
 Parameter: APP -> "APPEND"

          PARAMETER FILE BEING READ FROM UNIT 98
 RDTITL> * NEW PARAMETERS
 RDTITL> *
 PARMIO> NONBOND, HBOND lists and IMAGE atoms cleared.
  
 CHARMM>     
  
 CHARMM>    return
 VCLOSE: Closing unit   98 with status "KEEP"

                    RETURNING TO INPUT STREAM    99
  
 CHARMM>    stream toppar/toppar_all36_lipid_hmmm.str
 VOPEN> Attempting to open::toppar/toppar_all36_lipid_hmmm.str::
 OPNLGU> Unit 98 opened for READONLY access to toppar/toppar_all36_lipid_hmmm.str

                    INPUT STREAM SWITCHING TO UNIT    98
 RDTITL> READ RTF CARD APPEND FLEX
 RDTITL> No title read.
 Parameter: IN1 <- "" <empty>
  
 CHARMM>    read rtf card append flex
 MAINIO> Residue topology file being read from unit  98.
 RDTITL> * TOPOLOGY FOR TERMINAL PATCHES FOR HMMM TRUNCATED LIPIDS
 RDTITL> *

      ***** LEVEL  1 WARNING FROM <DECODF> *****
      ***** Zero length string
      ******************************************
      BOMLEV (  0) IS NOT REACHED. WRNLEV IS  5

 WARNING from DECODF -- Zero length string being converted to 0.

      ***** LEVEL  1 WARNING FROM <DECODF> *****
      ***** Zero length string
      ******************************************
      BOMLEV (  0) IS NOT REACHED. WRNLEV IS  5

 WARNING from DECODF -- Zero length string being converted to 0.

      ***** LEVEL  1 WARNING FROM <DECODF> *****
      ***** Zero length string
      ******************************************
      BOMLEV (  0) IS NOT REACHED. WRNLEV IS  5

 WARNING from DECODF -- Zero length string being converted to 0.

      ***** LEVEL  1 WARNING FROM <DECODF> *****
      ***** Zero length string
      ******************************************
      BOMLEV (  0) IS NOT REACHED. WRNLEV IS  5

 WARNING from DECODF -- Zero length string being converted to 0.

      ***** LEVEL  1 WARNING FROM <DECODF> *****
      ***** Zero length string
      ******************************************
      BOMLEV (  0) IS NOT REACHED. WRNLEV IS  5

 WARNING from DECODF -- Zero length string being converted to 0.

      ***** LEVEL  1 WARNING FROM <DECODF> *****
      ***** Zero length string
      ******************************************
      BOMLEV (  0) IS NOT REACHED. WRNLEV IS  5

 WARNING from DECODF -- Zero length string being converted to 0.

      ***** LEVEL  1 WARNING FROM <DECODF> *****
      ***** Zero length string
      ******************************************
      BOMLEV (  0) IS NOT REACHED. WRNLEV IS  5

 WARNING from DECODF -- Zero length string being converted to 0.

      ***** LEVEL  1 WARNING FROM <DECODF> *****
      ***** Zero length string
      ******************************************
      BOMLEV (  0) IS NOT REACHED. WRNLEV IS  5

 WARNING from DECODF -- Zero length string being converted to 0.
  
 CHARMM>     
  
 CHARMM>    read para card flex @app
 Parameter: APP -> "APPEND"

          PARAMETER FILE BEING READ FROM UNIT 98
 RDTITL> * NEW PARAMETERS
 RDTITL> *
 PARMIO> NONBOND, HBOND lists and IMAGE atoms cleared.
  
 CHARMM>     
  
 CHARMM>    return
 VCLOSE: Closing unit   98 with status "KEEP"

                    RETURNING TO INPUT STREAM    99
  
 CHARMM>    stream toppar/toppar_all36_lipid_detergent.str
 VOPEN> Attempting to open::toppar/toppar_all36_lipid_detergent.str::
 OPNLGU> Unit 98 opened for READONLY access to toppar/toppar_all36_lipid_detergent.str

                    INPUT STREAM SWITCHING TO UNIT    98
 RDTITL> * TOPPAR STREAM FILE FOR DETERGENTS AND FATTY ACIDS.
 RDTITL> * STREAM FOLLOWING READING OF
 RDTITL> * TOP_ALL36_LIPID.RTF
 RDTITL> * AND
 RDTITL> * PAR_ALL36_LIPID.RTF
 RDTITL> *
 Parameter: IN1 <- "" <empty>
  
 CHARMM>     
  
 CHARMM>    !Additional residues added by Im lab, Aug. 2017
 CHARMM>     
  
 CHARMM>    !Fatty acids added Jan. 2016
 CHARMM>     
  
 CHARMM>    read rtf card append
 MAINIO> Residue topology file being read from unit  98.
 RDTITL> * DETERGENT AND FATTY ACID RESIDUES
 RDTITL> *
  
 CHARMM>     
  
 CHARMM>    read para card append flex

          PARAMETER FILE BEING READ FROM UNIT 98
 RDTITL> * SB3-12 AND SB3-14 PARAMETERS
 RDTITL> *
 PARMIO> NONBOND, HBOND lists and IMAGE atoms cleared.
  
 CHARMM>     
  
 CHARMM>    return
 VCLOSE: Closing unit   98 with status "KEEP"

                    RETURNING TO INPUT STREAM    99
  
 CHARMM>    stream toppar/toppar_all36_lipid_ether.str
 VOPEN> Attempting to open::toppar/toppar_all36_lipid_ether.str::
 OPNLGU> Unit 98 opened for READONLY access to toppar/toppar_all36_lipid_ether.str

                    INPUT STREAM SWITCHING TO UNIT    98
 RDTITL> * CHARMM36 ALL-HYDROGEN ETHER LIPID FORCE FIELD INCLUDING PLASMALOGENS ALISON
 RDTITL> * N. LEONARD (A. L.), 7/18 WITH RICHARD PASTOR AND JEFFERY KLAUDA, JPCB 122(26)
 RDTITL> * PP. 6744 - 6754.  ANA WEST, 1/20 WITH VALERIA ZONI, WALTER TEAGUE JR., ALISON
 RDTITL> * LEONARD, STEFANO VANNI, KLAUS GAWRISCH, STEPHANIE TRISTAM-NAGLE, JONATHAN
 RDTITL> * SACHS, AND JEFFERY KLAUDA, JPCB 124(5) PP. 828 - 839.
 RDTITL> *
 Parameter: IN1 <- "" <empty>
  
 CHARMM>     
  
 CHARMM>    !Parent files that have to be read prior to streaming this file
 CHARMM>    !top_all36_lipid.rtf
 CHARMM>    !par_all36_lipid.prm
 CHARMM>    !top_all36_cgenff.rtf
 CHARMM>    !par_all36_cgenff.prm
 CHARMM>     
  
 CHARMM>    read rtf card append
 MAINIO> Residue topology file being read from unit  98.
 RDTITL> * C36 ETHER MODEL COMPOUNDS
 RDTITL> *

      ***** LEVEL  1 WARNING FROM <DECODF> *****
      ***** Zero length string
      ******************************************
      BOMLEV (  0) IS NOT REACHED. WRNLEV IS  5

 WARNING from DECODF -- Zero length string being converted to 0.

      ***** LEVEL  1 WARNING FROM <DECODF> *****
      ***** Zero length string
      ******************************************
      BOMLEV (  0) IS NOT REACHED. WRNLEV IS  5

 WARNING from DECODF -- Zero length string being converted to 0.

      ***** LEVEL  1 WARNING FROM <DECODF> *****
      ***** Zero length string
      ******************************************
      BOMLEV (  0) IS NOT REACHED. WRNLEV IS  5

 WARNING from DECODF -- Zero length string being converted to 0.
  
 CHARMM>     
  
 CHARMM>    read para card flex append

          PARAMETER FILE BEING READ FROM UNIT 98
 RDTITL> * PARAMETERS
 RDTITL> *
 PARRDR> Error: Repeated ANGLE parameter (  7501): CG32  OG30  CG31 is replaced
 PARRDR> Error: Repeated ANGLE parameter (  1342): CG31  CG2D  CG33 is replaced
 PARMIO> NONBOND, HBOND lists and IMAGE atoms cleared.
  
 CHARMM>     
  
 CHARMM>    return
 VCLOSE: Closing unit   98 with status "KEEP"

                    RETURNING TO INPUT STREAM    99
  
 CHARMM>    stream toppar/toppar_all36_lipid_oxidized.str
 VOPEN> Attempting to open::toppar/toppar_all36_lipid_oxidized.str::
 OPNLGU> Unit 98 opened for READONLY access to toppar/toppar_all36_lipid_oxidized.str

                    INPUT STREAM SWITCHING TO UNIT    98
 RDTITL> READ RTF CARD APPEND
 RDTITL> No title read.
 Parameter: IN1 <- "" <empty>
  
 CHARMM>    read rtf card append
 MAINIO> Residue topology file being read from unit  98.
 RDTITL> * TOPOLOGY FOR OXIDIZED PHOSPHOLIPID
 RDTITL> *

      ***** LEVEL  1 WARNING FROM <rtfrdr> *****
      ***** No AUTOgen defaults specified in appended RTF. Potential conflict with prior RTF autogen options. Check.
      ******************************************
      BOMLEV (  0) IS NOT REACHED. WRNLEV IS  5

  
 CHARMM>     
  
 CHARMM>    read param card flex append

          PARAMETER FILE BEING READ FROM UNIT 98
 RDTITL> * ADDITIONAL PARAMETERS FOR OXIDIZED PHOSPHOLIPIDS
 RDTITL> *
 PARRDR> Error: Repeated DIHE parameter (  5771): CG2D  CG2D  CG2D  CG31 is replaced
 PARRDR> Error: Repeated DIHE parameter (  5772): CG2D  CG2D  CG2D  CG31 is replaced
 PARRDR> Error: Repeated DIHE parameter (  5771): CG2D  CG2D  CG2D  CG31 is replaced
 PARRDR> Error: Repeated DIHE parameter (  5772): CG2D  CG2D  CG2D  CG31 is replaced
 PARRDR> Error: Repeated DIHE parameter (  6202): CG2D  CG2D  CG31  CG32 is replaced
 PARRDR> Error: Repeated DIHE parameter (  6203): CG2D  CG2D  CG31  CG32 is replaced
 PARRDR> Error: Repeated DIHE parameter (  6202): CG2D  CG2D  CG31  CG32 is replaced
 PARRDR> Error: Repeated DIHE parameter (  6203): CG2D  CG2D  CG31  CG32 is replaced
 PARRDR> Error: Repeated DIHE parameter (  6221): CG2D  CG2D  CG31  HGA1 is replaced
 PARRDR> Error: Repeated DIHE parameter ( 19677): CG2D  CG31  CG32  CG32 is replaced
 PARRDR> Error: Repeated DIHE parameter ( 19678): CG2D  CG31  CG32  CG32 is replaced
 PARRDR> Error: Repeated DIHE parameter ( 19679): CG2D  CG31  CG32  CG32 is replaced
 PARRDR> Error: Repeated DIHE parameter ( 19677): CG2D  CG31  CG32  CG32 is replaced
 PARRDR> Error: Repeated DIHE parameter ( 19678): CG2D  CG31  CG32  CG32 is replaced
 PARRDR> Error: Repeated DIHE parameter ( 19679): CG2D  CG31  CG32  CG32 is replaced
 PARRDR> Error: Repeated DIHE parameter ( 19677): CG2D  CG31  CG32  CG32 is replaced
 PARRDR> Error: Repeated DIHE parameter ( 19678): CG2D  CG31  CG32  CG32 is replaced
 PARRDR> Error: Repeated DIHE parameter ( 19679): CG2D  CG31  CG32  CG32 is replaced
 PARRDR> Error: Repeated DIHE parameter ( 19682): CG2D  CG31  CG32  HGA2 is replaced
 PARRDR> Error: Repeated DIHE parameter (  5835): CG31  CG2D  CG2D  HGA4 is replaced
 PARRDR> Error: Repeated DIHE parameter (  6247): HGA4  CG2D  CG31  CG32 is replaced
 PARRDR> Error: Repeated DIHE parameter (  6248): HGA4  CG2D  CG31  CG32 is replaced
 PARRDR> Error: Repeated DIHE parameter (  6262): HGA4  CG2D  CG31  HGA1 is replaced
 PARMIO> NONBOND, HBOND lists and IMAGE atoms cleared.
  
 CHARMM>     
  
 CHARMM>    RETURN
 VCLOSE: Closing unit   98 with status "KEEP"

                    RETURNING TO INPUT STREAM    99
  
 CHARMM>     
  
 CHARMM>    ! Additional topologies and parameters for carbohydrates
 CHARMM>    stream toppar/toppar_all36_carb_glycolipid.str
 VOPEN> Attempting to open::toppar/toppar_all36_carb_glycolipid.str::
 OPNLGU> Unit 98 opened for READONLY access to toppar/toppar_all36_carb_glycolipid.str

                    INPUT STREAM SWITCHING TO UNIT    98
 RDTITL> READ RTF CARD APPEND
 RDTITL> No title read.
 Parameter: IN1 <- "" <empty>
  
 CHARMM>    read rtf card append
 MAINIO> Residue topology file being read from unit  98.
 RDTITL> * TOPOLOGY FOR GLYCOLIPIDS
 RDTITL> *
  
 CHARMM>     
  
 CHARMM>    read param card flex append

          PARAMETER FILE BEING READ FROM UNIT 98
 RDTITL> * PIP RELATED PARAMETERS
 RDTITL> *
 PARRDR> Error: Repeated BOND parameter (  1099): CG2R  NG3N is replaced
 PARRDR> Error: Repeated ANGLE parameter (  3757): CG2R  CG30  CG32 is replaced
 PARRDR> Error: Repeated ANGLE parameter (  4665): CG30  CG32  CG30 is replaced
 PARRDR> Error: Repeated ANGLE parameter (  3430): NG2R  CG2R  NG3N is replaced
 PARRDR> Error: Repeated ANGLE parameter (  7348): CG2R  NG3N  NG3N is replaced
 PARRDR> Error: Repeated ANGLE parameter (  7349): CG2R  NG3N  HGP1 is replaced
 PARRDR> Error: Repeated DIHE parameter ( 22427): CG2D  CG32  CG32  CG31 is replaced
 PARRDR> Error: Repeated DIHE parameter ( 22428): CG2D  CG32  CG32  CG31 is replaced
 PARRDR> Error: Repeated DIHE parameter ( 22429): CG2D  CG32  CG32  CG31 is replaced
 PARRDR> Error: Repeated DIHE parameter ( 22427): CG2D  CG32  CG32  CG31 is replaced
 PARRDR> Error: Repeated DIHE parameter ( 22428): CG2D  CG32  CG32  CG31 is replaced
 PARRDR> Error: Repeated DIHE parameter ( 22429): CG2D  CG32  CG32  CG31 is replaced
 PARRDR> Error: Repeated DIHE parameter ( 22427): CG2D  CG32  CG32  CG31 is replaced
 PARRDR> Error: Repeated DIHE parameter ( 22428): CG2D  CG32  CG32  CG31 is replaced
 PARRDR> Error: Repeated DIHE parameter ( 22429): CG2D  CG32  CG32  CG31 is replaced
 PARRDR> Error: Repeated DIHE parameter ( 18419): CG2R  CG30  CG32  HGA2 is replaced
 PARRDR> Error: Repeated DIHE parameter ( 18411): CG2R  CG30  CG32  CG30 is replaced
 PARRDR> Error: Repeated DIHE parameter ( 18412): CG2R  CG30  CG32  CG30 is replaced
 PARRDR> Error: Repeated DIHE parameter ( 14412): CG2R  CG2R  CG30  CG32 is replaced
 PARRDR> Error: Repeated DIHE parameter ( 18471): CG33  CG30  CG32  CG30 is replaced
 PARRDR> Error: Repeated DIHE parameter ( 17027): NG2R  CG2R  NG3N  NG3N is replaced
 PARRDR> Error: Repeated DIHE parameter ( 17028): NG2R  CG2R  NG3N  NG3N is replaced
 PARRDR> Error: Repeated DIHE parameter ( 17029): NG2R  CG2R  NG3N  NG3N is replaced
 PARRDR> Error: Repeated DIHE parameter ( 17027): NG2R  CG2R  NG3N  NG3N is replaced
 PARRDR> Error: Repeated DIHE parameter ( 17028): NG2R  CG2R  NG3N  NG3N is replaced
 PARRDR> Error: Repeated DIHE parameter ( 17029): NG2R  CG2R  NG3N  NG3N is replaced
 PARRDR> Error: Repeated DIHE parameter ( 17030): NG2R  CG2R  NG3N  HGP1 is replaced
 PARRDR> Error: Repeated DIHE parameter ( 31669): CG2R  NG3N  NG3N  HGP1 is replaced
 PARRDR> Error: Repeated DIHE parameter ( 24062): CG32  CG32  NG30  CG2R is replaced
 PARRDR> Error: Repeated DIHE parameter ( 24063): CG32  CG32  NG30  CG2R is replaced
 PARRDR> Error: Repeated DIHE parameter ( 24062): CG32  CG32  NG30  CG2R is replaced
 PARRDR> Error: Repeated DIHE parameter ( 24063): CG32  CG32  NG30  CG2R is replaced
 PARRDR> Error: Repeated DIHE parameter ( 22848): NG31  CG32  CG32  NG31 is replaced
 PARRDR> Error: Repeated DIHE parameter ( 22849): NG31  CG32  CG32  NG31 is replaced
 PARMIO> NONBOND, HBOND lists and IMAGE atoms cleared.
  
 CHARMM>     
  
 CHARMM>    RETURN
 VCLOSE: Closing unit   98 with status "KEEP"

                    RETURNING TO INPUT STREAM    99
  
 CHARMM>    stream toppar/toppar_all36_carb_glycopeptide.str
 VOPEN> Attempting to open::toppar/toppar_all36_carb_glycopeptide.str::
 OPNLGU> Unit 98 opened for READONLY access to toppar/toppar_all36_carb_glycopeptide.str

                    INPUT STREAM SWITCHING TO UNIT    98
 RDTITL> READ RTF CARD APPEND
 RDTITL> No title read.
 Parameter: IN1 <- "" <empty>
  
 CHARMM>    read rtf card append
 MAINIO> Residue topology file being read from unit  98.
 RDTITL> * TOPOLOGY FOR GLYCOPEPTIDE LINKAGES
 RDTITL> *
  
 CHARMM>     
  
 CHARMM>    read param card flex append

          PARAMETER FILE BEING READ FROM UNIT 98
 RDTITL> *    NEW PARAMETES
 RDTITL> *
 PARMIO> NONBOND, HBOND lists and IMAGE atoms cleared.
  
 CHARMM>     
  
 CHARMM>     
  
 CHARMM>    RETURN
 VCLOSE: Closing unit   98 with status "KEEP"

                    RETURNING TO INPUT STREAM    99
  
 CHARMM>    stream toppar/toppar_all36_carb_imlab.str
 VOPEN> Attempting to open::toppar/toppar_all36_carb_imlab.str::
 OPNLGU> Unit 98 opened for READONLY access to toppar/toppar_all36_carb_imlab.str

                    INPUT STREAM SWITCHING TO UNIT    98
 RDTITL> READ RTF CARD APPEND
 RDTITL> No title read.
 Parameter: IN1 <- "" <empty>
  
 CHARMM>    read rtf card append
 MAINIO> Residue topology file being read from unit  98.
 RDTITL> * GLYCAN CHEMICAL MODIFICATION PATCHES
 RDTITL> *
  
 CHARMM>     
  
 CHARMM>    read param card flex append

          PARAMETER FILE BEING READ FROM UNIT 98
 RDTITL> * GLYCAN CHEMICAL MODIFICATION PATCHES
 RDTITL> *
 PARRDR> Error: Repeated DIHE parameter ( 13781): NG2S  CG2R  CG2R  NG2O is replaced
 PARMIO> NONBOND, HBOND lists and IMAGE atoms cleared.
  
 CHARMM>     
  
 CHARMM>    RETURN
 VCLOSE: Closing unit   98 with status "KEEP"

                    RETURNING TO INPUT STREAM    99
  
 CHARMM>     
  
 CHARMM>    ! Additional topologies and parameters for spin/fluorophore labels
 CHARMM>    stream toppar/toppar_all36_label_spin.str
 VOPEN> Attempting to open::toppar/toppar_all36_label_spin.str::
 OPNLGU> Unit 98 opened for READONLY access to toppar/toppar_all36_label_spin.str

                    INPUT STREAM SWITCHING TO UNIT    98
 RDTITL> *>>>>> TOPOLOGY FOR NITROXYDE SPIN LABELS <<<<<<<
 RDTITL> * SHAHIDUL M. ISLAM, UNIVERSITY OF CHICAGO
 RDTITL> *
 Parameter: IN1 <- "" <empty>
  
 CHARMM>     
  
 CHARMM>    ! please reference the following:
 CHARMM>    !Sezer, D., Freed J. H., and Roux, B. “Parametrization, Molecular Dynamics Simulation, and Calculation of Electron Spin
 CHARMM>    !Resonance Spectra of a Nitroxide Spin Label on a Polyalanine alpha-Helix” J. Phys. Chem. B 2008, 112, 5755-5767
 CHARMM>     
  
 CHARMM>    !Islam, S. M., and Roux, B. “Parameterization and molecular dynamics simulations of a
 CHARMM>    !conformationally constrained double linked spin label constrained by EPR/DEER data”
 CHARMM>    !(planed submission to J journal)
 CHARMM>     
  
 CHARMM>    !test "append" to determine if previous toppar files have been read and
 CHARMM>    !add append to "read rtf card" if true
 CHARMM>    set nat ?NATC
 RDCMND substituted energy or value "?NATC" to "592"
 Parameter: NAT <- "592"
  
 CHARMM>    set app
 Parameter: APP <- "" <empty>
  
 CHARMM>    !We're exploiting what is arguably a bug in the parser. On the left hand side,
 CHARMM>    !the quotes have proirity, so NAT is correctly substituted. On the right hand
 CHARMM>    !side, the ? has priority and NATC" (sic) is not a valid substitution...
 CHARMM>    if "@NAT" ne "?NATC" if @nat ne 0 set app append
 Parameter: NAT -> "592"
 Parameter: NAT -> "592"
 RDCMND: can not substitute energy "?NATC""
 Comparing ""592"" and ""?NATC"".
 IF test evaluated as true.  Performing command
 Comparing "592" and "0".
 IF test evaluated as true.  Performing command
 Parameter: APP <- "APPEND"
  
 CHARMM>     
  
 CHARMM>     
  
 CHARMM>    read rtf card @app
 Parameter: APP -> "APPEND"
 MAINIO> Residue topology file being read from unit  98.
 RDTITL> * TOPOLOGY FOR SPIN LABEL
 RDTITL> *
  
 CHARMM>     
  
 CHARMM>     
  
 CHARMM>    read para card flex @app
 Parameter: APP -> "APPEND"

          PARAMETER FILE BEING READ FROM UNIT 98
 RDTITL> * PARAMETERS FOR SPIN LABEL
 RDTITL> *
 PARRDR> Error: Repeated BOND parameter (  1467): CG3C  NG2R is replaced
 PARRDR> Error: Repeated BOND parameter (  1659): NG2S  NG2S is replaced
 PARRDR> Error: Repeated ANGLE parameter (  5457): CG33  CG3C  NG2R is replaced
 PARRDR> Error: Repeated ANGLE parameter (  5928): CG3R  CG3C  SG31 is replaced
 PARRDR> Error: Repeated ANGLE parameter (  6245): CG3C  CG3R  NG2R is replaced
 PARRDR> Error: Repeated ANGLE parameter (  7030): CG2O  NG2S  NG2S is replaced
 PARRDR> Error: Repeated ANGLE parameter (  7063): NG2S  NG2S  HGP1 is replaced
 PARRDR> Error: Repeated ANGLE parameter (  7808): CG3C  SG31  CG3C is replaced
 PARRDR> Error: Repeated DIHE parameter (  7841): OG2D  CG2O  NG2S  NG2S is replaced
 PARRDR> Error: Repeated DIHE parameter (  9612): CG2O  CG2R  CG2R  HGR5 is replaced
 PARRDR> Error: Repeated DIHE parameter ( 25682): HGA3  CG33  CG3C  NG2R is replaced
 PARRDR> Error: Repeated DIHE parameter ( 28997): HGA1  CG3C  SG31  CG3C is replaced
 PARRDR> Error: Repeated DIHE parameter ( 29450): SG31  CG3C  CG3R  CG3R is replaced
 PARRDR> Error: Repeated DIHE parameter ( 29451): SG31  CG3C  CG3R  CG3R is replaced
 PARRDR> Error: Repeated DIHE parameter ( 29453): SG31  CG3C  CG3R  HGA1 is replaced
 PARRDR> Error: Repeated DIHE parameter ( 29477): HGA2  CG3C  CG3R  NG2R is replaced
 PARRDR> Error: Repeated DIHE parameter ( 29867): HGA2  CG3C  SG31  CG3C is replaced
 PARRDR> Error: Repeated DIHE parameter ( 30630): CG3C  CG3R  NG2R  CG2R is replaced
 PARRDR> Error: Repeated DIHE parameter ( 30631): CG3C  CG3R  NG2R  CG2R is replaced
 PARRDR> Error: Repeated DIHE parameter ( 31420): CG2O  NG2S  NG2S  HGP1 is replaced
 PARRDR> Error: Repeated DIHE parameter ( 31422): HGP1  NG2S  NG2S  HGP1 is replaced
 PARRDR> Error: Repeated DIHE parameter ( 31423): HGP1  NG2S  NG2S  HGP1 is replaced
 PARRDR> Error: Repeated DIHE parameter ( 31424): HGP1  NG2S  NG2S  HGP1 is replaced
 PARMIO> NONBOND, HBOND lists and IMAGE atoms cleared.
  
 CHARMM>     
  
 CHARMM>    return
 VCLOSE: Closing unit   98 with status "KEEP"

                    RETURNING TO INPUT STREAM    99
  
 CHARMM>    stream toppar/toppar_all36_label_fluorophore.str
 VOPEN> Attempting to open::toppar/toppar_all36_label_fluorophore.str::
 OPNLGU> Unit 98 opened for READONLY access to toppar/toppar_all36_label_fluorophore.str

                    INPUT STREAM SWITCHING TO UNIT    98
 RDTITL> READ RTF CARD APPEND
 RDTITL> No title read.
 Parameter: IN1 <- "" <empty>
  
 CHARMM>    read rtf card append
 MAINIO> Residue topology file being read from unit  98.
 RDTITL> * TOPOLOGY FILES
 RDTITL> *
  
 CHARMM>     
  
 CHARMM>    read param card flex append

          PARAMETER FILE BEING READ FROM UNIT 98
 RDTITL> * MINI FORCE FIELD PARAMETER FILE.
 RDTITL> *
 PARRDR> Error: Repeated BOND parameter (   462): CG25  NG3C is replaced
 PARRDR> Error: Repeated BOND parameter (   872): CG2R  CG3C is replaced
 PARRDR> Error: Repeated ANGLE parameter (  5367): CG2R  CG3C  CG33 is replaced
 PARRDR> Error: Repeated DIHE parameter ( 25685): HGA3  CG33  CG3C  CG2R is replaced
 PARMIO> NONBOND, HBOND lists and IMAGE atoms cleared.
  
 CHARMM>     
  
 VCLOSE: Closing unit   98 with status "KEEP"

                    RETURNING TO INPUT STREAM    99
  
 CHARMM>     
  
 CHARMM>     
  
 CHARMM>     
  
 VCLOSE: Closing unit   99 with status "KEEP"

                    RETURNING TO INPUT STREAM     5
  
 CHARMM>     
  
 CHARMM>    ! Custom topology and parameter files for lig
 CHARMM>    open read card unit 10 name lig/lig.rtf
 OPNLGU> Unit already open. The old file will be closed first.
 VCLOSE: Closing unit   10 with status "KEEP"
 VOPEN> Attempting to open::lig/lig.rtf::
 OPNLGU> Unit 10 opened for READONLY access to lig/lig.rtf
  
 CHARMM>    read  rtf card unit 10 append
 MAINIO> Residue topology file being read from unit  10.
 TITLE> * TOPOLOGIES GENERATED BY
 TITLE> * CHARMM GENERAL FORCE FIELD (CGENFF) PROGRAM VERSION 4.0
 TITLE> *

      ***** LEVEL  1 WARNING FROM <rtfrdr> *****
      ***** No AUTOgen defaults specified in appended RTF. Potential conflict with prior RTF autogen options. Check.
      ******************************************
      BOMLEV (  0) IS NOT REACHED. WRNLEV IS  5

  
 CHARMM>     
  
 CHARMM>    open read card unit 20 name lig/lig.prm
 OPNLGU> Unit already open. The old file will be closed first.
 VCLOSE: Closing unit   20 with status "KEEP"
 VOPEN> Attempting to open::lig/lig.prm::
 OPNLGU> Unit 20 opened for READONLY access to lig/lig.prm
  
 CHARMM>    read para flex card unit 20 append

          PARAMETER FILE BEING READ FROM UNIT 20
 TITLE> * PARAMETERS GENERATED BY ANALOGY BY
 TITLE> * CHARMM GENERAL FORCE FIELD (CGENFF) PROGRAM VERSION 4.0
 TITLE> *
 PARMIO> NONBOND, HBOND lists and IMAGE atoms cleared.
  
 CHARMM>     
  
 CHARMM>    bomlev -1
  
 CHARMM>    ! Generate sequence
 CHARMM>    read sequence lig 1
  
 CHARMM>    generate lig first none last none setup
 NO PATCHING WILL BE DONE ON THE FIRST RESIDUE
 NO PATCHING WILL BE DONE ON THE LAST  RESIDUE
 AUTGEN: Autogenerating specified angles and dihedrals.
 GENPSF> Segment   1 has been generated. Its identifier is LIG.
 PSFSUM> PSF modified: NONBOND lists and IMAGE atoms cleared.
 PSFSUM> Summary of the structure file counters :
         Number of segments      =        1   Number of residues   =        1
         Number of atoms         =       82   Number of groups     =        1
         Number of bonds         =       84   Number of angles     =      151
         Number of dihedrals     =      223   Number of impropers  =        2
         Number of cross-terms   =        0   Number of autogens   =        0
         Number of HB acceptors  =        0   Number of HB donors  =        0
         Number of NB exclusions =        0   Total charge =   -0.00000
 QXFORM> Expanded format used.
         More than 4 character atom type used.
  
 CHARMM>     
  
 CHARMM>     
  
 CHARMM>    open read card unit 10 name upload.crd
 OPNLGU> Unit already open. The old file will be closed first.
 VCLOSE: Closing unit   10 with status "KEEP"
 VOPEN> Attempting to open::upload.crd::
 OPNLGU> Unit 10 opened for READONLY access to upload.crd
  
 CHARMM>    read coor card unit 10
          SPATIAL COORDINATES BEING READ FROM UNIT 10
 TITLE> * GENERATED BY CHARMM-GUI (HTTP://WWW.CHARMM-GUI.ORG)
 TITLE> *
 ** WARNING ** After reading, there are no coordinates for selected atom:    41     1 LIG      H1      
 ** WARNING ** After reading, there are no coordinates for selected atom:    42     1 LIG      H2      
 ** WARNING ** After reading, there are no coordinates for selected atom:    43     1 LIG      H3      
 ** WARNING ** After reading, there are no coordinates for selected atom:    44     1 LIG      H4      
 ** WARNING ** After reading, there are no coordinates for selected atom:    45     1 LIG      H5      
 ** WARNING ** After reading, there are no coordinates for selected atom:    46     1 LIG      H6      
 ** WARNING ** After reading, there are no coordinates for selected atom:    47     1 LIG      H7      
 ** WARNING ** After reading, there are no coordinates for selected atom:    48     1 LIG      H8      
 ** WARNING ** After reading, there are no coordinates for selected atom:    49     1 LIG      H11     
 ** WARNING ** After reading, there are no coordinates for selected atom:    50     1 LIG      H12     

 ** A total of    42 selected atoms have no coordinates
 *** LEVEL  2 WARNING *** BOMLEV IS   -1
  
 CHARMM>    bomlev 0
  
 CHARMM>     
  
 CHARMM>    define fixed sele ( INIT ) .and. ( .not. hydrogen ) end
 SELRPN>     40 atoms have been selected out of     82
  
 CHARMM>     
  
 CHARMM>    !Print heavy atoms with unknown coordinates
 CHARMM>    coor print sele ( .not. INIT ) .and. ( .not. hydrogen ) end
 SELRPN>      0 atoms have been selected out of     82

      ***** LEVEL  2 WARNING FROM <COORIO> *****
      ***** ZERO ATOMS SPECIFIED TO WRITE. NO FILE CREATED
      ******************************************
      BOMLEV (  0) IS NOT REACHED. WRNLEV IS  5

  
 CHARMM>     
  
 CHARMM>     
  
 CHARMM>    ! try IC GENERATE  if there are unknown coordinate
 CHARMM>    define XXX sele .not. INIT show end
 The following atoms are currently set:
SEGId RESId RESName  .. TYPEs ..
 LIG      1        LIG H1 H2 H3 H4 H5 H6 H7 H8 H11 H12 H9 HA1 HB1 HB2 HD1 HE1 HZ HE2 HD2 H10 HA2 HB HG21 HG22 HG23 HG11 HG12    
  HG13 H29 H30 H31 H32 H33 H34 H35 H36 H37 H38 H39 H40 H41 H42     
 SELRPN>     42 atoms have been selected out of     82
  
 CHARMM>    if ?nsel .gt. 0 then
 RDCMND substituted energy or value "?NSEL" to "42"
 Comparing "42" and "0".
 IF test evaluated as true.  Performing command
  
 CHARMM>       ic generate

               Generation complete. New IC table entries:

        N      I             J             K             L        R(I(J/K)) T(I(JK/KJ)) PHI   T(JKL)   R(KL)

        1     1 C30         1 C28         1 *S1         1 O1         0.0000    0.00  120.00    0.00   0.0000
        2     1 C30         1 C28         1 *S1         1 O2         0.0000    0.00 -120.00    0.00   0.0000
        3     1 C30         1 S1          1 C28         1 C26        0.0000    0.00  180.00    0.00   0.0000
        4     1 C26         1 S1          1 *C28        1 H33        0.0000    0.00  120.00    0.00   0.0000
        5     1 C26         1 S1          1 *C28        1 H32        0.0000    0.00 -120.00    0.00   0.0000
        6     1 S1          1 C28         1 C26         1 C25        0.0000    0.00  180.00    0.00   0.0000
        7     1 C25         1 C28         1 *C26        1 C27        0.0000    0.00  120.00    0.00   0.0000
        8     1 C25         1 C28         1 *C26        1 H29        0.0000    0.00 -120.00    0.00   0.0000
        9     1 C28         1 C26         1 C27         1 C4         0.0000    0.00  180.00    0.00   0.0000
       10     1 C4          1 C26         1 *C27        1 H30        0.0000    0.00  120.00    0.00   0.0000
       11     1 C4          1 C26         1 *C27        1 H31        0.0000    0.00 -120.00    0.00   0.0000
       12     1 C26         1 C27         1 C4          1 C5         0.0000    0.00  180.00    0.00   0.0000
       13     1 C5          1 C27         1 *C4         1 C3         0.0000    0.00  180.00    0.00   0.0000
       14     1 C27         1 C4          1 C3          1 C2         0.0000    0.00  180.00    0.00   0.0000
       15     1 C2          1 C4          1 *C3         1 H3         0.0000    0.00  180.00    0.00   0.0000
       16     1 C4          1 C3          1 C2          1 C1         0.0000    0.00  180.00    0.00   0.0000
       17     1 C1          1 C3          1 *C2         1 H2         0.0000    0.00  180.00    0.00   0.0000
       18     1 C27         1 C4          1 C5          1 C6         0.0000    0.00  180.00    0.00   0.0000
       19     1 C6          1 C4          1 *C5         1 C10        0.0000    0.00  180.00    0.00   0.0000
       20     1 C1          1 C5          1 *C6         1 C7         0.0000    0.00  180.00    0.00   0.0000
       21     1 C5          1 C6          1 C7          1 C8         0.0000    0.00  180.00    0.00   0.0000
       22     1 C8          1 C6          1 *C7         1 H4         0.0000    0.00  180.00    0.00   0.0000
       23     1 C6          1 C7          1 C8          1 C9         0.0000    0.00  180.00    0.00   0.0000
       24     1 C9          1 C7          1 *C8         1 H5         0.0000    0.00  180.00    0.00   0.0000
       25     1 C28         1 C26         1 C25         1 N2         0.0000    0.00  180.00    0.00   0.0000
       26     1 N2          1 C26         1 *C25        1 O5         0.0000    0.00  180.00    0.00   0.0000
       27     1 C26         1 C25         1 N2          1 CA2        0.0000    0.00  180.00    0.00   0.0000
       28     1 CA2         1 C25         1 *N2         1 H10        0.0000    0.00  180.00    0.00   0.0000
       29     1 C25         1 N2          1 CA2         1 C12        0.0000    0.00  180.00    0.00   0.0000
       30     1 C12         1 N2          1 *CA2        1 CB2        0.0000    0.00  120.00    0.00   0.0000
       31     1 CB2         1 N2          1 *CA2        1 HA2        0.0000    0.00 -120.00    0.00   0.0000
       32     1 N2          1 CA2         1 C12         1 N1         0.0000    0.00  180.00    0.00   0.0000
       33     1 N1          1 CA2         1 *C12        1 O4         0.0000    0.00  180.00    0.00   0.0000
       34     1 CA2         1 C12         1 N1          1 CA1        0.0000    0.00  180.00    0.00   0.0000
       35     1 CA1         1 C12         1 *N1         1 H9         0.0000    0.00  180.00    0.00   0.0000
       36     1 C12         1 N1          1 CA1         1 CB1        0.0000    0.00  180.00    0.00   0.0000
       37     1 CB1         1 N1          1 *CA1        1 C11        0.0000    0.00  120.00    0.00   0.0000
       38     1 C11         1 N1          1 *CA1        1 HA1        0.0000    0.00 -120.00    0.00   0.0000
       39     1 N1          1 CA1         1 C11         1 O3         0.0000    0.00  180.00    0.00   0.0000
       40     1 O3          1 CA1         1 *C11        1 H11        0.0000    0.00  120.00    0.00   0.0000
       41     1 O3          1 CA1         1 *C11        1 H12        0.0000    0.00 -120.00    0.00   0.0000
       42     1 N1          1 CA1         1 CB1         1 CG         0.0000    0.00  180.00    0.00   0.0000
       43     1 CG          1 CA1         1 *CB1        1 HB2        0.0000    0.00  120.00    0.00   0.0000
       44     1 CG          1 CA1         1 *CB1        1 HB1        0.0000    0.00 -120.00    0.00   0.0000
       45     1 CA1         1 CB1         1 CG          1 CD2        0.0000    0.00  180.00    0.00   0.0000
       46     1 CD2         1 CB1         1 *CG         1 CD1        0.0000    0.00  180.00    0.00   0.0000
       47     1 CB1         1 CG          1 CD1         1 CE1        0.0000    0.00  180.00    0.00   0.0000
       48     1 CE1         1 CG          1 *CD1        1 HD1        0.0000    0.00  180.00    0.00   0.0000
       49     1 CG          1 CD1         1 CE1         1 CZ         0.0000    0.00  180.00    0.00   0.0000
       50     1 CZ          1 CD1         1 *CE1        1 HE1        0.0000    0.00  180.00    0.00   0.0000
       51     1 CD1         1 CE1         1 CZ          1 CE2        0.0000    0.00  180.00    0.00   0.0000
       52     1 CE2         1 CE1         1 *CZ         1 HZ         0.0000    0.00  180.00    0.00   0.0000
       53     1 N2          1 CA2         1 CB2         1 CG1        0.0000    0.00  180.00    0.00   0.0000
       54     1 CG1         1 CA2         1 *CB2        1 CG2        0.0000    0.00  120.00    0.00   0.0000
       55     1 CG1         1 CA2         1 *CB2        1 HB         0.0000    0.00 -120.00    0.00   0.0000
       56     1 O1          1 S1          1 C30         1 C29        0.0000    0.00  180.00    0.00   0.0000
       57     1 C29         1 S1          1 *C30        1 C32        0.0000    0.00  120.00    0.00   0.0000
       58     1 C29         1 S1          1 *C30        1 C31        0.0000    0.00 -120.00    0.00   0.0000
       59     1 C6          1 C2          1 *C1         1 H1         0.0000    0.00  180.00    0.00   0.0000
       60     1 C10         1 C8          1 *C9         1 H6         0.0000    0.00  180.00    0.00   0.0000
       61     1 C9          1 C5          1 *C10        1 H7         0.0000    0.00  180.00    0.00   0.0000
       62     1 CA1         1 C11         1 O3          1 H8         0.0000    0.00  180.00    0.00   0.0000
       63     1 CD2         1 CZ          1 *CE2        1 HE2        0.0000    0.00  180.00    0.00   0.0000
       64     1 CE2         1 CG          1 *CD2        1 HD2        0.0000    0.00  180.00    0.00   0.0000
       65     1 CA2         1 CB2         1 CG2         1 HG23       0.0000    0.00  180.00    0.00   0.0000
       66     1 HG23        1 CB2         1 *CG2        1 HG21       0.0000    0.00  120.00    0.00   0.0000
       67     1 HG23        1 CB2         1 *CG2        1 HG22       0.0000    0.00 -120.00    0.00   0.0000
       68     1 CA2         1 CB2         1 CG1         1 HG11       0.0000    0.00  180.00    0.00   0.0000
       69     1 HG11        1 CB2         1 *CG1        1 HG13       0.0000    0.00  120.00    0.00   0.0000
       70     1 HG11        1 CB2         1 *CG1        1 HG12       0.0000    0.00 -120.00    0.00   0.0000
       71     1 S1          1 C30         1 C29         1 H36        0.0000    0.00  180.00    0.00   0.0000
       72     1 H36         1 C30         1 *C29        1 H34        0.0000    0.00  120.00    0.00   0.0000
       73     1 H36         1 C30         1 *C29        1 H35        0.0000    0.00 -120.00    0.00   0.0000
       74     1 S1          1 C30         1 C31         1 H38        0.0000    0.00  180.00    0.00   0.0000
       75     1 H38         1 C30         1 *C31        1 H37        0.0000    0.00  120.00    0.00   0.0000
       76     1 H38         1 C30         1 *C31        1 H39        0.0000    0.00 -120.00    0.00   0.0000
       77     1 S1          1 C30         1 C32         1 H40        0.0000    0.00  180.00    0.00   0.0000
       78     1 H40         1 C30         1 *C32        1 H41        0.0000    0.00  120.00    0.00   0.0000
       79     1 H40         1 C30         1 *C32        1 H42        0.0000    0.00 -120.00    0.00   0.0000
  
 CHARMM>       ic param
  
 CHARMM>       ic build
  
 CHARMM>       define LONEPAIR sele chem LPH end
 SELRPN>      0 atoms have been selected out of     82
  
 CHARMM>       if ?nsel .gt. 0 coor shake sele LONEPAIR end
 RDCMND substituted energy or value "?NSEL" to "0"
 Comparing "0" and "0".
 IF test evaluated as false.  Skipping command
  
 CHARMM>       prnlev 0
  
 CHARMM>       coor print

          COORDINATE FILE MODULE
 TITLE>  * GENERATE LIGAND
 TITLE>  *
        82  EXT
         1         1  LIG       S1              7.0600000000       21.2470000000        5.7930000000  LIG       1               0.0000000000
         2         1  LIG       O1              8.1230000000       22.1520000000        5.6300000000  LIG       1               0.0000000000
         3         1  LIG       O2              5.7770000000       21.7370000000        5.4830000000  LIG       1               0.0000000000
         4         1  LIG       C1             12.1110000000       20.6540000000        2.3960000000  LIG       1               0.0000000000
         5         1  LIG       C2             11.1470000000       21.4080000000        3.0100000000  LIG       1               0.0000000000
         6         1  LIG       C3              9.8040000000       20.9610000000        3.0480000000  LIG       1               0.0000000000
         7         1  LIG       C4              9.4330000000       19.7650000000        2.4760000000  LIG       1               0.0000000000
         8         1  LIG       C5             10.4230000000       18.9690000000        1.8080000000  LIG       1               0.0000000000
         9         1  LIG       C6             11.7690000000       19.4190000000        1.7810000000  LIG       1               0.0000000000
        10         1  LIG       C7             12.7600000000       18.6310000000        1.1320000000  LIG       1               0.0000000000
        11         1  LIG       C8             12.4250000000       17.4460000000        0.5260000000  LIG       1               0.0000000000
        12         1  LIG       C9             11.0820000000       17.0000000000        0.5400000000  LIG       1               0.0000000000
        13         1  LIG       C10            10.1080000000       17.7410000000        1.1620000000  LIG       1               0.0000000000
        14         1  LIG       O3              2.5530000000       16.5320000000       -0.6410000000  LIG       1               0.0000000000
        15         1  LIG       C11             2.0000000000       17.7960000000       -0.9340000000  LIG       1               0.0000000000
        16         1  LIG       N1              3.3090000000       18.9750000000        0.8180000000  LIG       1               0.0000000000
        17         1  LIG       CA1             2.9390000000       18.9720000000       -0.5750000000  LIG       1               0.0000000000
        18         1  LIG       CB1             4.1570000000       18.9340000000       -1.5190000000  LIG       1               0.0000000000
        19         1  LIG       CG              4.9550000000       20.1870000000       -1.4870000000  LIG       1               0.0000000000
        20         1  LIG       CD1             6.2770000000       20.1730000000       -1.0290000000  LIG       1               0.0000000000
        21         1  LIG       CE1             7.0330000000       21.3440000000       -1.0240000000  LIG       1               0.0000000000
        22         1  LIG       CZ              6.4760000000       22.5400000000       -1.4770000000  LIG       1               0.0000000000
        23         1  LIG       CE2             5.1590000000       22.5590000000       -1.9360000000  LIG       1               0.0000000000
        24         1  LIG       CD2             4.4020000000       21.3910000000       -1.9430000000  LIG       1               0.0000000000
        25         1  LIG       N2              4.5530000000       20.1610000000        3.3670000000  LIG       1               0.0000000000
        26         1  LIG       CA2             3.2120000000       19.6570000000        3.2040000000  LIG       1               0.0000000000
        27         1  LIG       C12             2.7470000000       19.8340000000        1.7310000000  LIG       1               0.0000000000
        28         1  LIG       O4              1.9230000000       20.7090000000        1.4030000000  LIG       1               0.0000000000
        29         1  LIG       CB2             2.1830000000       20.3280000000        4.1410000000  LIG       1               0.0000000000
        30         1  LIG       CG2             0.8800000000       19.5560000000        4.0780000000  LIG       1               0.0000000000
        31         1  LIG       CG1             2.6810000000       20.3940000000        5.5690000000  LIG       1               0.0000000000
        32         1  LIG       C25             5.6560000000       19.3820000000        3.1220000000  LIG       1               0.0000000000
        33         1  LIG       O5              5.5390000000       18.2110000000        2.6980000000  LIG       1               0.0000000000
        34         1  LIG       C26             7.0420000000       19.9910000000        3.3850000000  LIG       1               0.0000000000
        35         1  LIG       C27             8.0360000000       19.2530000000        2.4960000000  LIG       1               0.0000000000
        36         1  LIG       C28             7.3860000000       19.8480000000        4.8610000000  LIG       1               0.0000000000
        37         1  LIG       C29             8.3840000000       19.9280000000        7.7390000000  LIG       1               0.0000000000
        38         1  LIG       C30             7.0690000000       20.6090000000        7.4140000000  LIG       1               0.0000000000
        39         1  LIG       C31             5.9200000000       19.6470000000        7.6520000000  LIG       1               0.0000000000
        40         1  LIG       C32             6.8960000000       21.8090000000        8.3390000000  LIG       1               0.0000000000
        41         1  LIG       H1             13.1343709988       20.9986980165        2.3789298681  LIG       1               0.0000000000
        42         1  LIG       H2             11.4125831728       22.3492967187        3.4680525932  LIG       1               0.0000000000
        43         1  LIG       H3              9.0566106865       21.5697795345        3.5348868355  LIG       1               0.0000000000
        44         1  LIG       H4             13.7857490700       18.9685627685        1.1160572983  LIG       1               0.0000000000
        45         1  LIG       H5             13.1858177004       16.8542609423        0.0387617012  LIG       1               0.0000000000
        46         1  LIG       H6             10.8213329268       16.0695349740        0.0576468943  LIG       1               0.0000000000
        47         1  LIG       H7              9.0878120007       17.3866935313        1.1609757798  LIG       1               0.0000000000
        48         1  LIG       H8              1.8914945745       15.8869246793       -0.9015540303  LIG       1               0.0000000000
        49         1  LIG       H11             1.0551179940       17.8997389074       -0.3593199922  LIG       1               0.0000000000
        50         1  LIG       H12             1.7774925375       17.8304280715       -2.0217159623  LIG       1               0.0000000000
        51         1  LIG       H9              4.0034166194       18.3106024785        1.0823170777  LIG       1               0.0000000000
        52         1  LIG       HA1             2.4269250530       19.9335133893       -0.7927316340  LIG       1               0.0000000000
        53         1  LIG       HB1             3.8101408921       18.7871149457       -2.5640942985  LIG       1               0.0000000000
        54         1  LIG       HB2             4.8306485144       18.1028520862       -1.2198355351  LIG       1               0.0000000000
        55         1  LIG       HD1             6.7139611739       19.2500140975       -0.6775014454  LIG       1               0.0000000000
        56         1  LIG       HE1             8.0526373736       21.3253129042       -0.6684893063  LIG       1               0.0000000000
        57         1  LIG       HZ              7.0619045144       23.4472411988       -1.4723439580  LIG       1               0.0000000000
        58         1  LIG       HE2             4.7250078817       23.4834688693       -2.2872871644  LIG       1               0.0000000000
        59         1  LIG       HD2             3.3835162204       21.4128221287       -2.3016163650  LIG       1               0.0000000000
        60         1  LIG       H10             4.6308712588       21.1081394531        3.6679810387  LIG       1               0.0000000000
        61         1  LIG       HA2             3.2048793251       18.5787515137        3.4714592932  LIG       1               0.0000000000
        62         1  LIG       HB              2.0128168492       21.3781249287        3.8207954615  LIG       1               0.0000000000
        63         1  LIG       HG21            1.0426083820       18.5055027508        4.4010093551  LIG       1               0.0000000000
        64         1  LIG       HG22            0.4933975556       19.5510199150        3.0364781090  LIG       1               0.0000000000
        65         1  LIG       HG23            0.1309670378       20.0226722726        4.7528486588  LIG       1               0.0000000000
        66         1  LIG       HG11            3.5144524347       21.1242221393        5.6493347147  LIG       1               0.0000000000
        67         1  LIG       HG12            3.0518865988       19.3961005755        5.8866381120  LIG       1               0.0000000000
        68         1  LIG       HG13            1.8586630421       20.7189549509        6.2416219653  LIG       1               0.0000000000
        69         1  LIG       H29             7.0322582873       21.0738688222        3.1368796564  LIG       1               0.0000000000
        70         1  LIG       H30             8.0944633954       18.1972880162        2.8355941989  LIG       1               0.0000000000
        71         1  LIG       H31             7.6710579891       19.2983584929        1.4481307729  LIG       1               0.0000000000
        72         1  LIG       H32             6.7869038857       19.0215198509        5.2992173811  LIG       1               0.0000000000
        73         1  LIG       H33             8.4713481010       19.6359136370        4.9661614878  LIG       1               0.0000000000
        74         1  LIG       H34             9.2338063026       20.5942207045        7.4776568904  LIG       1               0.0000000000
        75         1  LIG       H35             8.4775736243       18.9878718618        7.1544855337  LIG       1               0.0000000000
        76         1  LIG       H36             8.4333071180       19.6996960353        8.8251400501  LIG       1               0.0000000000
        77         1  LIG       H37             6.0828240988       18.7087390952        7.0797449979  LIG       1               0.0000000000
        78         1  LIG       H38             4.9661416920       20.1066202992        7.3156109256  LIG       1               0.0000000000
        79         1  LIG       H39             5.8540621296       19.3966092120        8.7323752826  LIG       1               0.0000000000
        80         1  LIG       H40             5.9358457465       22.3237342813        8.1211160190  LIG       1               0.0000000000
        81         1  LIG       H41             7.7276571883       22.5290790615        8.1838015237  LIG       1               0.0000000000
        82         1  LIG       H42             6.8855480165       21.4720480323        9.3975878462  LIG       1               0.0000000000
  
 CHARMM>     
  
 CHARMM>       cons fix sele fixed end
 SELRPN>     40 atoms have been selected out of     82
  
 CHARMM>       mini sd nstep 50

 NONBOND OPTION FLAGS: 
     ELEC     VDW      ATOMs    CDIElec  FSHIft   VATOm    VFSWIt  
     BYGRoup  NOEXtnd  NOEWald 
 CUTNB  = 14.000 CTEXNB =999.000 CTONNB = 10.000 CTOFNB = 12.000
 CGONNB =  0.000 CGOFNB = 10.000
 WMIN   =  1.500 WRNMXD =  0.500 E14FAC =  1.000 EPS    =  1.000
 NBXMOD =      5
 There are        0 atom  pairs and        0 atom  exclusions.
 There are        0 group pairs and        0 group exclusions.
 <MAKINB> with mode   5 found    235 exclusions and    214 interactions(1-4)
 <MAKGRP> found      0 group exclusions.
 Generating nonbond list with Exclusion mode = 5
 == PRIMARY == SPACE FOR     3281 ATOM PAIRS AND        0 GROUP PAIRS
 NBONDA>>  Maximum group spatial extent (12A) exceeded.
   Size is       13.65 Angstroms and starts with atom:       1
   Please check group boundary definitions.

 General atom nonbond list generation found:
     2406 ATOM PAIRS WERE FOUND FOR ATOM LIST
        1 GROUP PAIRS REQUIRED ATOM SEARCHES



 STEEPD> An energy minimization has been requested.

 NSTEP  =           50   NPRINT =           10
 STEP   =    0.0200000   TOLFUN =    0.0000000
 TOLGRD =    0.0000000   TOLSTP =    0.0000000

MINI MIN: Cycle      ENERgy      Delta-E         GRMS    Step-size
MINI INTERN:          BONDs       ANGLes       UREY-b    DIHEdrals    IMPRopers
MINI EXTERN:        VDWaals         ELEC       HBONds          ASP         USER
 ----------       ---------    ---------    ---------    ---------    ---------
MINI>        0   -198.01329      0.00000      2.97984      0.02000
MINI INTERN>        0.00023      1.02322      0.52105      4.34692      0.00000
MINI EXTERN>        9.96830   -213.87300      0.00000      0.00000      0.00000
 ----------       ---------    ---------    ---------    ---------    ---------
MINI>       10   -201.54810      3.53481      0.62831      0.00156
MINI INTERN>        0.02788      1.99714      0.43400      4.36965      0.00000
MINI EXTERN>        6.12678   -214.50354      0.00000      0.00000      0.00000
 ----------       ---------    ---------    ---------    ---------    ---------
MINI>       20   -201.62064      0.07254      0.09201      0.00029
MINI INTERN>        0.08688      2.05157      0.41509      4.40540      0.00000
MINI EXTERN>        6.02870   -214.60827      0.00000      0.00000      0.00000
 ----------       ---------    ---------    ---------    ---------    ---------
MINI>       30   -201.62871      0.00807      0.14835      0.00031
MINI INTERN>        0.08090      2.06832      0.41680      4.41751      0.00000
MINI EXTERN>        6.02452   -214.63676      0.00000      0.00000      0.00000
 ----------       ---------    ---------    ---------    ---------    ---------
MINI>       40   -201.63338      0.00466      0.07603      0.00014
MINI INTERN>        0.09707      2.07381      0.41349      4.41803      0.00000
MINI EXTERN>        6.01620   -214.65198      0.00000      0.00000      0.00000
 ----------       ---------    ---------    ---------    ---------    ---------
MINI>       50   -201.63523      0.00185      0.10196      0.00015
MINI INTERN>        0.09427      2.07607      0.41427      4.41545      0.00000
MINI EXTERN>        6.02004   -214.65531      0.00000      0.00000      0.00000
 ----------       ---------    ---------    ---------    ---------    ---------

 STEEPD> Minimization exiting with number of steps limit (        50) exceeded.

STPD MIN: Cycle      ENERgy      Delta-E         GRMS    Step-size
STPD INTERN:          BONDs       ANGLes       UREY-b    DIHEdrals    IMPRopers
STPD EXTERN:        VDWaals         ELEC       HBONds          ASP         USER
 ----------       ---------    ---------    ---------    ---------    ---------
STPD>       50   -201.63523      0.00185      0.10196      0.00008
STPD INTERN>        0.09427      2.07607      0.41427      4.41545      0.00000
STPD EXTERN>        6.02004   -214.65531      0.00000      0.00000      0.00000
 ----------       ---------    ---------    ---------    ---------    ---------
  
 CHARMM>       cons fix sele none end
 SELRPN>      0 atoms have been selected out of     82
  
 CHARMM>    endif
  
 CHARMM>     
  
 CHARMM>    if ?nsel .eq. 0 then
 RDCMND substituted energy or value "?NSEL" to "0"
 Comparing "0" and "0".
 IF test evaluated as true.  Performing command
  
 CHARMM>       prnlev 0
  
 CHARMM>       coor print

          COORDINATE FILE MODULE
 TITLE>  * GENERATE LIGAND
 TITLE>  *
        82  EXT
         1         1  LIG       S1              7.0600000000       21.2470000000        5.7930000000  LIG       1               0.0000000000
         2         1  LIG       O1              8.1230000000       22.1520000000        5.6300000000  LIG       1               0.0000000000
         3         1  LIG       O2              5.7770000000       21.7370000000        5.4830000000  LIG       1               0.0000000000
         4         1  LIG       C1             12.1110000000       20.6540000000        2.3960000000  LIG       1               0.0000000000
         5         1  LIG       C2             11.1470000000       21.4080000000        3.0100000000  LIG       1               0.0000000000
         6         1  LIG       C3              9.8040000000       20.9610000000        3.0480000000  LIG       1               0.0000000000
         7         1  LIG       C4              9.4330000000       19.7650000000        2.4760000000  LIG       1               0.0000000000
         8         1  LIG       C5             10.4230000000       18.9690000000        1.8080000000  LIG       1               0.0000000000
         9         1  LIG       C6             11.7690000000       19.4190000000        1.7810000000  LIG       1               0.0000000000
        10         1  LIG       C7             12.7600000000       18.6310000000        1.1320000000  LIG       1               0.0000000000
        11         1  LIG       C8             12.4250000000       17.4460000000        0.5260000000  LIG       1               0.0000000000
        12         1  LIG       C9             11.0820000000       17.0000000000        0.5400000000  LIG       1               0.0000000000
        13         1  LIG       C10            10.1080000000       17.7410000000        1.1620000000  LIG       1               0.0000000000
        14         1  LIG       O3              2.5530000000       16.5320000000       -0.6410000000  LIG       1               0.0000000000
        15         1  LIG       C11             2.0000000000       17.7960000000       -0.9340000000  LIG       1               0.0000000000
        16         1  LIG       N1              3.3090000000       18.9750000000        0.8180000000  LIG       1               0.0000000000
        17         1  LIG       CA1             2.9390000000       18.9720000000       -0.5750000000  LIG       1               0.0000000000
        18         1  LIG       CB1             4.1570000000       18.9340000000       -1.5190000000  LIG       1               0.0000000000
        19         1  LIG       CG              4.9550000000       20.1870000000       -1.4870000000  LIG       1               0.0000000000
        20         1  LIG       CD1             6.2770000000       20.1730000000       -1.0290000000  LIG       1               0.0000000000
        21         1  LIG       CE1             7.0330000000       21.3440000000       -1.0240000000  LIG       1               0.0000000000
        22         1  LIG       CZ              6.4760000000       22.5400000000       -1.4770000000  LIG       1               0.0000000000
        23         1  LIG       CE2             5.1590000000       22.5590000000       -1.9360000000  LIG       1               0.0000000000
        24         1  LIG       CD2             4.4020000000       21.3910000000       -1.9430000000  LIG       1               0.0000000000
        25         1  LIG       N2              4.5530000000       20.1610000000        3.3670000000  LIG       1               0.0000000000
        26         1  LIG       CA2             3.2120000000       19.6570000000        3.2040000000  LIG       1               0.0000000000
        27         1  LIG       C12             2.7470000000       19.8340000000        1.7310000000  LIG       1               0.0000000000
        28         1  LIG       O4              1.9230000000       20.7090000000        1.4030000000  LIG       1               0.0000000000
        29         1  LIG       CB2             2.1830000000       20.3280000000        4.1410000000  LIG       1               0.0000000000
        30         1  LIG       CG2             0.8800000000       19.5560000000        4.0780000000  LIG       1               0.0000000000
        31         1  LIG       CG1             2.6810000000       20.3940000000        5.5690000000  LIG       1               0.0000000000
        32         1  LIG       C25             5.6560000000       19.3820000000        3.1220000000  LIG       1               0.0000000000
        33         1  LIG       O5              5.5390000000       18.2110000000        2.6980000000  LIG       1               0.0000000000
        34         1  LIG       C26             7.0420000000       19.9910000000        3.3850000000  LIG       1               0.0000000000
        35         1  LIG       C27             8.0360000000       19.2530000000        2.4960000000  LIG       1               0.0000000000
        36         1  LIG       C28             7.3860000000       19.8480000000        4.8610000000  LIG       1               0.0000000000
        37         1  LIG       C29             8.3840000000       19.9280000000        7.7390000000  LIG       1               0.0000000000
        38         1  LIG       C30             7.0690000000       20.6090000000        7.4140000000  LIG       1               0.0000000000
        39         1  LIG       C31             5.9200000000       19.6470000000        7.6520000000  LIG       1               0.0000000000
        40         1  LIG       C32             6.8960000000       21.8090000000        8.3390000000  LIG       1               0.0000000000
        41         1  LIG       H1             13.1343709988       20.9986980165        2.3789298681  LIG       1               0.0000000000
        42         1  LIG       H2             11.4125831728       22.3492967187        3.4680525932  LIG       1               0.0000000000
        43         1  LIG       H3              9.0566106865       21.5697795345        3.5348868355  LIG       1               0.0000000000
        44         1  LIG       H4             13.7857490700       18.9685627685        1.1160572983  LIG       1               0.0000000000
        45         1  LIG       H5             13.1858177004       16.8542609423        0.0387617012  LIG       1               0.0000000000
        46         1  LIG       H6             10.8213329268       16.0695349740        0.0576468943  LIG       1               0.0000000000
        47         1  LIG       H7              9.0878120007       17.3866935313        1.1609757798  LIG       1               0.0000000000
        48         1  LIG       H8              1.8914945745       15.8869246793       -0.9015540303  LIG       1               0.0000000000
        49         1  LIG       H11             1.0551179940       17.8997389074       -0.3593199922  LIG       1               0.0000000000
        50         1  LIG       H12             1.7774925375       17.8304280715       -2.0217159623  LIG       1               0.0000000000
        51         1  LIG       H9              4.0034166194       18.3106024785        1.0823170777  LIG       1               0.0000000000
        52         1  LIG       HA1             2.4269250530       19.9335133893       -0.7927316340  LIG       1               0.0000000000
        53         1  LIG       HB1             3.8101408921       18.7871149457       -2.5640942985  LIG       1               0.0000000000
        54         1  LIG       HB2             4.8306485144       18.1028520862       -1.2198355351  LIG       1               0.0000000000
        55         1  LIG       HD1             6.7139611739       19.2500140975       -0.6775014454  LIG       1               0.0000000000
        56         1  LIG       HE1             8.0526373736       21.3253129042       -0.6684893063  LIG       1               0.0000000000
        57         1  LIG       HZ              7.0619045144       23.4472411988       -1.4723439580  LIG       1               0.0000000000
        58         1  LIG       HE2             4.7250078817       23.4834688693       -2.2872871644  LIG       1               0.0000000000
        59         1  LIG       HD2             3.3835162204       21.4128221287       -2.3016163650  LIG       1               0.0000000000
        60         1  LIG       H10             4.6308712588       21.1081394531        3.6679810387  LIG       1               0.0000000000
        61         1  LIG       HA2             3.2048793251       18.5787515137        3.4714592932  LIG       1               0.0000000000
        62         1  LIG       HB              2.0128168492       21.3781249287        3.8207954615  LIG       1               0.0000000000
        63         1  LIG       HG21            1.0426083820       18.5055027508        4.4010093551  LIG       1               0.0000000000
        64         1  LIG       HG22            0.4933975556       19.5510199150        3.0364781090  LIG       1               0.0000000000
        65         1  LIG       HG23            0.1309670378       20.0226722726        4.7528486588  LIG       1               0.0000000000
        66         1  LIG       HG11            3.5144524347       21.1242221393        5.6493347147  LIG       1               0.0000000000
        67         1  LIG       HG12            3.0518865988       19.3961005755        5.8866381120  LIG       1               0.0000000000
        68         1  LIG       HG13            1.8586630421       20.7189549509        6.2416219653  LIG       1               0.0000000000
        69         1  LIG       H29             7.0322582873       21.0738688222        3.1368796564  LIG       1               0.0000000000
        70         1  LIG       H30             8.0944633954       18.1972880162        2.8355941989  LIG       1               0.0000000000
        71         1  LIG       H31             7.6710579891       19.2983584929        1.4481307729  LIG       1               0.0000000000
        72         1  LIG       H32             6.7869038857       19.0215198509        5.2992173811  LIG       1               0.0000000000
        73         1  LIG       H33             8.4713481010       19.6359136370        4.9661614878  LIG       1               0.0000000000
        74         1  LIG       H34             9.2338063026       20.5942207045        7.4776568904  LIG       1               0.0000000000
        75         1  LIG       H35             8.4775736243       18.9878718618        7.1544855337  LIG       1               0.0000000000
        76         1  LIG       H36             8.4333071180       19.6996960353        8.8251400501  LIG       1               0.0000000000
        77         1  LIG       H37             6.0828240988       18.7087390952        7.0797449979  LIG       1               0.0000000000
        78         1  LIG       H38             4.9661416920       20.1066202992        7.3156109256  LIG       1               0.0000000000
        79         1  LIG       H39             5.8540621296       19.3966092120        8.7323752826  LIG       1               0.0000000000
        80         1  LIG       H40             5.9358457465       22.3237342813        8.1211160190  LIG       1               0.0000000000
        81         1  LIG       H41             7.7276571883       22.5290790615        8.1838015237  LIG       1               0.0000000000
        82         1  LIG       H42             6.8855480165       21.4720480323        9.3975878462  LIG       1               0.0000000000
  
 CHARMM>    endif
  
 CHARMM>     
  
 CHARMM>    mini sd nstep 50

 NONBOND OPTION FLAGS: 
     ELEC     VDW      ATOMs    CDIElec  FSHIft   VATOm    VFSWIt  
     BYGRoup  NOEXtnd  NOEWald 
 CUTNB  = 14.000 CTEXNB =999.000 CTONNB = 10.000 CTOFNB = 12.000
 CGONNB =  0.000 CGOFNB = 10.000
 WMIN   =  1.500 WRNMXD =  0.500 E14FAC =  1.000 EPS    =  1.000
 NBXMOD =      5
 There are     2406 atom  pairs and      449 atom  exclusions.
 There are        0 group pairs and        0 group exclusions.
 Generating nonbond list with Exclusion mode = 5
 == PRIMARY == SPACE FOR     3281 ATOM PAIRS AND        0 GROUP PAIRS
 NBONDA>>  Maximum group spatial extent (12A) exceeded.
   Size is       13.65 Angstroms and starts with atom:       1
   Please check group boundary definitions.

 General atom nonbond list generation found:
     3084 ATOM PAIRS WERE FOUND FOR ATOM LIST
        1 GROUP PAIRS REQUIRED ATOM SEARCHES



 STEEPD> An energy minimization has been requested.

 NSTEP  =           50   NPRINT =           10
 STEP   =    0.0200000   TOLFUN =    0.0000000
 TOLGRD =    0.0000000   TOLSTP =    0.0000000

MINI MIN: Cycle      ENERgy      Delta-E         GRMS    Step-size
MINI INTERN:          BONDs       ANGLes       UREY-b    DIHEdrals    IMPRopers
MINI EXTERN:        VDWaals         ELEC       HBONds          ASP         USER
 ----------       ---------    ---------    ---------    ---------    ---------
MINI>        0     73.74547   -275.38069      9.01260      0.02000
MINI INTERN>       12.09685      8.51818      1.54189     26.30065      0.00272
MINI EXTERN>       37.15000    -11.86483      0.00000      0.00000      0.00000
 ----------       ---------    ---------    ---------    ---------    ---------
MINI>       10     60.01832     13.72715      1.20290      0.00156
MINI INTERN>        5.76827      7.08083      0.71338     26.05697      0.00411
MINI EXTERN>       32.94644    -12.55168      0.00000      0.00000      0.00000
 ----------       ---------    ---------    ---------    ---------    ---------
MINI>       20     58.66776      1.35056      0.69659      0.00070
MINI INTERN>        6.12573      7.12041      0.74344     26.05140      0.00431
MINI EXTERN>       31.38214    -12.75967      0.00000      0.00000      0.00000
 ----------       ---------    ---------    ---------    ---------    ---------
MINI>       30     57.96992      0.69784      0.64013      0.00075
MINI INTERN>        6.29262      7.14694      0.75551     26.04348      0.00495
MINI EXTERN>       30.61259    -12.88617      0.00000      0.00000      0.00000
 ----------       ---------    ---------    ---------    ---------    ---------
MINI>       40     57.62967      0.34025      1.45885      0.00080
MINI INTERN>        6.42664      7.19533      0.75980     26.01784      0.00501
MINI EXTERN>       30.18968    -12.96464      0.00000      0.00000      0.00000
 ----------       ---------    ---------    ---------    ---------    ---------
MINI>       50     57.36503      0.26464      1.58890      0.00087
MINI INTERN>        6.52544      7.23409      0.76407     26.00292      0.00490
MINI EXTERN>       29.85185    -13.01825      0.00000      0.00000      0.00000
 ----------       ---------    ---------    ---------    ---------    ---------

 STEEPD> Minimization exiting with number of steps limit (        50) exceeded.

STPD MIN: Cycle      ENERgy      Delta-E         GRMS    Step-size
STPD INTERN:          BONDs       ANGLes       UREY-b    DIHEdrals    IMPRopers
STPD EXTERN:        VDWaals         ELEC       HBONds          ASP         USER
 ----------       ---------    ---------    ---------    ---------    ---------
STPD>       50     57.36503      0.26464      1.58890      0.00043
STPD INTERN>        6.52544      7.23409      0.76407     26.00292      0.00490
STPD EXTERN>       29.85185    -13.01825      0.00000      0.00000      0.00000
 ----------       ---------    ---------    ---------    ---------    ---------
  
 CHARMM>     
  
 CHARMM>     
  
 CHARMM>    ! stop if there are unknown coordinate
 CHARMM>    define XXX sele .not. INIT show end
 The following atoms are currently set:
SEGId RESId RESName  .. TYPEs ..
 SELRPN>      0 atoms have been selected out of     82
  
 CHARMM>    if ?nsel .gt. 0 stop
 RDCMND substituted energy or value "?NSEL" to "0"
 Comparing "0" and "0".
 IF test evaluated as false.  Skipping command
  
 CHARMM>     
  
 CHARMM>    ENERGY

 NONBOND OPTION FLAGS: 
     ELEC     VDW      ATOMs    CDIElec  FSHIft   VATOm    VFSWIt  
     BYGRoup  NOEXtnd  NOEWald 
 CUTNB  = 14.000 CTEXNB =999.000 CTONNB = 10.000 CTOFNB = 12.000
 CGONNB =  0.000 CGOFNB = 10.000
 WMIN   =  1.500 WRNMXD =  0.500 E14FAC =  1.000 EPS    =  1.000
 NBXMOD =      5
 There are     3084 atom  pairs and      449 atom  exclusions.
 There are        0 group pairs and        0 group exclusions.
 Generating nonbond list with Exclusion mode = 5
 == PRIMARY == SPACE FOR     3281 ATOM PAIRS AND        0 GROUP PAIRS
 NBONDA>>  Maximum group spatial extent (12A) exceeded.
   Size is       13.71 Angstroms and starts with atom:       1
   Please check group boundary definitions.

 General atom nonbond list generation found:
     3084 ATOM PAIRS WERE FOUND FOR ATOM LIST
        1 GROUP PAIRS REQUIRED ATOM SEARCHES

ENER ENR:  Eval#     ENERgy      Delta-E         GRMS
ENER INTERN:          BONDs       ANGLes       UREY-b    DIHEdrals    IMPRopers
ENER EXTERN:        VDWaals         ELEC       HBONds          ASP         USER
 ----------       ---------    ---------    ---------    ---------    ---------
ENER>        0     57.36044      0.00458      1.32958
ENER INTERN>        6.50324      7.18234      0.76395     26.04211      0.00497
ENER EXTERN>       29.86118    -12.99735      0.00000      0.00000      0.00000
 ----------       ---------    ---------    ---------    ---------    ---------
  
 CHARMM>     
  
 CHARMM>    open write card unit 10 name ligandrm.pdb
 OPNLGU> Unit already open. The old file will be closed first.
 VCLOSE: Closing unit   10 with status "KEEP"
 VOPEN> Attempting to open::ligandrm.pdb::
 OPNLGU> Unit 10 opened for WRITE access to ligandrm.pdb
  
 CHARMM>    write coor pdb  unit 10 official
 RDTITL>  
 RDTITL> No title read.
 Write official pdb format.
 Note that the segid (chain id) will be truncated to only one character.
  
 CHARMM>     
  
 CHARMM>    open write card unit 10 name ligandrm.crd
 OPNLGU> Unit already open. The old file will be closed first.
 VCLOSE: Closing unit   10 with status "KEEP"
 VOPEN> Attempting to open::ligandrm.crd::
 OPNLGU> Unit 10 opened for WRITE access to ligandrm.crd
  
 CHARMM>    write coor unit 10 card
 RDTITL>  
 RDTITL> No title read.
 VCLOSE: Closing unit   10 with status "KEEP"
  
 CHARMM>     
  
 CHARMM>    open write unit 10 card name ligandrm.psf
 VOPEN> Attempting to open::ligandrm.psf::
 OPNLGU> Unit 10 opened for WRITE access to ligandrm.psf
  
 CHARMM>    write psf  unit 10 card
 RDTITL>  
 RDTITL> No title read.
 VCLOSE: Closing unit   10 with status "KEEP"
  
 CHARMM>     
  
 CHARMM>    coor stat sele all end
 SELRPN>     82 atoms have been selected out of     82
 STATISTICS FOR        82 SELECTED ATOMS:
    XMIN =    0.105201 XMAX =   13.811778 XAVE =    6.258523
    YMIN =   15.854423 YMAX =   23.493857 YAVE =   19.843243
    ZMIN =   -2.569892 ZMAX =    9.480318 ZAVE =    2.715973
    WMIN =    0.000000 WMAX =    0.000000 WAVE =    0.000000
  
 CHARMM>     
  
 CHARMM>    open write unit 90 card name ligandrm.str
 VOPEN> Attempting to open::ligandrm.str::
 OPNLGU> Unit 90 opened for WRITE access to ligandrm.str
  
 CHARMM>    write title unit 90
 RDTITL> * SET NCHARGE = -3.025357742E-15
 RDTITL> * SET XMAX = 13.8117776
 RDTITL> * SET YMAX = 23.4938569
 RDTITL> * SET ZMAX = 9.48031807
 RDTITL> * SET XMIN = 0.105201447
 RDTITL> * SET YMIN = 15.8544229
 RDTITL> * SET ZMIN = -2.56989172
 RDTITL> *
  
 CHARMM>     
  
 CHARMM>    stop
 VCLOSE: Closing unit   20 with status "KEEP"
 VCLOSE: Closing unit   90 with status "KEEP"
$$$$$$  New timer profile $$$$$
   List time                       0.00 Other:            0.00
      Nonbond force                   0.01 Other:            0.00
         Bond energy                     0.00 Other:            0.00
         Angle energy                    0.00 Other:            0.00
         Dihedral energy                 0.00 Other:            0.00
         Restraints energy               0.00 Other:            0.00
      INTRNL energy                   0.00 Other:            0.00
   Energy time                     0.01 Other:            0.00
 Total time                     12.86 Other:           12.85

                    NORMAL TERMINATION BY NORMAL STOP
                    MOST SEVERE WARNING WAS AT LEVEL  1

                    $$$$$ JOB ACCOUNTING INFORMATION $$$$$
                     ELAPSED TIME:    12.86  SECONDS 
                         CPU TIME:    12.85  SECONDS 
