1
                 Chemistry at HARvard Macromolecular Mechanics
           (CHARMM) - Developmental Version 47a2   February 15, 2021            
                                Revision unknown                                
       Copyright(c) 1984-2020  President and Fellows of Harvard College
                              All Rights Reserved
             Current operating system: Linux-6.1.0-41-amd64(x86_64)             
                 Created on 12/22/25 at 11:16:21 by user: charmm-gui  

            Maximum number of ATOMS:    360720, and RESidues:      120240
 RDTITL> * GENERATE LIGAND
 RDTITL> *
  
 CHARMM>     
  
 CHARMM>    DIMENS CHSIZE 2000000
Size      Original         New
MAXA        360720     2000000
MAXB        360720     2000000
MAXT        721440     4000000
MAXP       1082160     6000000
MAXIMP      180360     1000000
MAXNB        90180      500000
MAXPAD      360720     2000000
MAXRES      120240      666666
MAXSEG       45090      250000
MAXATC        1400
MAXCB         3000
MAXCT        50000
MAXCP        50000
MAXCI         1200
MAXCH         6400
MAXCN       502503
MAXCRT      120240      666666
  
 CHARMM>    !DIMENS CHSIZE 1000000
 CHARMM>     
  
 CHARMM>    ! read topology and parameter files
 CHARMM>    stream toppar.str
 VOPEN> Attempting to open::toppar.str::
 OPNLGU> Unit 99 opened for READONLY access to toppar.str

                    INPUT STREAM SWITCHING TO UNIT    99
 RDTITL> * GENERATED BY CHARMM-GUI (HTTP://WWW.CHARMM-GUI.ORG) V3.7 ON DEC, 22. 2025. JOBID=6642011165
 RDTITL> * STREAM FILE FOR TOPOLOGY AND PARAMETER READING
 RDTITL> *
 Parameter: IN1 <- "" <empty>
  
 CHARMM>     
  
 CHARMM>    ! protein topology and parameter
 CHARMM>    open read card unit 10 name toppar/top_all36_prot.rtf
 VOPEN> Attempting to open::toppar/top_all36_prot.rtf::
 OPNLGU> Unit 10 opened for READONLY access to toppar/top_all36_prot.rtf
  
 CHARMM>    read  rtf card unit 10
 MAINIO> Residue topology file being read from unit  10.
 TITLE> *>>>>>>>>CHARMM36 ALL-HYDROGEN TOPOLOGY FILE FOR PROTEINS <<<<<<
 TITLE> *>>>>> INCLUDES PHI, PSI CROSS TERM MAP (CMAP) CORRECTION <<<<<<<
 TITLE> *>>>>>>>>>>>>>>>>>>>>>>>>>> MAY 2011 <<<<<<<<<<<<<<<<<<<<<<<<<<<<
 TITLE> * ALL COMMENTS TO THE CHARMM WEB SITE: WWW.CHARMM.ORG
 TITLE> *             PARAMETER SET DISCUSSION FORUM
 TITLE> *
  
 CHARMM>     
  
 CHARMM>    open read card unit 20 name toppar/par_all36m_prot.prm
 VOPEN> Attempting to open::toppar/par_all36m_prot.prm::
 OPNLGU> Unit 20 opened for READONLY access to toppar/par_all36m_prot.prm
  
 CHARMM>    read para card unit 20 flex

          PARAMETER FILE BEING READ FROM UNIT 20
 TITLE> *>>>> CHARMM36 ALL-HYDROGEN PARAMETER FILE FOR PROTEINS <<<<<<<<<<
 TITLE> *>>>>> INCLUDES PHI, PSI CROSS TERM MAP (CMAP) CORRECTION <<<<<<<<
 TITLE> *>>>>>>>>>>>>>>>>>>>>>>>>>> JAN. 2016 <<<<<<<<<<<<<<<<<<<<<<<<<<<<
 TITLE> * ALL COMMENTS TO THE CHARMM WEB SITE: WWW.CHARMM.ORG
 TITLE> *             PARAMETER SET DISCUSSION FORUM
 TITLE> *
 PARMIO> NONBOND, HBOND lists and IMAGE atoms cleared.
  
 CHARMM>     
  
 CHARMM>    ! nucleic acids
 CHARMM>    open read card unit 10 name toppar/top_all36_na.rtf
 OPNLGU> Unit already open. The old file will be closed first.
 VCLOSE: Closing unit   10 with status "KEEP"
 VOPEN> Attempting to open::toppar/top_all36_na.rtf::
 OPNLGU> Unit 10 opened for READONLY access to toppar/top_all36_na.rtf
  
 CHARMM>    read  rtf card unit 10 append
 MAINIO> Residue topology file being read from unit  10.
 TITLE> *  \\\\ CHARMM36 ALL-HYDROGEN NUCLEIC ACID TOPOLOGY FILE ////
 TITLE> *   ALEXANDER D. MACKERELL JR. AND COWORKERS
 TITLE> *                      APRIL 2011
 TITLE> * ALL COMMENTS TO THE CHARMM WEB SITE: WWW.CHARMM.ORG
 TITLE> *           PARAMETER SET DISCUSSION FORUM
 TITLE> *
  
 CHARMM>     
  
 CHARMM>    open read card unit 20 name toppar/par_all36_na.prm
 OPNLGU> Unit already open. The old file will be closed first.
 VCLOSE: Closing unit   20 with status "KEEP"
 VOPEN> Attempting to open::toppar/par_all36_na.prm::
 OPNLGU> Unit 20 opened for READONLY access to toppar/par_all36_na.prm
  
 CHARMM>    read para card unit 20 append flex

          PARAMETER FILE BEING READ FROM UNIT 20
 TITLE> * \\\\ CHARMM36 ALL-HYDROGEN NUCLEIC ACID PARAMETER FILE ////
 TITLE> *         ALEXANDER D. MACKERELL JR. AND COWORKERS
 TITLE> *                        APRIL 2011
 TITLE> * ALL COMMENTS TO THE CHARMM WEB SITE: WWW.CHARMM.ORG PARAMETER
 TITLE> *                     SET DISCUSSION FORUM
 TITLE> *
 PARMIO> NONBOND, HBOND lists and IMAGE atoms cleared.
  
 CHARMM>     
  
 CHARMM>    ! carbohydrates
 CHARMM>    open read card unit 10 name toppar/top_all36_carb.rtf
 OPNLGU> Unit already open. The old file will be closed first.
 VCLOSE: Closing unit   10 with status "KEEP"
 VOPEN> Attempting to open::toppar/top_all36_carb.rtf::
 OPNLGU> Unit 10 opened for READONLY access to toppar/top_all36_carb.rtf
  
 CHARMM>    read  rtf card unit 10 append
 MAINIO> Residue topology file being read from unit  10.
 TITLE> * $ID: TOP_ALLXX_SUGAR.INP,V 1.106 2014/08/19 19:07:43 ALEX EXP $
 TITLE> *>>>>>>>>>>>> ALL-HYDROGEN TOPOLOGIES USED IN THE <<<<<<<<<<<<<<<<
 TITLE> *>>>>> DEVELOPMENT OF THE CHARMM CARBOHYDRATE  FORCE FIELD<<<<<<<<
 TITLE> *>>>>>>>>>>>>>>>>>>>>>>>>> JUNE 2009 <<<<<<<<<<<<<<<<<<<<<<<<<<<<<
 TITLE> *>>>>>>>> DIRECT COMMENTS TO ALEXANDER D. MACKERELL JR. <<<<<<<<<<
 TITLE> *>>>>>>>>>> VIA THE CHARMM WEB SITE: WWW.CHARMM.ORG <<<<<<<<<<<<<<
 TITLE> *>>>>>>>>>>>>>>> PARAMETER SET DISCUSSION FORUM <<<<<<<<<<<<<<<<<<
 TITLE> *
  
 CHARMM>     
  
 CHARMM>    open read card unit 20 name toppar/par_all36_carb.prm
 OPNLGU> Unit already open. The old file will be closed first.
 VCLOSE: Closing unit   20 with status "KEEP"
 VOPEN> Attempting to open::toppar/par_all36_carb.prm::
 OPNLGU> Unit 20 opened for READONLY access to toppar/par_all36_carb.prm
  
 CHARMM>    read para card unit 20 append flex

          PARAMETER FILE BEING READ FROM UNIT 20
 TITLE> * $ID: PAR_ALLXX_SUGAR.INP,V 1.132 2014/08/19 19:03:21 ALEX EXP $
 TITLE> *>>>>>>>>>>>> ALL-HYDROGEN PARAMETERS USED IN THE <<<<<<<<<<<<<<<<
 TITLE> *>>>>> DEVELOPMENT OF THE CHARMM CARBOHYDRATE  FORCE FIELD<<<<<<<<
 TITLE> *>>>>>>>>>>>>>>>>>>>>>>>>> JUNE 2009 <<<<<<<<<<<<<<<<<<<<<<<<<<<<<
 TITLE> *>>>>>>>> DIRECT COMMENTS TO ALEXANDER D. MACKERELL JR. <<<<<<<<<<
 TITLE> *>>>>>>>>>> VIA THE CHARMM WEB SITE: WWW.CHARMM.ORG <<<<<<<<<<<<<<
 TITLE> *>>>>>>>>>>>>>>> PARAMETER SET DISCUSSION FORUM <<<<<<<<<<<<<<<<<<
 TITLE> *
 PARMIO> NONBOND, HBOND lists and IMAGE atoms cleared.
  
 CHARMM>     
  
 CHARMM>    ! lipids
 CHARMM>    open read card unit 10 name toppar/top_all36_lipid.rtf
 OPNLGU> Unit already open. The old file will be closed first.
 VCLOSE: Closing unit   10 with status "KEEP"
 VOPEN> Attempting to open::toppar/top_all36_lipid.rtf::
 OPNLGU> Unit 10 opened for READONLY access to toppar/top_all36_lipid.rtf
  
 CHARMM>    read  rtf card unit 10 append
 MAINIO> Residue topology file being read from unit  10.
 TITLE> *  \\\\\\\ CHARMM36 ALL-HYDROGEN LIPID TOPOLOGY FILE ///////
 TITLE> *  ALL COMMENTS AND QUESTIONS SHOULD BE SUBMITTED TO THE
 TITLE> *  PARAMETER FORUM AT THE CHARMM WEBSITE: WWW.CHARMM.ORG
 TITLE> *
  
 CHARMM>     
  
 CHARMM>    open read card unit 20 name toppar/par_all36_lipid.prm
 OPNLGU> Unit already open. The old file will be closed first.
 VCLOSE: Closing unit   20 with status "KEEP"
 VOPEN> Attempting to open::toppar/par_all36_lipid.prm::
 OPNLGU> Unit 20 opened for READONLY access to toppar/par_all36_lipid.prm
  
 CHARMM>    read para card unit 20 append flex

          PARAMETER FILE BEING READ FROM UNIT 20
 TITLE> *  \\\\\\\ CHARMM36 ALL-HYDROGEN LIPID PARAMETER FILE ///////
 TITLE> *  ALL COMMENTS AND QUESTIONS SHOULD BE SUBMITTED TO THE
 TITLE> *  PARAMETER FORUM AT THE CHARMM WEBSITE: WWW.CHARMM.ORG
 TITLE> *
 PARMIO> NONBOND, HBOND lists and IMAGE atoms cleared.
  
 CHARMM>     
  
 CHARMM>    ! CGENFF
 CHARMM>    open read card unit 10 name toppar/top_all36_cgenff.rtf
 OPNLGU> Unit already open. The old file will be closed first.
 VCLOSE: Closing unit   10 with status "KEEP"
 VOPEN> Attempting to open::toppar/top_all36_cgenff.rtf::
 OPNLGU> Unit 10 opened for READONLY access to toppar/top_all36_cgenff.rtf
  
 CHARMM>    read  rtf card unit 10 append
 MAINIO> Residue topology file being read from unit  10.
 TITLE> *  --------------------------------------------------------------------------  *
 TITLE> *          CGENFF: TOPOLOGY FOR THE CHARMM GENERAL FORCE FIELD V. 4.6          *
 TITLE> *                    FOR SMALL MOLECULE DRUG DESIGN                            *
 TITLE> *  --------------------------------------------------------------------------  *
 TITLE> *

 DRUDES PARTICLES WILL BE GENERATED AUTOMATICALLY FOR ALL ATOMS WITH NON-ZERO ALPHA
 Thole-type dipole screening, Slater-Delta shape {S(u) = 1 - (1+u/2)*exp(-u)}, default radius =  1.300000
  
 CHARMM>     
  
 CHARMM>    open read card unit 20 name toppar/par_all36_cgenff.prm
 OPNLGU> Unit already open. The old file will be closed first.
 VCLOSE: Closing unit   20 with status "KEEP"
 VOPEN> Attempting to open::toppar/par_all36_cgenff.prm::
 OPNLGU> Unit 20 opened for READONLY access to toppar/par_all36_cgenff.prm
  
 CHARMM>    read para card unit 20 append flex

          PARAMETER FILE BEING READ FROM UNIT 20
 TITLE> *  --------------------------------------------------------------------------  *
 TITLE> *         CGENFF: PARAMETERS FOR THE CHARMM GENERAL FORCE FIELD V. 4.6         *
 TITLE> *                    FOR SMALL MOLECULE DRUG DESIGN                            *
 TITLE> *  --------------------------------------------------------------------------  *
 TITLE> *  2017/8: IF PROTEIN, NUCLEIC ACID AND CARBOHYDRATE TOPOLOGY AND PARAMETER FILES
 TITLE> *  ARE NOT READ PRIOR TO THE CGENFF FILES "WARNING: ATOMS IN NBFIX ' errors will
 TITLE> *  BE ENCOUNTERED.  THESE CAN BE PASSED BY SETTING BOMLEV ( -2) PRIOR TO READING
 TITLE> *  THIS FILE. IN ADDITION, WHEN GENERATING AROMATIC HALOGENS (CL, BR, I) WITH
 TITLE> *  PRE C41B/C42A VERSIONS OF CHARMM "MISSING PARAMETER" ERRORS WILL BE
 TITLE> *  ENCOUNTERED THAT ALSO REQUIRE SETTING BOMLEV ( -2).
 TITLE> *
 PARMIO> NONBOND, HBOND lists and IMAGE atoms cleared.
  
 CHARMM>     
  
 CHARMM>    ! Phosphates and Sulfates
 CHARMM>    stream toppar/toppar_all36_moreions.str
 VOPEN> Attempting to open::toppar/toppar_all36_moreions.str::
 OPNLGU> Unit 98 opened for READONLY access to toppar/toppar_all36_moreions.str

                    INPUT STREAM SWITCHING TO UNIT    98
 RDTITL> * ADDITIONAL IONS GENERATED USING CGENFF
 RDTITL> *
 Parameter: IN1 <- "" <empty>
  
 CHARMM>     
  
 CHARMM>    set nat ?NATC
 RDCMND substituted energy or value "?NATC" to "345"
 Parameter: NAT <- "345"
  
 CHARMM>    set app
 Parameter: APP <- "" <empty>
  
 CHARMM>     
  
 CHARMM>    if "@NAT" ne "?NATC" if @nat ne 0 set app append
 Parameter: NAT -> "345"
 Parameter: NAT -> "345"
 RDCMND: can not substitute energy "?NATC""
 Comparing ""345"" and ""?NATC"".
 IF test evaluated as true.  Performing command
 Comparing "345" and "0".
 IF test evaluated as true.  Performing command
 Parameter: APP <- "APPEND"
  
 CHARMM>     
  
 CHARMM>    read rtf card @app
 Parameter: APP -> "APPEND"
 MAINIO> Residue topology file being read from unit  98.
 RDTITL> * TOPOLOGIES GENERATED BY
 RDTITL> * CHARMM GENERAL FORCE FIELD (CGENFF) PROGRAM VERSION 2.4.0
 RDTITL> *
  
 CHARMM>     
  
 CHARMM>    read para card flex @app
 Parameter: APP -> "APPEND"

          PARAMETER FILE BEING READ FROM UNIT 98
 RDTITL> * PARAMETERS GENERATED BY ANALOGY BY
 RDTITL> * CHARMM GENERAL FORCE FIELD (CGENFF) PROGRAM VERSION 2.4.0
 RDTITL> *
 PARMIO> NONBOND, HBOND lists and IMAGE atoms cleared.
  
 CHARMM>     
  
 VCLOSE: Closing unit   98 with status "KEEP"

                    RETURNING TO INPUT STREAM    99
  
 CHARMM>     
  
 CHARMM>    ! Interface FF
 CHARMM>    open read card unit 10 name toppar/top_interface.rtf
 OPNLGU> Unit already open. The old file will be closed first.
 VCLOSE: Closing unit   10 with status "KEEP"
 VOPEN> Attempting to open::toppar/top_interface.rtf::
 OPNLGU> Unit 10 opened for READONLY access to toppar/top_interface.rtf
  
 CHARMM>    read  rtf card unit 10 append
 MAINIO> Residue topology file being read from unit  10.
 TITLE> * INTERFACE FF
 TITLE> * TOPOLOGY FOR NANOMATERIALS
 TITLE> *
*** WARNING **** residue TSHO already exists (old one deleted)

      ***** LEVEL  1 WARNING FROM <RTFRDR> *****
      ***** Residue already exists.
      ******************************************
      BOMLEV (  0) IS NOT REACHED. WRNLEV IS  5

          PRES TSHO17      -1.050
*** WARNING **** residue TSHO already exists (old one deleted)

      ***** LEVEL  1 WARNING FROM <RTFRDR> *****
      ***** Residue already exists.
      ******************************************
      BOMLEV (  0) IS NOT REACHED. WRNLEV IS  5

          PRES TSHO21      -1.050
 There were   2 warning(s) from RTFRDR.
  
 CHARMM>     
  
 CHARMM>    open read card unit 10 name toppar/par_interface.prm
 OPNLGU> Unit already open. The old file will be closed first.
 VCLOSE: Closing unit   10 with status "KEEP"
 VOPEN> Attempting to open::toppar/par_interface.prm::
 OPNLGU> Unit 10 opened for READONLY access to toppar/par_interface.prm
  
 CHARMM>    read para card unit 10 append flex

          PARAMETER FILE BEING READ FROM UNIT 10
 TITLE> * INTERFACE FF
 TITLE> * TOPOLOGY AND PARAMETER FOR CALY MINERALS, CEMENT MINERALS
 TITLE> *
 PARRDR> Error: Repeated DIHE parameter ( 10947): HGR6  ICG1  ICG1  ICGE is replaced
 PARMIO> NONBOND, HBOND lists and IMAGE atoms cleared.
  
 CHARMM>     
  
 CHARMM>    stream toppar/toppar_all36_nano_lig.str
 VOPEN> Attempting to open::toppar/toppar_all36_nano_lig.str::
 OPNLGU> Unit 98 opened for READONLY access to toppar/toppar_all36_nano_lig.str

                    INPUT STREAM SWITCHING TO UNIT    98
 RDTITL> READ RTF CARD APPEND
 RDTITL> No title read.
 Parameter: IN1 <- "" <empty>
  
 CHARMM>    read rtf card append
 MAINIO> Residue topology file being read from unit  98.
 RDTITL> * TOPOLOGY FOR NANO-LIGAND
 RDTITL> *
  
 CHARMM>     
  
 CHARMM>    read param card flex append

          PARAMETER FILE BEING READ FROM UNIT 98
 RDTITL> * SYNTHETIC POLYMER PARAMETER
 RDTITL> *
 PARMIO> NONBOND, HBOND lists and IMAGE atoms cleared.
  
 CHARMM>    RETURN
 VCLOSE: Closing unit   98 with status "KEEP"

                    RETURNING TO INPUT STREAM    99
  
 CHARMM>    stream toppar/toppar_all36_nano_lig_patch.str
 VOPEN> Attempting to open::toppar/toppar_all36_nano_lig_patch.str::
 OPNLGU> Unit 98 opened for READONLY access to toppar/toppar_all36_nano_lig_patch.str

                    INPUT STREAM SWITCHING TO UNIT    98
 RDTITL> READ RTF CARD APPEND
 RDTITL> No title read.
 Parameter: IN1 <- "" <empty>
  
 CHARMM>    read rtf card append
 MAINIO> Residue topology file being read from unit  98.
 RDTITL> * TOPOLOGY FOR SYNTHETIC_POLYMER
 RDTITL> *
  
 CHARMM>    RETURN
 VCLOSE: Closing unit   98 with status "KEEP"

                    RETURNING TO INPUT STREAM    99
  
 CHARMM>     
  
 CHARMM>    ! Additional topologies and parameters for synthetic polymer
 CHARMM>    stream toppar/toppar_all36_synthetic_polymer.str
 VOPEN> Attempting to open::toppar/toppar_all36_synthetic_polymer.str::
 OPNLGU> Unit 98 opened for READONLY access to toppar/toppar_all36_synthetic_polymer.str

                    INPUT STREAM SWITCHING TO UNIT    98
 RDTITL> READ RTF CARD APPEND
 RDTITL> No title read.
 Parameter: IN1 <- "" <empty>
  
 CHARMM>    read rtf card append
 MAINIO> Residue topology file being read from unit  98.
 RDTITL> * TOPOLOGY FOR SYNTHETIC_POLYMER
 RDTITL> *
  
 CHARMM>     
  
 CHARMM>    read param card flex append

          PARAMETER FILE BEING READ FROM UNIT 98
 RDTITL> * SYNTHETIC POLYMER PARAMETER
 RDTITL> *
 PARMIO> NONBOND, HBOND lists and IMAGE atoms cleared.
  
 CHARMM>    RETURN
 VCLOSE: Closing unit   98 with status "KEEP"

                    RETURNING TO INPUT STREAM    99
  
 CHARMM>    stream toppar/toppar_all36_synthetic_polymer_patch.str
 VOPEN> Attempting to open::toppar/toppar_all36_synthetic_polymer_patch.str::
 OPNLGU> Unit 98 opened for READONLY access to toppar/toppar_all36_synthetic_polymer_patch.str

                    INPUT STREAM SWITCHING TO UNIT    98
 RDTITL> READ RTF CARD APPEND
 RDTITL> No title read.
 Parameter: IN1 <- "" <empty>
  
 CHARMM>    read rtf card append
 MAINIO> Residue topology file being read from unit  98.
 RDTITL> * TOPOLOGY FOR SYNTHETIC_POLYMER
 RDTITL> *
  
 CHARMM>     
  
 CHARMM>    return
 VCLOSE: Closing unit   98 with status "KEEP"

                    RETURNING TO INPUT STREAM    99
  
 CHARMM>    stream toppar/toppar_all36_polymer_solvent.str
 VOPEN> Attempting to open::toppar/toppar_all36_polymer_solvent.str::
 OPNLGU> Unit 98 opened for READONLY access to toppar/toppar_all36_polymer_solvent.str

                    INPUT STREAM SWITCHING TO UNIT    98
 RDTITL> READ RTF CARD APPEND
 RDTITL> No title read.
 Parameter: IN1 <- "" <empty>
  
 CHARMM>    read rtf card append
 MAINIO> Residue topology file being read from unit  98.
 RDTITL> * TOPOLOGY FOR SYNTHETIC_POLYMER
 RDTITL> *
  
 CHARMM>    read param card flex append

          PARAMETER FILE BEING READ FROM UNIT 98
 RDTITL> * SYNTHETIC POLYMER PARAMETER
 RDTITL> *
 PARMIO> NONBOND, HBOND lists and IMAGE atoms cleared.
  
 CHARMM>     
  
 CHARMM>    RETURN
 VCLOSE: Closing unit   98 with status "KEEP"

                    RETURNING TO INPUT STREAM    99
  
 CHARMM>     
  
 CHARMM>    ! Additional topologies and parameters for water and ions
 CHARMM>    stream toppar/toppar_water_ions.str
 VOPEN> Attempting to open::toppar/toppar_water_ions.str::
 OPNLGU> Unit 98 opened for READONLY access to toppar/toppar_water_ions.str

                    INPUT STREAM SWITCHING TO UNIT    98
 RDTITL> * TOPLOGY AND PARAMETER INFORMATION FOR WATER AND IONS.
 RDTITL> *
 Parameter: IN1 <- "" <empty>
  
 CHARMM>     
  
 CHARMM>    !Testcase
 CHARMM>    !test_water_ions.inp
 CHARMM>     
  
 CHARMM>    ! IMPORTANT NOTE: this file contains NBFixes between carboxylates and sodium,
 CHARMM>    ! which will only apply if the main files containing carboxylate atom types
 CHARMM>    ! have been read in first!
 CHARMM>     
  
 CHARMM>    !references
 CHARMM>    !
 CHARMM>    !TIP3P water model
 CHARMM>    !
 CHARMM>    !W.L. Jorgensen; J.Chandrasekhar; J.D. Madura; R.W. Impey;
 CHARMM>    !M.L. Klein; "Comparison of simple potential functions for
 CHARMM>    !simulating liquid water", J. Chem. Phys. 79 926-935 (1983).
 CHARMM>    !
 CHARMM>    !IONS
 CHARMM>    !
 CHARMM>    !Ions from Roux and coworkers
 CHARMM>    !
 CHARMM>    !Beglov, D. and Roux, B., Finite Representation of an Infinite
 CHARMM>    !Bulk System: Solvent Boundary Potential for Computer Simulations,
 CHARMM>    !Journal of Chemical Physics, 1994, 100: 9050-9063
 CHARMM>    !
 CHARMM>    !ZINC
 CHARMM>    !
 CHARMM>    !Stote, R.H. and Karplus, M. Zinc Binding in Proteins and
 CHARMM>    !Solution: A Simple but Accurate Nonbonded Representation, PROTEINS:
 CHARMM>    !Structure, Function, and Genetics 23:12-31 (1995)
 CHARMM>     
  
 CHARMM>    !test "append" to determine if previous toppar files have been read and
 CHARMM>    !add append to "read rtf card" if true
 CHARMM>    set nat ?NATC
 RDCMND substituted energy or value "?NATC" to "468"
 Parameter: NAT <- "468"
  
 CHARMM>    set app
 Parameter: APP <- "" <empty>
  
 CHARMM>    !We're exploiting what is arguably a bug in the parser. On the left hand side,
 CHARMM>    !the quotes have priority, so NAT is correctly substituted. On the right hand
 CHARMM>    !side, the ? has priority and NATC" (sic) is not a valid substitution...
 CHARMM>    if "@NAT" ne "?NATC" if @nat ne 0 set app append
 Parameter: NAT -> "468"
 Parameter: NAT -> "468"
 RDCMND: can not substitute energy "?NATC""
 Comparing ""468"" and ""?NATC"".
 IF test evaluated as true.  Performing command
 Comparing "468" and "0".
 IF test evaluated as true.  Performing command
 Parameter: APP <- "APPEND"
  
 CHARMM>     
  
 CHARMM>    read rtf card @app
 Parameter: APP -> "APPEND"
 MAINIO> Residue topology file being read from unit  98.
 RDTITL> * TOPOLOGY FOR WATER AND IONS
 RDTITL> *
  
 CHARMM>     
  
 CHARMM>    read para card flex @app
 Parameter: APP -> "APPEND"

          PARAMETER FILE BEING READ FROM UNIT 98
 RDTITL> * PARAMETERS FOR WATER AND IONS
 RDTITL> *
 PARMIO> NONBOND, HBOND lists and IMAGE atoms cleared.
  
 CHARMM>     
  
 CHARMM>    ! The following section contains NBFixes for sodium interacting with
 CHARMM>    ! carboxylate oxygens of various CHARMM force fields. It will generate
 CHARMM>    ! level -1 warnings whenever any of these force fields have not been
 CHARMM>    ! read prior to the current stream file. Since we don't want to force
 CHARMM>    ! the user to always read all the force fields, we're suppressing the
 CHARMM>    ! warnings. The only side effect is that you will have "most severe
 CHARMM>    ! warning was at level 0" at the end of your output. Also note that
 CHARMM>    ! the user is responsible for reading the current file last if they
 CHARMM>    ! want the NBFixes to apply. A more elegant solution would require new
 CHARMM>    ! features to be added to CHARMM.
 CHARMM>    ! parallel fix, to avoid duplicated messages in the log
 CHARMM>    set para
 Parameter: PARA <- "" <empty>
  
 CHARMM>    if ?NUMNODE gt 1 set para node 0
 RDCMND substituted energy or value "?NUMNODE" to "1"
 Comparing "1" and "1".
 IF test evaluated as false.  Skipping command
  
 CHARMM>     
  
 CHARMM>    set wrn ?WRNLEV
 RDCMND substituted energy or value "?WRNLEV" to "5"
 Parameter: WRN <- "5"
  
 CHARMM>    ! Some versions of CHARMM don't seem to initialize wrnlev...
 CHARMM>    if "@WRN" eq "?WRNLEV" set wrn 5
 Parameter: WRN -> "5"
 RDCMND: can not substitute energy "?WRNLEV""
 Comparing ""5"" and ""?WRNLEV"".
 IF test evaluated as false.  Skipping command
  
 CHARMM>    set bom ?bomlev
 RDCMND substituted energy or value "?BOMLEV" to "0"
 Parameter: BOM <- "0"
  
 CHARMM>    WRNLEV -1 @PARA
 Parameter: PARA -> "" <empty>
  
 CHARMM>    BOMLEV -1 @PARA
 Parameter: PARA -> "" <empty>
  
 CHARMM>    read para card flex append

          PARAMETER FILE BEING READ FROM UNIT 98
 RDTITL> * NBFIX BETWEEN CARBOXYLATE AND SODIUM
 RDTITL> *
 PARMIO> NONBOND, HBOND lists and IMAGE atoms cleared.
  
 CHARMM>    BOMLEV @bom @PARA
 Parameter: BOM -> "0"
 Parameter: PARA -> "" <empty>
  
 CHARMM>    WRNLEV @wrn @PARA
 Parameter: WRN -> "5"
 Parameter: PARA -> "" <empty>
  
 CHARMM>     
  
 CHARMM>    return
 VCLOSE: Closing unit   98 with status "KEEP"

                    RETURNING TO INPUT STREAM    99
  
 CHARMM>    stream toppar/toppar_dum_noble_gases.str
 VOPEN> Attempting to open::toppar/toppar_dum_noble_gases.str::
 OPNLGU> Unit 98 opened for READONLY access to toppar/toppar_dum_noble_gases.str

                    INPUT STREAM SWITCHING TO UNIT    98
 RDTITL> * TOPLOGY AND PARAMETER INFORMATION FOR HELIUM, NEON AND A DUMMY ATOM.
 RDTITL> *
 Parameter: IN1 <- "" <empty>
  
 CHARMM>     
  
 CHARMM>    !Testcase
 CHARMM>    !test_dum_nobel_gases.inp
 CHARMM>     
  
 CHARMM>    !test "append" to determine if previous	toppar files have been read and
 CHARMM>    !add append to "read rtf card" if true
 CHARMM>    set nat ?NATC
 RDCMND substituted energy or value "?NATC" to "485"
 Parameter: NAT <- "485"
  
 CHARMM>    set app
 Parameter: APP <- "" <empty>
  
 CHARMM>    !We're exploiting what is arguably a bug in the parser. On the left hand side,
 CHARMM>    !the quotes have proirity, so NAT is correctly substituted. On the right hand
 CHARMM>    !side, the ? has priority and NATC" (sic) is not a valid substitution...
 CHARMM>    if "@NAT" ne "?NATC" if @nat ne 0 set app append
 Parameter: NAT -> "485"
 Parameter: NAT -> "485"
 RDCMND: can not substitute energy "?NATC""
 Comparing ""485"" and ""?NATC"".
 IF test evaluated as true.  Performing command
 Comparing "485" and "0".
 IF test evaluated as true.  Performing command
 Parameter: APP <- "APPEND"
  
 CHARMM>     
  
 CHARMM>    read rtf card @app
 Parameter: APP -> "APPEND"
 MAINIO> Residue topology file being read from unit  98.
 RDTITL> * TOPOLOGY FOR HELIUM, NEON AND A DUMMY ATOM.
 RDTITL> *
  
 CHARMM>     
  
 CHARMM>    read para card flex @app
 Parameter: APP -> "APPEND"

          PARAMETER FILE BEING READ FROM UNIT 98
 RDTITL> * PARAMETERS FOR HELIUM, NEON AND A DUMMY ATOM.
 RDTITL> *
 PARMIO> NONBOND, HBOND lists and IMAGE atoms cleared.
  
 CHARMM>     
  
 CHARMM>    return
 VCLOSE: Closing unit   98 with status "KEEP"

                    RETURNING TO INPUT STREAM    99
  
 CHARMM>    stream toppar/toppar_ions_won.str
 VOPEN> Attempting to open::toppar/toppar_ions_won.str::
 OPNLGU> Unit 98 opened for READONLY access to toppar/toppar_ions_won.str

                    INPUT STREAM SWITCHING TO UNIT    98
 RDTITL> * TOP_IONS_WON.STR: GENERAL MODEL FOR MONO-, DI-, AND TRIVALENT CATIONS
 RDTITL> *
 Parameter: IN1 <- "" <empty>
  
 CHARMM>     
  
 CHARMM>    !This is a comprehensive set of ions developed using stochastic boundary
 CHARMM>    !conditions. It is strongly recommended that ion parameters in
 CHARMM>    !toppar_water_ions.str be used if available, as they are more highly
 CHARMM>    !optimized.  Accordingly, those ions have been commented in this
 CHARMM>    !file.
 CHARMM>    !
 CHARMM>    !reference
 CHARMM>    !Won, Y., "Force Field for Monovalent, Divalent, and Trivalent Cations
 CHARMM>    !Developed under the Solvent Boundary Potential," Journal of Physical
 CHARMM>    !Chemistry A., 116: 11763-11767, 2012.
 CHARMM>     
  
 CHARMM>     
  
 CHARMM>    !test "append" to determine if previous toppar files have been read and
 CHARMM>    !add append to "read rtf card" if true
 CHARMM>    set nat ?NATC
 RDCMND substituted energy or value "?NATC" to "488"
 Parameter: NAT <- "488"
  
 CHARMM>    set app
 Parameter: APP <- "" <empty>
  
 CHARMM>    !We're exploiting what is arguably a bug in the parser. On the left hand side,
 CHARMM>    !the quotes have priority, so NAT is correctly substituted. On the right hand
 CHARMM>    !side, the ? has priority and NATC" (sic) is not a valid substitution...
 CHARMM>    if "@NAT" ne "?NATC" if @nat ne 0 set app append
 Parameter: NAT -> "488"
 Parameter: NAT -> "488"
 RDCMND: can not substitute energy "?NATC""
 Comparing ""488"" and ""?NATC"".
 IF test evaluated as true.  Performing command
 Comparing "488" and "0".
 IF test evaluated as true.  Performing command
 Parameter: APP <- "APPEND"
  
 CHARMM>     
  
 CHARMM>    read rtf card @app
 Parameter: APP -> "APPEND"
 MAINIO> Residue topology file being read from unit  98.
 RDTITL> * TOPOLOGY FOR WATER AND IONS
 RDTITL> *
  
 CHARMM>     
  
 CHARMM>    read para card flex @app
 Parameter: APP -> "APPEND"

          PARAMETER FILE BEING READ FROM UNIT 98
 RDTITL> * PAR_CATION.PRM FOR MONO-, DI-, AND TRIVALENT CATIONS
 RDTITL> *
 PARMIO> NONBOND, HBOND lists and IMAGE atoms cleared.
  
 VCLOSE: Closing unit   98 with status "KEEP"

                    RETURNING TO INPUT STREAM    99
  
 CHARMM>    stream toppar/cam.str
 VOPEN> Attempting to open::toppar/cam.str::
 OPNLGU> Unit 98 opened for READONLY access to toppar/cam.str

                    INPUT STREAM SWITCHING TO UNIT    98
 RDTITL> READ RTF CARD APPEND
 RDTITL> No title read.
 Parameter: IN1 <- "" <empty>
  
 CHARMM>    read rtf card append
 MAINIO> Residue topology file being read from unit  98.
 RDTITL> * TOPOLOGY GENERATED BY PARMED
 RDTITL> *

      ***** LEVEL  1 WARNING FROM <rtfrdr> *****
      ***** No AUTOgen defaults specified in appended RTF. Potential conflict with prior RTF autogen options. Check.
      ******************************************
      BOMLEV (  0) IS NOT REACHED. WRNLEV IS  5

  
 CHARMM>     
  
 CHARMM>    read para card flex append

          PARAMETER FILE BEING READ FROM UNIT 98
 RDTITL> * PARAMETERS GENERATED BY PARMED
 RDTITL> *
 PARMIO> NONBOND, HBOND lists and IMAGE atoms cleared.
  
 CHARMM>     
  
 CHARMM>    ! The following section contains NBFixes for CAM interacting with
 CHARMM>    ! water.
 CHARMM>    set para
 Parameter: PARA <- "" <empty>
  
 CHARMM>    if ?NUMNODE gt 1 set para node 0
 RDCMND substituted energy or value "?NUMNODE" to "1"
 Comparing "1" and "1".
 IF test evaluated as false.  Skipping command
  
 CHARMM>     
  
 CHARMM>    set wrn ?WRNLEV
 RDCMND substituted energy or value "?WRNLEV" to "5"
 Parameter: WRN <- "5"
  
 CHARMM>    ! Some versions of CHARMM don't seem to initialize wrnlev...
 CHARMM>    if "@WRN" eq "?WRNLEV" set wrn 5
 Parameter: WRN -> "5"
 RDCMND: can not substitute energy "?WRNLEV""
 Comparing ""5"" and ""?WRNLEV"".
 IF test evaluated as false.  Skipping command
  
 CHARMM>    set bom ?bomlev
 RDCMND substituted energy or value "?BOMLEV" to "0"
 Parameter: BOM <- "0"
  
 CHARMM>    WRNLEV -1 @PARA
 Parameter: PARA -> "" <empty>
  
 CHARMM>    BOMLEV -1 @PARA
 Parameter: PARA -> "" <empty>
  
 CHARMM>     
  
 CHARMM>    read para card flex append

          PARAMETER FILE BEING READ FROM UNIT 98
 RDTITL> * NBFIX BETWEEN CAM AND WATER
 RDTITL> *
 PARMIO> NONBOND, HBOND lists and IMAGE atoms cleared.
  
 CHARMM>    BOMLEV @bom @PARA
 Parameter: BOM -> "0"
 Parameter: PARA -> "" <empty>
  
 CHARMM>    WRNLEV @wrn @PARA
 Parameter: WRN -> "5"
 Parameter: PARA -> "" <empty>
  
 CHARMM>     
  
 CHARMM>    return
 VCLOSE: Closing unit   98 with status "KEEP"

                    RETURNING TO INPUT STREAM    99
  
 CHARMM>     
  
 CHARMM>    ! Additional topologies and parameters for protein
 CHARMM>    stream toppar/toppar_all36_prot_arg0.str
 VOPEN> Attempting to open::toppar/toppar_all36_prot_arg0.str::
 OPNLGU> Unit 98 opened for READONLY access to toppar/toppar_all36_prot_arg0.str

                    INPUT STREAM SWITCHING TO UNIT    98
 RDTITL> *>>>>>> ALL-HYDROGEN TOPOLOGY FOR NEUTRAL ARG <<<<<<<<<<<<<<<<<<<<
 RDTITL> *>>>>>>>>>>>>>>>>>>>>>>> 2007 <<<<<<<<<<<<<<<<<<<<<<<<<<<<<<<<<<<<
 RDTITL> *>>>>>>>> DIRECT COMMENTS TO ALEXANDER D. MACKERELL JR. <<<<<<<<<<
 RDTITL> *>>>>>>>>>>>>>>> PARAMETER FORUM, WWW.CHARMM.ORG <<<<<<<<<<<<<<<<<
 RDTITL> *
 Parameter: IN1 <- "" <empty>
  
 CHARMM>     
  
 CHARMM>    ! Atom names include "R" (for Arg) as the second letter. The
 CHARMM>    ! only other atom types in the additive FF with this second
 CHARMM>    ! letter are histidine [HN]R[123] in the protein FF and CRL[12]
 CHARMM>    ! in toppar_all36_lipid_cholesterol.str , so no more conflicts.
 CHARMM>     
  
 CHARMM>    !Parent files that have to be read prior to streaming this file
 CHARMM>    !top_all36_prot.rtf
 CHARMM>    !par_all36_prot.rtf
 CHARMM>    !
 CHARMM>    !Testcase
 CHARMM>    !test_all36_prot_arg0.inp
 CHARMM>     
  
 CHARMM>    !Li, L., Vorobyov, I.V., MacKerell, Jr., A.D., Allen, T.W., "Is
 CHARMM>    !arginine charged in a membrane?" Biophysical Journal, 94: L11-L13,
 CHARMM>    !2008, PMCID: PMC2157258
 CHARMM>     
  
 CHARMM>    read rtf card append
 MAINIO> Residue topology file being read from unit  98.
 RDTITL> * TOPOLOGY FOR PROTEIN RELATED MODEL COMPOUNDS
 RDTITL> *
*** WARNING **** residue MGU1 already exists (old one deleted)

      ***** LEVEL  1 WARNING FROM <RTFRDR> *****
      ***** Residue already exists.
      ******************************************
      BOMLEV (  0) IS NOT REACHED. WRNLEV IS  5

          RESI MGU1          0.00
*** WARNING **** residue MGU2 already exists (old one deleted)

      ***** LEVEL  1 WARNING FROM <RTFRDR> *****
      ***** Residue already exists.
      ******************************************
      BOMLEV (  0) IS NOT REACHED. WRNLEV IS  5

          RESI MGU2          0.00
 There were   2 warning(s) from RTFRDR.
  
 CHARMM>     
  
 CHARMM>    read param card flex append

          PARAMETER FILE BEING READ FROM UNIT 98
 RDTITL>  
 RDTITL> No title read.
 PARMIO> NONBOND, HBOND lists and IMAGE atoms cleared.
  
 CHARMM>     
  
 CHARMM>    return
 VCLOSE: Closing unit   98 with status "KEEP"

                    RETURNING TO INPUT STREAM    99
  
 CHARMM>    stream toppar/toppar_all36_prot_c36m_d_aminoacids.str
 VOPEN> Attempting to open::toppar/toppar_all36_prot_c36m_d_aminoacids.str::
 OPNLGU> Unit 98 opened for READONLY access to toppar/toppar_all36_prot_c36m_d_aminoacids.str

                    INPUT STREAM SWITCHING TO UNIT    98
 RDTITL> *>>>>>>CHARMM36 ALL-HYDROGEN TOPPAR FILE FOR D-PROTEINS <<<<<<<
 RDTITL> *>>>>>>>>>>>>>>>>>>>>>>>>>> JAN. 2016 <<<<<<<<<<<<<<<<<<<<<<<<<<<<
 RDTITL> * ALL COMMENTS TO THE CHARMM WEB SITE: WWW.CHARMM.ORG
 RDTITL> *             PARAMETER SET DISCUSSION FORUM
 RDTITL> *
 Parameter: IN1 <- "" <empty>
  
 CHARMM>     
  
 CHARMM>    !update 2016/2. use directly inverted CMAPs
 CHARMM>     
  
 CHARMM>    !toppar stream file for D-amino acids. Includes new residue
 CHARMM>    !names, inverted CMAP and additional parameters.
 CHARMM>     
  
 CHARMM>    !Parent files that have to be read prior to streaming this file
 CHARMM>    !top_all36_prot.rtf
 CHARMM>    !par_all36m_prot.prm
 CHARMM>    !
 CHARMM>    !Testcase
 CHARMM>    !test_all36_d_amino_acid.inp
 CHARMM>     
  
 CHARMM>    !test "append" to determine if previous toppar files have been read and
 CHARMM>    !add append to "read rtf card" if true
 CHARMM>    set nat ?NATC
 RDCMND substituted energy or value "?NATC" to "554"
 Parameter: NAT <- "554"
  
 CHARMM>    set app
 Parameter: APP <- "" <empty>
  
 CHARMM>    !We're exploiting what is arguably a bug in the parser. On the left hand side,
 CHARMM>    !the quotes have priority, so NAT is correctly substituted. On the right hand
 CHARMM>    !side, the ? has priority and NATC" (sic) is not a valid substitution...
 CHARMM>    if "@NAT" ne "?NATC" if @nat ne 0 set app append
 Parameter: NAT -> "554"
 Parameter: NAT -> "554"
 RDCMND: can not substitute energy "?NATC""
 Comparing ""554"" and ""?NATC"".
 IF test evaluated as true.  Performing command
 Comparing "554" and "0".
 IF test evaluated as true.  Performing command
 Parameter: APP <- "APPEND"
  
 CHARMM>     
  
 CHARMM>    read rtf card @app
 Parameter: APP -> "APPEND"
 MAINIO> Residue topology file being read from unit  98.
 RDTITL> * TOPOLOGY FOR D- AMINOACIDS
 RDTITL> *
  
 CHARMM>     
  
 CHARMM>    read para card flex @app
 Parameter: APP -> "APPEND"

          PARAMETER FILE BEING READ FROM UNIT 98
 RDTITL> * PARAMETERS FOR D- AMINOACIDS
 RDTITL> *
 PARMIO> NONBOND, HBOND lists and IMAGE atoms cleared.
  
 VCLOSE: Closing unit   98 with status "KEEP"

                    RETURNING TO INPUT STREAM    99
  
 CHARMM>    stream toppar/toppar_all36_prot_fluoro_alkanes.str
 VOPEN> Attempting to open::toppar/toppar_all36_prot_fluoro_alkanes.str::
 OPNLGU> Unit 98 opened for READONLY access to toppar/toppar_all36_prot_fluoro_alkanes.str

                    INPUT STREAM SWITCHING TO UNIT    98
 RDTITL> * TOPOLOGY AND PARAMETERS FOR FLUORINATED ALKANES.
 RDTITL> *
 Parameter: IN1 <- "" <empty>
  
 CHARMM>     
  
 CHARMM>    !These parameters are maintained for historic reasons.  The CGenFF
 CHARMM>    !halogen parameters are a significant improvement over these
 CHARMM>    !parameters.
 CHARMM>     
  
 CHARMM>    !Parent files that have to be read prior to streaming this file
 CHARMM>    !top_all36_prot.rtf
 CHARMM>    !par_all36_prot.prm
 CHARMM>     
  
 CHARMM>    !Testcase
 CHARMM>    !test_all36_prot_fluoro_alkanes.inp
 CHARMM>     
  
 CHARMM>    !Reference
 CHARMM>    !Chen, I.-J., Yin, D. and MacKerell, Jr., A.D., "Combined Ab
 CHARMM>    !initio/Empirical Approach for Optimization of Lennard-Jones Parameters
 CHARMM>    !for Polar-Neutral Compounds," Journal of Computational Chemistry,
 CHARMM>    !2002, 23:199-213.
 CHARMM>    !
 CHARMM>    !Note that these parameters are higly optimized to reproduce the
 CHARMM>    !corresponding condensed phase properties and have not been incorporated
 CHARMM>    !into the CHARMM22 or CHARMM27 biomolecular force fields
 CHARMM>     
  
 CHARMM>    read rtf card append
 MAINIO> Residue topology file being read from unit  98.
 RDTITL> * TOPOLOGY FOR FLUOROALKANES
 RDTITL> *
*** WARNING **** residue ETHA already exists (old one deleted)

      ***** LEVEL  1 WARNING FROM <RTFRDR> *****
      ***** Residue already exists.
      ******************************************
      BOMLEV (  0) IS NOT REACHED. WRNLEV IS  5

          RESI ETHA  0.0
*** WARNING **** residue FETH already exists (old one deleted)

      ***** LEVEL  1 WARNING FROM <RTFRDR> *****
      ***** Residue already exists.
      ******************************************
      BOMLEV (  0) IS NOT REACHED. WRNLEV IS  5

          RESI FETH  0.0
*** WARNING **** residue DFET already exists (old one deleted)

      ***** LEVEL  1 WARNING FROM <RTFRDR> *****
      ***** Residue already exists.
      ******************************************
      BOMLEV (  0) IS NOT REACHED. WRNLEV IS  5

          RESI DFET 0.0
*** WARNING **** residue TFET already exists (old one deleted)

      ***** LEVEL  1 WARNING FROM <RTFRDR> *****
      ***** Residue already exists.
      ******************************************
      BOMLEV (  0) IS NOT REACHED. WRNLEV IS  5

          RESI TFET  0.0
*** WARNING **** residue TFE  already exists (old one deleted)

      ***** LEVEL  1 WARNING FROM <RTFRDR> *****
      ***** Residue already exists.
      ******************************************
      BOMLEV (  0) IS NOT REACHED. WRNLEV IS  5

          RESI TFE   0.0
 There were   5 warning(s) from RTFRDR.
  
 CHARMM>     
  
 CHARMM>    read para card flex append

          PARAMETER FILE BEING READ FROM UNIT 98
 RDTITL> * FLUOROALKANE PARAMETERS
 RDTITL> *
 PARMIO> NONBOND, HBOND lists and IMAGE atoms cleared.
  
 CHARMM>     
  
 CHARMM>    return
 VCLOSE: Closing unit   98 with status "KEEP"

                    RETURNING TO INPUT STREAM    99
  
 CHARMM>    stream toppar/toppar_all36_prot_heme.str
 VOPEN> Attempting to open::toppar/toppar_all36_prot_heme.str::
 OPNLGU> Unit 98 opened for READONLY access to toppar/toppar_all36_prot_heme.str

                    INPUT STREAM SWITCHING TO UNIT    98
 RDTITL> * TOPOLOGY AND PARAMETER STREAM FILE FOR HEME AND RELATED
 RDTITL> * LIGANDS AND PATCHES.
 RDTITL> *
 Parameter: IN1 <- "" <empty>
  
 CHARMM>     
  
 CHARMM>    !updated 2016/2, allow for use of AUTOGENERATE ANGLE DIHEDRAl PATCH
 CHARMM>     
  
 CHARMM>    !Parent files that have to be read prior to streaming this file
 CHARMM>    !top_all36_prot.rtf
 CHARMM>    !par_all36_prot.prm
 CHARMM>     
  
 CHARMM>    !Testcase
 CHARMM>    !test_all36_prot_heme.inp
 CHARMM>     
  
 CHARMM>    read rtf card append
 MAINIO> Residue topology file being read from unit  98.
 RDTITL> * TOPOLOGY FOR HEME AND RELATED COMPOUNDS AND PATCHES
 RDTITL> *
*** WARNING **** residue CO2  already exists (old one deleted)

      ***** LEVEL  1 WARNING FROM <RTFRDR> *****
      ***** Residue already exists.
      ******************************************
      BOMLEV (  0) IS NOT REACHED. WRNLEV IS  5

          RESI CO2             0.00
 There were   1 warning(s) from RTFRDR.
  
 CHARMM>     
  
 CHARMM>    read para card flex append

          PARAMETER FILE BEING READ FROM UNIT 98
 RDTITL> * ADDITIONAL PARAMETERS FOR HEME
 RDTITL> *
 PARMIO> NONBOND, HBOND lists and IMAGE atoms cleared.
  
 CHARMM>     
  
 CHARMM>    return
 VCLOSE: Closing unit   98 with status "KEEP"

                    RETURNING TO INPUT STREAM    99
  
 CHARMM>    stream toppar/toppar_all36_prot_na_combined.str
 VOPEN> Attempting to open::toppar/toppar_all36_prot_na_combined.str::
 OPNLGU> Unit 98 opened for READONLY access to toppar/toppar_all36_prot_na_combined.str

                    INPUT STREAM SWITCHING TO UNIT    98
 RDTITL> * TOPOLOGY AND PARAMETER STREAM FILE FOR PATCHES TO CREATE
 RDTITL> * MODEL COMPOUNDS AND PATCHES THAT REQUIRE BOTH PROTEIN AND
 RDTITL> * NUCLEIC ACID TOPOLOGY AND PARAMETER INFORMATION
 RDTITL> *
 Parameter: IN1 <- "" <empty>
  
 CHARMM>     
  
 CHARMM>    !Parent files that have to be read prior to streaming this file
 CHARMM>    !top_all36_prot.rtf
 CHARMM>    !par_all36_prot.prm
 CHARMM>    !top_all36_na.rtf
 CHARMM>    !par_all36_na.prm
 CHARMM>    !stream/toppar_all36_prot_fluoro_alkanes.str ! atom types an parameters for fluorinated compounds
 CHARMM>     
  
 CHARMM>    !Testcase
 CHARMM>    !test_all36_prot_na_combined.inp
 CHARMM>     
  
 CHARMM>    !all patches must be followed by AUTOGENERATE ANGLES DIHEDRALS
 CHARMM>     
  
 CHARMM>    !PHOSPHOTYROSINE
 CHARMM>    !
 CHARMM>    !Feng, M.-H., Philippopoulos, M., MacKerell, Jr., A.D. and Lim, C.
 CHARMM>    !Structural Characterization of the Phosphotyrosine Binding Region of a
 CHARMM>    !High-Affinity aSH2 Domain-Phosphopeptide Complex by Molecular Dynamics
 CHARMM>    !Simulation and Chemical Shift Calculations. Journal of the American
 CHARMM>    !Chemical Society, 1996, 118: 11265-11277.
 CHARMM>     
  
 CHARMM>    read rtf card append
 MAINIO> Residue topology file being read from unit  98.
 RDTITL> * TOPOLOGY FOR PHOSPHORYLATED AMINO ACIDS
 RDTITL> *
*** WARNING **** residue THFI already exists (old one deleted)

      ***** LEVEL  1 WARNING FROM <RTFRDR> *****
      ***** Residue already exists.
      ******************************************
      BOMLEV (  0) IS NOT REACHED. WRNLEV IS  5

          RESI THFI       0.00
*** WARNING **** residue THMI already exists (old one deleted)

      ***** LEVEL  1 WARNING FROM <RTFRDR> *****
      ***** Residue already exists.
      ******************************************
      BOMLEV (  0) IS NOT REACHED. WRNLEV IS  5

          RESI THMI       0.00
*** WARNING **** residue THFA already exists (old one deleted)

      ***** LEVEL  1 WARNING FROM <RTFRDR> *****
      ***** Residue already exists.
      ******************************************
      BOMLEV (  0) IS NOT REACHED. WRNLEV IS  5

          RESI THFA        0.00
*** WARNING **** residue THAO already exists (old one deleted)

      ***** LEVEL  1 WARNING FROM <RTFRDR> *****
      ***** Residue already exists.
      ******************************************
      BOMLEV (  0) IS NOT REACHED. WRNLEV IS  5

          RESI THAO         0.00
*** WARNING **** residue RNUS already exists (old one deleted)

      ***** LEVEL  1 WARNING FROM <RTFRDR> *****
      ***** Residue already exists.
      ******************************************
      BOMLEV (  0) IS NOT REACHED. WRNLEV IS  5

          RESI RNUS         0.00
*** WARNING **** residue NUCL already exists (old one deleted)

      ***** LEVEL  1 WARNING FROM <RTFRDR> *****
      ***** Residue already exists.
      ******************************************
      BOMLEV (  0) IS NOT REACHED. WRNLEV IS  5

          RESI NUCL        -1.00
*** WARNING **** residue PPH1 already exists (old one deleted)

      ***** LEVEL  1 WARNING FROM <RTFRDR> *****
      ***** Residue already exists.
      ******************************************
      BOMLEV (  0) IS NOT REACHED. WRNLEV IS  5

          RESI PPH1      -1.00
*** WARNING **** residue BMPH already exists (old one deleted)

      ***** LEVEL  1 WARNING FROM <RTFRDR> *****
      ***** Residue already exists.
      ******************************************
      BOMLEV (  0) IS NOT REACHED. WRNLEV IS  5

          RESI BMPH      -1.00
*** WARNING **** residue BMPD already exists (old one deleted)

      ***** LEVEL  1 WARNING FROM <RTFRDR> *****
      ***** Residue already exists.
      ******************************************
      BOMLEV (  0) IS NOT REACHED. WRNLEV IS  5

          RESI BMPD      -2.00
*** WARNING **** residue BDFP already exists (old one deleted)

      ***** LEVEL  1 WARNING FROM <RTFRDR> *****
      ***** Residue already exists.
      ******************************************
      BOMLEV (  0) IS NOT REACHED. WRNLEV IS  5

          RESI BDFP      -1.00
*** WARNING **** residue BDFD already exists (old one deleted)

      ***** LEVEL  1 WARNING FROM <RTFRDR> *****
      ***** Residue already exists.
      ******************************************
      BOMLEV (  0) IS NOT REACHED. WRNLEV IS  5

          RESI BDFD -2.00
*** WARNING **** residue EP_2 already exists (old one deleted)

      ***** LEVEL  1 WARNING FROM <RTFRDR> *****
      ***** Residue already exists.
      ******************************************
      BOMLEV (  0) IS NOT REACHED. WRNLEV IS  5

          RESI EP_2        -2.00
*** WARNING **** residue IP_2 already exists (old one deleted)

      ***** LEVEL  1 WARNING FROM <RTFRDR> *****
      ***** Residue already exists.
      ******************************************
      BOMLEV (  0) IS NOT REACHED. WRNLEV IS  5

          RESI IP_2        -2.00
 There were  13 warning(s) from RTFRDR.
  
 CHARMM>     
  
 CHARMM>    read para card flex append

          PARAMETER FILE BEING READ FROM UNIT 98
 RDTITL> * ADDITIONAL PARAMETERS FOR PHOSPHORYLATED AMINO ACIDS
 RDTITL> *
 PARMIO> NONBOND, HBOND lists and IMAGE atoms cleared.
  
 VCLOSE: Closing unit   98 with status "KEEP"

                    RETURNING TO INPUT STREAM    99
  
 CHARMM>    stream toppar/toppar_all36_prot_retinol.str
 VOPEN> Attempting to open::toppar/toppar_all36_prot_retinol.str::
 OPNLGU> Unit 98 opened for READONLY access to toppar/toppar_all36_prot_retinol.str

                    INPUT STREAM SWITCHING TO UNIT    98
 RDTITL> * TOPPAR STREAM FILE FOR RETINOL AND RETINAL PARAMETERS
 RDTITL> * A. LOCCISANO, A.M.W., J. EVANSECK AND A.D. MACKERELL, JR.
 RDTITL> * APRIL, 2005
 RDTITL> *
 Parameter: IN1 <- "" <empty>
  
 CHARMM>     
  
 CHARMM>    !use with c36 protein force fields
 CHARMM>    !top_all36_prot.rtf
 CHARMM>    !par_all36_prot.prm
 CHARMM>     
  
 CHARMM>    read rtf card append
 MAINIO> Residue topology file being read from unit  98.
 RDTITL> * RETINAL/RETINOL AND RELATED MODEL COMPOUNDS
 RDTITL> *
*** WARNING **** residue BTE2 already exists (old one deleted)

      ***** LEVEL  1 WARNING FROM <RTFRDR> *****
      ***** Residue already exists.
      ******************************************
      BOMLEV (  0) IS NOT REACHED. WRNLEV IS  5

          RESI BTE2       0.00
*** WARNING **** residue 13DB already exists (old one deleted)

      ***** LEVEL  1 WARNING FROM <RTFRDR> *****
      ***** Residue already exists.
      ******************************************
      BOMLEV (  0) IS NOT REACHED. WRNLEV IS  5

          RESI 13DB       0.00
*** WARNING **** residue 13DP already exists (old one deleted)

      ***** LEVEL  1 WARNING FROM <RTFRDR> *****
      ***** Residue already exists.
      ******************************************
      BOMLEV (  0) IS NOT REACHED. WRNLEV IS  5

          RESI 13DP       0.00
*** WARNING **** residue DMB1 already exists (old one deleted)

      ***** LEVEL  1 WARNING FROM <RTFRDR> *****
      ***** Residue already exists.
      ******************************************
      BOMLEV (  0) IS NOT REACHED. WRNLEV IS  5

          RESI DMB1       0.00
*** WARNING **** residue DMP1 already exists (old one deleted)

      ***** LEVEL  1 WARNING FROM <RTFRDR> *****
      ***** Residue already exists.
      ******************************************
      BOMLEV (  0) IS NOT REACHED. WRNLEV IS  5

          RESI DMP1       0.00
*** WARNING **** residue DMP2 already exists (old one deleted)

      ***** LEVEL  1 WARNING FROM <RTFRDR> *****
      ***** Residue already exists.
      ******************************************
      BOMLEV (  0) IS NOT REACHED. WRNLEV IS  5

          RESI DMP2       0.00
*** WARNING **** residue CROT already exists (old one deleted)

      ***** LEVEL  1 WARNING FROM <RTFRDR> *****
      ***** Residue already exists.
      ******************************************
      BOMLEV (  0) IS NOT REACHED. WRNLEV IS  5

          RESI CROT       0.00
*** WARNING **** residue PACP already exists (old one deleted)

      ***** LEVEL  1 WARNING FROM <RTFRDR> *****
      ***** Residue already exists.
      ******************************************
      BOMLEV (  0) IS NOT REACHED. WRNLEV IS  5

          RESI PACP       0.00
*** WARNING **** residue MECH already exists (old one deleted)

      ***** LEVEL  1 WARNING FROM <RTFRDR> *****
      ***** Residue already exists.
      ******************************************
      BOMLEV (  0) IS NOT REACHED. WRNLEV IS  5

          RESI MECH       0.00
*** WARNING **** residue TMCH already exists (old one deleted)

      ***** LEVEL  1 WARNING FROM <RTFRDR> *****
      ***** Residue already exists.
      ******************************************
      BOMLEV (  0) IS NOT REACHED. WRNLEV IS  5

          RESI TMCH       0.00
*** WARNING **** residue FRET already exists (old one deleted)

      ***** LEVEL  1 WARNING FROM <RTFRDR> *****
      ***** Residue already exists.
      ******************************************
      BOMLEV (  0) IS NOT REACHED. WRNLEV IS  5

          RESI FRET       0.00
*** WARNING **** residue RTOL already exists (old one deleted)

      ***** LEVEL  1 WARNING FROM <RTFRDR> *****
      ***** Residue already exists.
      ******************************************
      BOMLEV (  0) IS NOT REACHED. WRNLEV IS  5

          RESI RTOL       0.00
*** WARNING **** residue RTAL already exists (old one deleted)

      ***** LEVEL  1 WARNING FROM <RTFRDR> *****
      ***** Residue already exists.
      ******************************************
      BOMLEV (  0) IS NOT REACHED. WRNLEV IS  5

          RESI RTAL       0.00
*** WARNING **** residue RTAC already exists (old one deleted)

      ***** LEVEL  1 WARNING FROM <RTFRDR> *****
      ***** Residue already exists.
      ******************************************
      BOMLEV (  0) IS NOT REACHED. WRNLEV IS  5

          RESI RTAC      -1.00
*** WARNING **** residue PRAC already exists (old one deleted)

      ***** LEVEL  1 WARNING FROM <RTFRDR> *****
      ***** Residue already exists.
      ******************************************
      BOMLEV (  0) IS NOT REACHED. WRNLEV IS  5

          RESI PRAC      -1.00
*** WARNING **** residue PROL already exists (old one deleted)

      ***** LEVEL  1 WARNING FROM <RTFRDR> *****
      ***** Residue already exists.
      ******************************************
      BOMLEV (  0) IS NOT REACHED. WRNLEV IS  5

          RESI PROL       0.00
*** WARNING **** residue PRAL already exists (old one deleted)

      ***** LEVEL  1 WARNING FROM <RTFRDR> *****
      ***** Residue already exists.
      ******************************************
      BOMLEV (  0) IS NOT REACHED. WRNLEV IS  5

          RESI PRAL       0.00
*** WARNING **** residue SCH1 already exists (old one deleted)

      ***** LEVEL  1 WARNING FROM <RTFRDR> *****
      ***** Residue already exists.
      ******************************************
      BOMLEV (  0) IS NOT REACHED. WRNLEV IS  5

          RESI SCH1       0.00
*** WARNING **** residue SCH2 already exists (old one deleted)

      ***** LEVEL  1 WARNING FROM <RTFRDR> *****
      ***** Residue already exists.
      ******************************************
      BOMLEV (  0) IS NOT REACHED. WRNLEV IS  5

          RESI SCH2       1.00
*** WARNING **** residue SCH3 already exists (old one deleted)

      ***** LEVEL  1 WARNING FROM <RTFRDR> *****
      ***** Residue already exists.
      ******************************************
      BOMLEV (  0) IS NOT REACHED. WRNLEV IS  5

          RESI SCH3       1.00
 There were  20 warning(s) from RTFRDR.
  
 CHARMM>     
  
 CHARMM>    read para card flex append

          PARAMETER FILE BEING READ FROM UNIT 98
 RDTITL> * RETINAL/RETINOL AND RELATED PARAMETERS
 RDTITL> *
 PARMIO> NONBOND, HBOND lists and IMAGE atoms cleared.
  
 CHARMM>     
  
 VCLOSE: Closing unit   98 with status "KEEP"

                    RETURNING TO INPUT STREAM    99
  
 CHARMM>    stream toppar/toppar_all36_prot_model.str
 VOPEN> Attempting to open::toppar/toppar_all36_prot_model.str::
 OPNLGU> Unit 98 opened for READONLY access to toppar/toppar_all36_prot_model.str

                    INPUT STREAM SWITCHING TO UNIT    98
 RDTITL> *>> ALL-HYDROGEN TOPOLOGY FOR SMALL MODEL COMPOUNDS USED IN THE <<
 RDTITL> *>> DEVELOPMENT OF THE CHARMM22 PROTEIN ALL-HYDROGEN PARAMETERS <<
 RDTITL> *>>>>>>>>>>>>>>>>>>>>>>> JULY 1997 <<<<<<<<<<<<<<<<<<<<<<<<<<<<<<<
 RDTITL> *>>>>>>>> DIRECT COMMENTS TO ALEXANDER D. MACKERELL JR. <<<<<<<<<<
 RDTITL> *>>>>>>>>>>>>>>> PARAMETER FORUM, WWW.CHARMM.ORG <<<<<<<<<<<<<<<<<
 RDTITL> *CONVERTED TO STREAM FORMAT, DECEMBER 2003
 RDTITL> *CONVERTED TO CHARMM36 PROTEIN ATOM TYPES, MAY 2011
 RDTITL> *
 Parameter: IN1 <- "" <empty>
  
 CHARMM>     
  
 CHARMM>    !Parent files that have to be read prior to streaming this file
 CHARMM>    !top_all36_prot.rtf
 CHARMM>    !par_all36_prot.prm
 CHARMM>    !
 CHARMM>    !Testcase
 CHARMM>    !test_all36_prot_model.inp
 CHARMM>     
  
 CHARMM>    !changes after 9/98
 CHARMM>    !
 CHARMM>    !change alkene HA1 and HA2 to HE1 and HE2
 CHARMM>    !
 CHARMM>    !improper atom ordering corrected
 CHARMM>    !
 CHARMM>    !version b5i to be consistent with protein toppar files
 CHARMM>    !
 CHARMM>    !Heme vinyl groups upgraded based on new butene parameters
 CHARMM>    !
 CHARMM>     
  
 CHARMM>    ! references
 CHARMM>    !
 CHARMM>    !PROTEINS
 CHARMM>    !
 CHARMM>    !MacKerell, Jr., A. D.; Bashford, D.; Bellott, M.; Dunbrack Jr., R.L.;
 CHARMM>    !Evanseck, J.D.; Field, M.J.; Fischer, S.; Gao, J.; Guo, H.; Ha, S.;
 CHARMM>    !Joseph-McCarthy, D.; Kuchnir, L.; Kuczera, K.; Lau, F.T.K.; Mattos,
 CHARMM>    !C.; Michnick, S.; Ngo, T.; Nguyen, D.T.; Prodhom, B.; Reiher, III,
 CHARMM>    !W.E.; Roux, B.; Schlenkrich, M.; Smith, J.C.; Stote, R.; Straub, J.;
 CHARMM>    !Watanabe, M.; Wiorkiewicz-Kuczera, J.; Yin, D.; Karplus, M.  All-atom
 CHARMM>    !empirical potential for molecular modeling and dynamics Studies of
 CHARMM>    !proteins.  Journal of Physical Chemistry B, 1998, 102, 3586-3616.
 CHARMM>     
  
 CHARMM>    read rtf card append
 MAINIO> Residue topology file being read from unit  98.
 RDTITL> * TOPOLOGY FOR PROTEIN RELATED MODEL COMPOUNDS
 RDTITL> *
*** WARNING **** residue ACET already exists (old one deleted)

      ***** LEVEL  1 WARNING FROM <RTFRDR> *****
      ***** Residue already exists.
      ******************************************
      BOMLEV (  0) IS NOT REACHED. WRNLEV IS  5

          RESI ACET       -1.00
*** WARNING **** residue PROA already exists (old one deleted)

      ***** LEVEL  1 WARNING FROM <RTFRDR> *****
      ***** Residue already exists.
      ******************************************
      BOMLEV (  0) IS NOT REACHED. WRNLEV IS  5

          RESI PROA       -1.00
*** WARNING **** residue GUAN already exists (old one deleted)

      ***** LEVEL  1 WARNING FROM <RTFRDR> *****
      ***** Residue already exists.
      ******************************************
      BOMLEV (  0) IS NOT REACHED. WRNLEV IS  5

          RESI GUAN        1.00
*** WARNING **** residue MGUA already exists (old one deleted)

      ***** LEVEL  1 WARNING FROM <RTFRDR> *****
      ***** Residue already exists.
      ******************************************
      BOMLEV (  0) IS NOT REACHED. WRNLEV IS  5

          RESI MGUA        1.00
*** WARNING **** residue GLYN already exists (old one deleted)

      ***** LEVEL  1 WARNING FROM <RTFRDR> *****
      ***** Residue already exists.
      ******************************************
      BOMLEV (  0) IS NOT REACHED. WRNLEV IS  5

          RESI GLYN         0.00
*** WARNING **** residue MAMM already exists (old one deleted)

      ***** LEVEL  1 WARNING FROM <RTFRDR> *****
      ***** Residue already exists.
      ******************************************
      BOMLEV (  0) IS NOT REACHED. WRNLEV IS  5

          RESI MAMM        1.00
*** WARNING **** residue EAMM already exists (old one deleted)

      ***** LEVEL  1 WARNING FROM <RTFRDR> *****
      ***** Residue already exists.
      ******************************************
      BOMLEV (  0) IS NOT REACHED. WRNLEV IS  5

          RESI EAMM        1.00
*** WARNING **** residue ACEH already exists (old one deleted)

      ***** LEVEL  1 WARNING FROM <RTFRDR> *****
      ***** Residue already exists.
      ******************************************
      BOMLEV (  0) IS NOT REACHED. WRNLEV IS  5

          RESI ACEH        0.00
*** WARNING **** residue MEOH already exists (old one deleted)

      ***** LEVEL  1 WARNING FROM <RTFRDR> *****
      ***** Residue already exists.
      ******************************************
      BOMLEV (  0) IS NOT REACHED. WRNLEV IS  5

          RESI MEOH        0.00
*** WARNING **** residue METO already exists (old one deleted)

      ***** LEVEL  1 WARNING FROM <RTFRDR> *****
      ***** Residue already exists.
      ******************************************
      BOMLEV (  0) IS NOT REACHED. WRNLEV IS  5

          RESI METO       -1.00
*** WARNING **** residue ETOH already exists (old one deleted)

      ***** LEVEL  1 WARNING FROM <RTFRDR> *****
      ***** Residue already exists.
      ******************************************
      BOMLEV (  0) IS NOT REACHED. WRNLEV IS  5

          RESI ETOH        0.00
*** WARNING **** residue ETO  already exists (old one deleted)

      ***** LEVEL  1 WARNING FROM <RTFRDR> *****
      ***** Residue already exists.
      ******************************************
      BOMLEV (  0) IS NOT REACHED. WRNLEV IS  5

          RESI ETO        -1.00
*** WARNING **** residue PRO2 already exists (old one deleted)

      ***** LEVEL  1 WARNING FROM <RTFRDR> *****
      ***** Residue already exists.
      ******************************************
      BOMLEV (  0) IS NOT REACHED. WRNLEV IS  5

          RESI PRO2        0.00
*** WARNING **** residue FORM already exists (old one deleted)

      ***** LEVEL  1 WARNING FROM <RTFRDR> *****
      ***** Residue already exists.
      ******************************************
      BOMLEV (  0) IS NOT REACHED. WRNLEV IS  5

          RESI FORM        0.00
*** WARNING **** residue ACEM already exists (old one deleted)

      ***** LEVEL  1 WARNING FROM <RTFRDR> *****
      ***** Residue already exists.
      ******************************************
      BOMLEV (  0) IS NOT REACHED. WRNLEV IS  5

          RESI ACEM        0.00
*** WARNING **** residue NMA  already exists (old one deleted)

      ***** LEVEL  1 WARNING FROM <RTFRDR> *****
      ***** Residue already exists.
      ******************************************
      BOMLEV (  0) IS NOT REACHED. WRNLEV IS  5

          RESI NMA         0.00
*** WARNING **** residue MESH already exists (old one deleted)

      ***** LEVEL  1 WARNING FROM <RTFRDR> *****
      ***** Residue already exists.
      ******************************************
      BOMLEV (  0) IS NOT REACHED. WRNLEV IS  5

          RESI MESH        0.00
*** WARNING **** residue MES1 already exists (old one deleted)

      ***** LEVEL  1 WARNING FROM <RTFRDR> *****
      ***** Residue already exists.
      ******************************************
      BOMLEV (  0) IS NOT REACHED. WRNLEV IS  5

          RESI MES1       -1.00
*** WARNING **** residue ETSH already exists (old one deleted)

      ***** LEVEL  1 WARNING FROM <RTFRDR> *****
      ***** Residue already exists.
      ******************************************
      BOMLEV (  0) IS NOT REACHED. WRNLEV IS  5

          RESI ETSH        0.00
*** WARNING **** residue ES1  already exists (old one deleted)

      ***** LEVEL  1 WARNING FROM <RTFRDR> *****
      ***** Residue already exists.
      ******************************************
      BOMLEV (  0) IS NOT REACHED. WRNLEV IS  5

          RESI ES1        -1.00
*** WARNING **** residue DMDS already exists (old one deleted)

      ***** LEVEL  1 WARNING FROM <RTFRDR> *****
      ***** Residue already exists.
      ******************************************
      BOMLEV (  0) IS NOT REACHED. WRNLEV IS  5

          RESI DMDS        0.00
*** WARNING **** residue DEDS already exists (old one deleted)

      ***** LEVEL  1 WARNING FROM <RTFRDR> *****
      ***** Residue already exists.
      ******************************************
      BOMLEV (  0) IS NOT REACHED. WRNLEV IS  5

          RESI DEDS        0.00
*** WARNING **** residue EMS  already exists (old one deleted)

      ***** LEVEL  1 WARNING FROM <RTFRDR> *****
      ***** Residue already exists.
      ******************************************
      BOMLEV (  0) IS NOT REACHED. WRNLEV IS  5

          RESI EMS         0.00
*** WARNING **** residue IMIA already exists (old one deleted)

      ***** LEVEL  1 WARNING FROM <RTFRDR> *****
      ***** Residue already exists.
      ******************************************
      BOMLEV (  0) IS NOT REACHED. WRNLEV IS  5

          RESI IMIA        0.00
*** WARNING **** residue MIMI already exists (old one deleted)

      ***** LEVEL  1 WARNING FROM <RTFRDR> *****
      ***** Residue already exists.
      ******************************************
      BOMLEV (  0) IS NOT REACHED. WRNLEV IS  5

          RESI MIMI        0.00
*** WARNING **** residue EIMI already exists (old one deleted)

      ***** LEVEL  1 WARNING FROM <RTFRDR> *****
      ***** Residue already exists.
      ******************************************
      BOMLEV (  0) IS NOT REACHED. WRNLEV IS  5

          RESI EIMI        0.00
*** WARNING **** residue IMIM already exists (old one deleted)

      ***** LEVEL  1 WARNING FROM <RTFRDR> *****
      ***** Residue already exists.
      ******************************************
      BOMLEV (  0) IS NOT REACHED. WRNLEV IS  5

          RESI IMIM        1.00
*** WARNING **** residue EIMM already exists (old one deleted)

      ***** LEVEL  1 WARNING FROM <RTFRDR> *****
      ***** Residue already exists.
      ******************************************
      BOMLEV (  0) IS NOT REACHED. WRNLEV IS  5

          RESI EIMM        1.00
*** WARNING **** residue BENZ already exists (old one deleted)

      ***** LEVEL  1 WARNING FROM <RTFRDR> *****
      ***** Residue already exists.
      ******************************************
      BOMLEV (  0) IS NOT REACHED. WRNLEV IS  5

          RESI BENZ        0.00
*** WARNING **** residue EBEN already exists (old one deleted)

      ***** LEVEL  1 WARNING FROM <RTFRDR> *****
      ***** Residue already exists.
      ******************************************
      BOMLEV (  0) IS NOT REACHED. WRNLEV IS  5

          RESI EBEN         0.00
*** WARNING **** residue PHEN already exists (old one deleted)

      ***** LEVEL  1 WARNING FROM <RTFRDR> *****
      ***** Residue already exists.
      ******************************************
      BOMLEV (  0) IS NOT REACHED. WRNLEV IS  5

          RESI PHEN        0.00
*** WARNING **** residue EPHE already exists (old one deleted)

      ***** LEVEL  1 WARNING FROM <RTFRDR> *****
      ***** Residue already exists.
      ******************************************
      BOMLEV (  0) IS NOT REACHED. WRNLEV IS  5

          RESI EPHE        0.00
*** WARNING **** residue PHEO already exists (old one deleted)

      ***** LEVEL  1 WARNING FROM <RTFRDR> *****
      ***** Residue already exists.
      ******************************************
      BOMLEV (  0) IS NOT REACHED. WRNLEV IS  5

          RESI PHEO       -1.00
*** WARNING **** residue INDO already exists (old one deleted)

      ***** LEVEL  1 WARNING FROM <RTFRDR> *****
      ***** Residue already exists.
      ******************************************
      BOMLEV (  0) IS NOT REACHED. WRNLEV IS  5

          RESI INDO        0.00
*** WARNING **** residue EIND already exists (old one deleted)

      ***** LEVEL  1 WARNING FROM <RTFRDR> *****
      ***** Residue already exists.
      ******************************************
      BOMLEV (  0) IS NOT REACHED. WRNLEV IS  5

          RESI EIND        0.00
*** WARNING **** residue PDIP already exists (old one deleted)

      ***** LEVEL  1 WARNING FROM <RTFRDR> *****
      ***** Residue already exists.
      ******************************************
      BOMLEV (  0) IS NOT REACHED. WRNLEV IS  5

          RESI PDIP        0.00
*** WARNING **** residue ETHA already exists (old one deleted)

      ***** LEVEL  1 WARNING FROM <RTFRDR> *****
      ***** Residue already exists.
      ******************************************
      BOMLEV (  0) IS NOT REACHED. WRNLEV IS  5

          RESI ETHA        0.00
*** WARNING **** residue PRPA already exists (old one deleted)

      ***** LEVEL  1 WARNING FROM <RTFRDR> *****
      ***** Residue already exists.
      ******************************************
      BOMLEV (  0) IS NOT REACHED. WRNLEV IS  5

          RESI PRPA        0.00
*** WARNING **** residue IBUT already exists (old one deleted)

      ***** LEVEL  1 WARNING FROM <RTFRDR> *****
      ***** Residue already exists.
      ******************************************
      BOMLEV (  0) IS NOT REACHED. WRNLEV IS  5

          RESI IBUT        0.00
*** WARNING **** residue OCOH already exists (old one deleted)

      ***** LEVEL  1 WARNING FROM <RTFRDR> *****
      ***** Residue already exists.
      ******************************************
      BOMLEV (  0) IS NOT REACHED. WRNLEV IS  5

          RESI OCOH    0.0
*** WARNING **** residue CO3  already exists (old one deleted)

      ***** LEVEL  1 WARNING FROM <RTFRDR> *****
      ***** Residue already exists.
      ******************************************
      BOMLEV (  0) IS NOT REACHED. WRNLEV IS  5

          RESI CO3  -2.0
*** WARNING **** residue C3   already exists (old one deleted)

      ***** LEVEL  1 WARNING FROM <RTFRDR> *****
      ***** Residue already exists.
      ******************************************
      BOMLEV (  0) IS NOT REACHED. WRNLEV IS  5

          RESI C3    0.00
 There were  42 warning(s) from RTFRDR.
  
 CHARMM>     
  
 CHARMM>    read para card flex append

          PARAMETER FILE BEING READ FROM UNIT 98
 RDTITL>  
 RDTITL> No title read.
 PARMIO> NONBOND, HBOND lists and IMAGE atoms cleared.
  
 CHARMM>     
  
 CHARMM>    return
 VCLOSE: Closing unit   98 with status "KEEP"

                    RETURNING TO INPUT STREAM    99
  
 CHARMM>    stream toppar/toppar_all36_prot_modify_res.str
 VOPEN> Attempting to open::toppar/toppar_all36_prot_modify_res.str::
 OPNLGU> Unit 98 opened for READONLY access to toppar/toppar_all36_prot_modify_res.str

                    INPUT STREAM SWITCHING TO UNIT    98
 RDTITL> * TOPPAR FILE FOR VARIOUS MODIFIED RESIDUES AND PATCHES, INCLUDING
 RDTITL> * PATCHES TO COVALENTLY LINK RESIDUES TO IONS TO WORK WITH THE
 RDTITL> * ADDITIVE C36 PROTEIN FORCE FIELD
 RDTITL> * REQUIRES CGENFF PARAMETER FILE
 RDTITL> *
 Parameter: IN1 <- "" <empty>
  
 CHARMM>     
  
 CHARMM>    !Acetyllysine (ALY)
 CHARMM>    !Norleucine (NLE) and
 CHARMM>    ! residues and patches for Zn-protein interactions modeled using
 CHARMM>    ! bond and angles between the protein and Zn.
 CHARMM>     
  
 CHARMM>    !non-standard amino acids: 2021
 CHARMM>    !Croitoru, A., Park, S.-J., Kumar, A., Lee, J., Im, Wonpil; MacKerell,
 CHARMM>    !A.D., Jr., and Aleksandrov, A. Additive CHARMM36 Force Field for
 CHARMM>    !Nonstandard Amino Acids, Journal of Chemical Theory and Computation,
 CHARMM>    !17:3554-3570, doi: 10.1021/acs.jctc.1c00254.
 CHARMM>     
  
 CHARMM>    read rtf card append
 MAINIO> Residue topology file being read from unit  98.
 RDTITL> * TOPPAR FILE PROTEIN MODIFICATIONS
 RDTITL> *
*** WARNING **** residue CGU  already exists (old one deleted)

      ***** LEVEL  1 WARNING FROM <RTFRDR> *****
      ***** Residue already exists.
      ******************************************
      BOMLEV (  0) IS NOT REACHED. WRNLEV IS  5

          RESI CGU              -2.000
*** WARNING **** residue CME  already exists (old one deleted)

      ***** LEVEL  1 WARNING FROM <RTFRDR> *****
      ***** Residue already exists.
      ******************************************
      BOMLEV (  0) IS NOT REACHED. WRNLEV IS  5

          RESI CME               0.000
*** WARNING **** residue HIC  already exists (old one deleted)

      ***** LEVEL  1 WARNING FROM <RTFRDR> *****
      ***** Residue already exists.
      ******************************************
      BOMLEV (  0) IS NOT REACHED. WRNLEV IS  5

          RESI HIC               0.000
*** WARNING **** residue HICP already exists (old one deleted)

      ***** LEVEL  1 WARNING FROM <RTFRDR> *****
      ***** Residue already exists.
      ******************************************
      BOMLEV (  0) IS NOT REACHED. WRNLEV IS  5

          RESI HICP              1.000
*** WARNING **** residue CGUP already exists (old one deleted)

      ***** LEVEL  1 WARNING FROM <RTFRDR> *****
      ***** Residue already exists.
      ******************************************
      BOMLEV (  0) IS NOT REACHED. WRNLEV IS  5

          RESI CGUP             -1.000
 There were   5 warning(s) from RTFRDR.
  
 CHARMM>     
  
 CHARMM>    read para card append flex

          PARAMETER FILE BEING READ FROM UNIT 98
 RDTITL>  
 RDTITL> No title read.
 PARMIO> NONBOND, HBOND lists and IMAGE atoms cleared.
  
 CHARMM>     
  
 CHARMM>    return
 VCLOSE: Closing unit   98 with status "KEEP"

                    RETURNING TO INPUT STREAM    99
  
 CHARMM>     
  
 CHARMM>    ! Additional topologies and parameters for nucleic acids
 CHARMM>    stream toppar/toppar_all36_na_nad_ppi.str
 VOPEN> Attempting to open::toppar/toppar_all36_na_nad_ppi.str::
 OPNLGU> Unit 98 opened for READONLY access to toppar/toppar_all36_na_nad_ppi.str

                    INPUT STREAM SWITCHING TO UNIT    98
 RDTITL> * CHARMM36 ALL-HYDROGEN NUCLEIC ACID FORCE TOPPAR STREAM FILE
 RDTITL> * NAD+, NADH, ADP, ATP, PPI AND RELATED ANALOGS
 RDTITL> * A.D. MACKERELL, JR., JULY 2001
 RDTITL> * STREAM FOLLOWING RTF AND PARAM READ OF
 RDTITL> *
 Parameter: IN1 <- "" <empty>
  
 CHARMM>     
  
 CHARMM>    !Update, 2015/1, nomenclature for NAD+ etc. consistent with PDB
 CHARMM>     
  
 CHARMM>    !Parent files that have to be read prior to streaming this file
 CHARMM>    !top_all36_na.rtf
 CHARMM>    !par_all36_na.prm
 CHARMM>     
  
 CHARMM>    !Testcase
 CHARMM>    !test_all36_na_nad_ppi.inp
 CHARMM>     
  
 CHARMM>    !Reference
 CHARMM>    !Pavelites, J.J., Bash, P.A., Gao, J., and MacKerell, Jr.,
 CHARMM>    !A.D. A Molecular Mechanics Force Field for NAD+, NADH and the
 CHARMM>    !Pyrophosphate Groups of Nucleotides, Journal of Computational
 CHARMM>    !Chemistry, 1997, 18: 221-239.
 CHARMM>     
  
 CHARMM>    read rtf card append
 MAINIO> Residue topology file being read from unit  98.
 RDTITL> * NAD, PPI TOPOLOGY
 RDTITL> *
*** WARNING **** residue NIC  already exists (old one deleted)

      ***** LEVEL  1 WARNING FROM <RTFRDR> *****
      ***** Residue already exists.
      ******************************************
      BOMLEV (  0) IS NOT REACHED. WRNLEV IS  5

          RESI NIC         1.00
*** WARNING **** residue NICH already exists (old one deleted)

      ***** LEVEL  1 WARNING FROM <RTFRDR> *****
      ***** Residue already exists.
      ******************************************
      BOMLEV (  0) IS NOT REACHED. WRNLEV IS  5

          RESI NICH         0.00
*** WARNING **** residue PPI1 already exists (old one deleted)

      ***** LEVEL  1 WARNING FROM <RTFRDR> *****
      ***** Residue already exists.
      ******************************************
      BOMLEV (  0) IS NOT REACHED. WRNLEV IS  5

          RESI PPI1        -3.00
*** WARNING **** residue PPI2 already exists (old one deleted)

      ***** LEVEL  1 WARNING FROM <RTFRDR> *****
      ***** Residue already exists.
      ******************************************
      BOMLEV (  0) IS NOT REACHED. WRNLEV IS  5

          RESI PPI2        -2.00
*** WARNING **** residue AMP  already exists (old one deleted)

      ***** LEVEL  1 WARNING FROM <RTFRDR> *****
      ***** Residue already exists.
      ******************************************
      BOMLEV (  0) IS NOT REACHED. WRNLEV IS  5

          RESI AMP         -2.00
*** WARNING **** residue ADP  already exists (old one deleted)

      ***** LEVEL  1 WARNING FROM <RTFRDR> *****
      ***** Residue already exists.
      ******************************************
      BOMLEV (  0) IS NOT REACHED. WRNLEV IS  5

          RESI ADP         -3.00
*** WARNING **** residue ATP  already exists (old one deleted)

      ***** LEVEL  1 WARNING FROM <RTFRDR> *****
      ***** Residue already exists.
      ******************************************
      BOMLEV (  0) IS NOT REACHED. WRNLEV IS  5

          RESI ATP         -4.00
*** WARNING **** residue 5DP  already exists (old one deleted)

      ***** LEVEL  1 WARNING FROM <RTFRDR> *****
      ***** Residue already exists.
      ******************************************
      BOMLEV (  0) IS NOT REACHED. WRNLEV IS  5

          PRES 5DP         -3.00
*** WARNING **** residue NAD  already exists (old one deleted)

      ***** LEVEL  1 WARNING FROM <RTFRDR> *****
      ***** Residue already exists.
      ******************************************
      BOMLEV (  0) IS NOT REACHED. WRNLEV IS  5

          RESI NAD         -1.00
*** WARNING **** residue NADH already exists (old one deleted)

      ***** LEVEL  1 WARNING FROM <RTFRDR> *****
      ***** Residue already exists.
      ******************************************
      BOMLEV (  0) IS NOT REACHED. WRNLEV IS  5

          RESI NADH        -2.00
*** WARNING **** residue NADP already exists (old one deleted)

      ***** LEVEL  1 WARNING FROM <RTFRDR> *****
      ***** Residue already exists.
      ******************************************
      BOMLEV (  0) IS NOT REACHED. WRNLEV IS  5

          RESI NADP        -2.00
*** WARNING **** residue NDPH already exists (old one deleted)

      ***** LEVEL  1 WARNING FROM <RTFRDR> *****
      ***** Residue already exists.
      ******************************************
      BOMLEV (  0) IS NOT REACHED. WRNLEV IS  5

          RESI NDPH        -3.00
 There were  12 warning(s) from RTFRDR.
  
 CHARMM>     
  
 CHARMM>    read para card flex append

          PARAMETER FILE BEING READ FROM UNIT 98
 RDTITL> * NAD, PPI PARAMETERS
 RDTITL> *
 PARMIO> NONBOND, HBOND lists and IMAGE atoms cleared.
  
 CHARMM>     
  
 CHARMM>     
  
 VCLOSE: Closing unit   98 with status "KEEP"

                    RETURNING TO INPUT STREAM    99
  
 CHARMM>    stream toppar/toppar_all36_na_rna_modified.str
 VOPEN> Attempting to open::toppar/toppar_all36_na_rna_modified.str::
 OPNLGU> Unit 98 opened for READONLY access to toppar/toppar_all36_na_rna_modified.str

                    INPUT STREAM SWITCHING TO UNIT    98
 RDTITL> * ADDITIVE CHARMM FORCE FIELD FOR MODIFIED RIBONUCLEIC ACIDS, INCLUDING
 RDTITL> * THOSE FOUNDS IN TRNA. YOU XU, KAROLINSKA INSTITUTET, 2015.
 RDTITL> * |
 RDTITL> * WARNING: PARAMETERS AND ATOM TYPE ASSIGNMENTS IN THIS FILE ARE SPECIFIC
 RDTITL> * FOR THESE COMPOUNDS AND SHOULD UNDER NO CIRCUMSTANCES BE APPLIED TO
 RDTITL> * OTHER ORGANIC MOLECULES
 RDTITL> *
 Parameter: IN1 <- "" <empty>
  
 CHARMM>     
  
 CHARMM>    ! Xu, Y., Vanommeslaeghe, K., Aleksandrov, A., MacKerell, A.D.,
 CHARMM>    ! Jr. Nilsson, L., “Additive CHARMM force field for naturally
 CHARMM>    ! occurring modified ribonucleotides,” Journal of Computational
 CHARMM>    !  Chemistry, DOI: 10.1002/jcc.24307, 2016
 CHARMM>     
  
 CHARMM>    ! Should be used with parent files CGenFF: top_all36_cgenff.inp and par_all36_cgenff.inp
 CHARMM>    !                                    NA36: top_all36_na.inp and par_all36_na.inp
 CHARMM>    !                              and Carb36: top_all36_carb.inp and par_all36_carb.inp
 CHARMM>    !
 CHARMM>     
  
 CHARMM>    read rtf card append
 MAINIO> Residue topology file being read from unit  98.
 RDTITL> * TOPOLOGIES OF MODIFIED NUCLEOTIDES
 RDTITL> *
*** WARNING **** residue BUG  already exists (old one deleted)

      ***** LEVEL  1 WARNING FROM <RTFRDR> *****
      ***** Residue already exists.
      ******************************************
      BOMLEV (  0) IS NOT REACHED. WRNLEV IS  5

          RESI BUG           -1.00
 There were   1 warning(s) from RTFRDR.
  
 CHARMM>     
  
 CHARMM>    read param card flex append

          PARAMETER FILE BEING READ FROM UNIT 98
 RDTITL> * ADDITIVE CHARMM PARAMETERS FOR MODIFIED NUCLEIC ACIDS, BETA VERSION
 RDTITL> * YOU XU, KAROLINSKA INSTITUTET, 2015.
 RDTITL> *
 PARMIO> NONBOND, HBOND lists and IMAGE atoms cleared.
  
 CHARMM>    RETURN
 VCLOSE: Closing unit   98 with status "KEEP"

                    RETURNING TO INPUT STREAM    99
  
 CHARMM>     
  
 CHARMM>    ! Additional topologies and parameters for lipids
 CHARMM>    stream toppar/toppar_all36_lipid_sphingo.str
 VOPEN> Attempting to open::toppar/toppar_all36_lipid_sphingo.str::
 OPNLGU> Unit 98 opened for READONLY access to toppar/toppar_all36_lipid_sphingo.str

                    INPUT STREAM SWITCHING TO UNIT    98
 RDTITL> * TOPPAR STREAM FOR CERAMIDES AND SPINGOMYELINS; REQUIRES FLEX FORMAT FILES
 RDTITL> * TOP_ALL36_LIPID.RTF AND PAR_ALL36_LIPID.PRM
 RDTITL> *
 Parameter: IN1 <- "" <empty>
  
 CHARMM>     
  
 CHARMM>    ! REFERENCES
 CHARMM>    !
 CHARMM>    ! PSM and SSM Lipids
 CHARMM>    !
 CHARMM>    ! Venable, R. M.; Sodt, A. J.; Rogaski, B.; Rui, H.; Hatcher, E.; MacKerell, A. D.;
 CHARMM>    ! Pastor, R. W.; Klauda, J. B., CHARMM All-Atom Additive Force Field for Sphingomyelin:
 CHARMM>    ! Elucidation of Hydrogen Bonding and of Positive Curvature. Biophys. J. 2014, 107 (1), 134-145
 CHARMM>    !
 CHARMM>    ! Ceramide
 CHARMM>    !
 CHARMM>    ! Submited by Sam Tonddast-Navaei of U. Cincinnati. Advised by Russell Devane
 CHARMM>    ! Tested by Eric Wang of U. Maryland. Advised by Jeffery Klauda
 CHARMM>    !
 CHARMM>    !
 CHARMM>    ! CerAP/Cer6, CerNP/Cer3, and CerEOS/Cer1
 CHARMM>    !
 CHARMM>    ! Wang, E.; Klauda, J. B., Structure and Permeability of Ceramide Bilayers and Multilayers.
 CHARMM>    ! J. Phys. Chem. B., 2019, 123, 11, 2525-2535
 CHARMM>    ! Wang, E.; Klauda, J. B., Molecular Structure of the Long Periodicity Phase in the Stratum Corneum.
 CHARMM>    ! J. Amer. Chem. Soc., 2019. 141, 42, 16930-16943
 CHARMM>     
  
 CHARMM>    set nat ?NATC
 RDCMND substituted energy or value "?NATC" to "585"
 Parameter: NAT <- "585"
  
 CHARMM>    set app
 Parameter: APP <- "" <empty>
  
 CHARMM>    !We're exploiting what is arguably a bug in the parser. On the left hand side,
 CHARMM>    !the quotes have proirity, so NAT is correctly substituted. On the right hand
 CHARMM>    !side, the ? has priority and NATC" (sic) is not a valid substitution...
 CHARMM>    if "@NAT" ne "?NATC" if @nat ne 0 set app append
 Parameter: NAT -> "585"
 Parameter: NAT -> "585"
 RDCMND: can not substitute energy "?NATC""
 Comparing ""585"" and ""?NATC"".
 IF test evaluated as true.  Performing command
 Comparing "585" and "0".
 IF test evaluated as true.  Performing command
 Parameter: APP <- "APPEND"
  
 CHARMM>     
  
 CHARMM>    read rtf card @app
 Parameter: APP -> "APPEND"
 MAINIO> Residue topology file being read from unit  98.
 RDTITL> * CER/SM RESIDUES
 RDTITL> *
  
 CHARMM>     
  
 CHARMM>    read para card flex @app
 Parameter: APP -> "APPEND"

          PARAMETER FILE BEING READ FROM UNIT 98
 RDTITL> * NEW PARAMETERS
 RDTITL> *
 PARRDR> Error: Repeated DIHE parameter ( 14761): NHL   C     CTO1  HAL1 is replaced
 PARRDR> Error: Repeated DIHE parameter ( 14782): O     C     CTO1  HAL1 is replaced
 PARMIO> NONBOND, HBOND lists and IMAGE atoms cleared.
  
 CHARMM>     
  
 CHARMM>    return
 VCLOSE: Closing unit   98 with status "KEEP"

                    RETURNING TO INPUT STREAM    99
  
 CHARMM>    stream toppar/toppar_all36_lipid_archaeal.str
 VOPEN> Attempting to open::toppar/toppar_all36_lipid_archaeal.str::
 OPNLGU> Unit 98 opened for READONLY access to toppar/toppar_all36_lipid_archaeal.str

                    INPUT STREAM SWITCHING TO UNIT    98
 RDTITL> * TOPPAR STREAM FILE FOR ARCHAEAL LIPIDS.
 RDTITL> *
 Parameter: IN1 <- "" <empty>
  
 CHARMM>     
  
 CHARMM>    ! This is an on-going file of archaeal lipids
 CHARMM>    ! I am adding meanquinone-7 now
 CHARMM>     
  
 CHARMM>    read rtf card append
 MAINIO> Residue topology file being read from unit  98.
 RDTITL> * ARCHAEAL LIPIDS
 RDTITL> *
  
 CHARMM>     
  
 CHARMM>    read param card flex append

          PARAMETER FILE BEING READ FROM UNIT 98
 RDTITL> * PARAMETERS GENERATED BY ANALOGY BY CGENFF
 RDTITL> *
 PARMIO> NONBOND, HBOND lists and IMAGE atoms cleared.
  
 CHARMM>     
  
 CHARMM>    RETURN
 VCLOSE: Closing unit   98 with status "KEEP"

                    RETURNING TO INPUT STREAM    99
  
 CHARMM>    stream toppar/toppar_all36_lipid_bacterial.str
 VOPEN> Attempting to open::toppar/toppar_all36_lipid_bacterial.str::
 OPNLGU> Unit 98 opened for READONLY access to toppar/toppar_all36_lipid_bacterial.str

                    INPUT STREAM SWITCHING TO UNIT    98
 RDTITL> * TOPPAR STREAM FILE FOR BRANCHED AND CYCLIC CHAINED LIPIDS.  FOLLOWING READING OF
 RDTITL> * TOP_ALL36_LIPID.RTF
 RDTITL> * AND
 RDTITL> * PAR_ALL36_LIPID.RTF
 RDTITL> *
 Parameter: IN1 <- "" <empty>
  
 CHARMM>     
  
 CHARMM>    ! REFERENCES
 CHARMM>    !
 CHARMM>    ! Branched Lipids
 CHARMM>    !
 CHARMM>    ! Lim, J.B. & Klauda, J.B. Branching at the Iso- and Anteiso- Positions in Complex Chlamydia
 CHARMM>    ! Membranes: A Molecular Dynamics Study. Biochimica et Biophysica Acta (BBA) - Biomembranes
 CHARMM>    ! 1808:323-331 (2011).
 CHARMM>    !
 CHARMM>    ! Cyclic-replacement of double bond
 CHARMM>    !
 CHARMM>    ! Pandit, K.R. & Klauda, J.B. Membrane models of E. coli containing cyclic moieties in
 CHARMM>    ! the aliphatic lipid chain. Biochimica et Biophysica Acta (BBA) - Biomembranes
 CHARMM>    ! 1818:1205-1210 (2012).
 CHARMM>    !
 CHARMM>     
  
 CHARMM>    set nat ?NATC
 RDCMND substituted energy or value "?NATC" to "590"
 Parameter: NAT <- "590"
  
 CHARMM>    set app
 Parameter: APP <- "" <empty>
  
 CHARMM>    !We're exploiting what is arguably a bug in the parser. On the left hand side,
 CHARMM>    !the quotes have proirity, so NAT is correctly substituted. On the right hand
 CHARMM>    !side, the ? has priority and NATC" (sic) is not a valid substitution...
 CHARMM>    if "@NAT" ne "?NATC" if @nat ne 0 set app append
 Parameter: NAT -> "590"
 Parameter: NAT -> "590"
 RDCMND: can not substitute energy "?NATC""
 Comparing ""590"" and ""?NATC"".
 IF test evaluated as true.  Performing command
 Comparing "590" and "0".
 IF test evaluated as true.  Performing command
 Parameter: APP <- "APPEND"
  
 CHARMM>     
  
 CHARMM>    read rtf card @app
 Parameter: APP -> "APPEND"
 MAINIO> Residue topology file being read from unit  98.
 RDTITL> * CHOLESTEROL RESIDUES
 RDTITL> *
  
 CHARMM>     
  
 CHARMM>    read para card flex @app
 Parameter: APP -> "APPEND"

          PARAMETER FILE BEING READ FROM UNIT 98
 RDTITL> * NEW PARAMETERS
 RDTITL> *
 PARMIO> NONBOND, HBOND lists and IMAGE atoms cleared.
  
 CHARMM>     
  
 CHARMM>    return
 VCLOSE: Closing unit   98 with status "KEEP"

                    RETURNING TO INPUT STREAM    99
  
 CHARMM>    stream toppar/toppar_all36_lipid_cardiolipin.str
 VOPEN> Attempting to open::toppar/toppar_all36_lipid_cardiolipin.str::
 OPNLGU> Unit 98 opened for READONLY access to toppar/toppar_all36_lipid_cardiolipin.str

                    INPUT STREAM SWITCHING TO UNIT    98
 RDTITL> READ RTF CARD APPEND FLEX
 RDTITL> No title read.
 Parameter: IN1 <- "" <empty>
  
 CHARMM>    read rtf card append flex
 MAINIO> Residue topology file being read from unit  98.
 RDTITL>  
 RDTITL> No title read.
 WARNING from DECODI -- Zero length string being converted to 0
 RTFRDR> WARNING: Version number is NOT specified.
  
 CHARMM>     
  
 CHARMM>    return
 VCLOSE: Closing unit   98 with status "KEEP"

                    RETURNING TO INPUT STREAM    99
  
 CHARMM>    stream toppar/toppar_all36_lipid_cholesterol.str
 VOPEN> Attempting to open::toppar/toppar_all36_lipid_cholesterol.str::
 OPNLGU> Unit 98 opened for READONLY access to toppar/toppar_all36_lipid_cholesterol.str

                    INPUT STREAM SWITCHING TO UNIT    98
 RDTITL> * TOPPAR STREAM FILE FOR CHOLESTEROL.  STREAM FOLLOWING READING OF
 RDTITL> * TOP_ALL36_LIPID.RTF
 RDTITL> * PAR_ALL36_LIPID.RTF
 RDTITL> * TOP_ALL36_CGENFF.RTF
 RDTITL> * AND PAR_ALL36_CGENFF.PRM
 RDTITL> *
 Parameter: IN1 <- "" <empty>
  
 CHARMM>     
  
 CHARMM>    !topology and parameters are included for two cholesterol models. the
 CHARMM>    !model may be selected by setting variable chol_model to 1 or 2, as
 CHARMM>    !specified below
 CHARMM>    !
 CHARMM>     
  
 CHARMM>    set chol_model 1 !2 for original Suits et al. model
 Parameter: CHOL_MODEL <- "1"
  
 CHARMM>     
  
 CHARMM>    !
 CHARMM>    !1) Revised model of Lim et al.  This contains a number of NBFIXes that
 CHARMM>    !makes it unsuitable for ANTON (set chol_model 1)
 CHARMM>    !
 CHARMM>    !2) Original model of Suits et al., which is used on ANTON as well as
 CHARMM>    !being suitable for other systems (set chol_model 2 (or anything but 1....))
 CHARMM>    !
 CHARMM>    !references
 CHARMM>    !
 CHARMM>    !Lim, J.B., Rogaski, B. and Klauda, J.B.. "Update of the Cholesterol Force Field
 CHARMM>    !Parameters in CHARMM" 116: 203-210 (2012).
 CHARMM>    !
 CHARMM>    !Suits, F., Pitman, M., MacKerell, A.D., Jr., Feller, S.E. "Molecular Level
 CHARMM>    !Organization of Saturated and Polyunsaturated Fatty Acids in a
 CHARMM>    !Phosphatidylcholine Bilayer Containing Cholesterol" Biochemistry,
 CHARMM>    !43(49):15318-28, 2004
 CHARMM>    !
 CHARMM>     
  
 CHARMM>    !test "append"
 CHARMM>    set nat ?NATC
 RDCMND substituted energy or value "?NATC" to "590"
 Parameter: NAT <- "590"
  
 CHARMM>    set app
 Parameter: APP <- "" <empty>
  
 CHARMM>    !We're exploiting what is arguably a bug in the parser. On the left hand side,
 CHARMM>    !the quotes have priority, so NAT is correctly substituted. On the right hand
 CHARMM>    !side, the ? has priority and NATC" (sic) is not a valid substitution...
 CHARMM>    if "@NAT" ne "?NATC" if @nat ne 0 set app append
 Parameter: NAT -> "590"
 Parameter: NAT -> "590"
 RDCMND: can not substitute energy "?NATC""
 Comparing ""590"" and ""?NATC"".
 IF test evaluated as true.  Performing command
 Comparing "590" and "0".
 IF test evaluated as true.  Performing command
 Parameter: APP <- "APPEND"
  
 CHARMM>     
  
 CHARMM>    if chol_model eq 1 then
 Comparing "1" and "1".
 IF test evaluated as true.  Performing command
  
 CHARMM>     
  
 CHARMM>    ! reference
 CHARMM>    ! Lim, J.B., Rogaski, B. and Klauda, J.B.. "Update of the Cholesterol Force Field
 CHARMM>    ! Parameters in CHARMM" 116: 203-210 (2012).
 CHARMM>    !
 CHARMM>     
  
 CHARMM>    read rtf card @app
 Parameter: APP -> "APPEND"
 MAINIO> Residue topology file being read from unit  98.
 RDTITL> * TOPOLOGY FOR CHOLESTEROL
 RDTITL> *
  
 CHARMM>     
  
 CHARMM>    read param card flex @app
 Parameter: APP -> "APPEND"

          PARAMETER FILE BEING READ FROM UNIT 98
 RDTITL> * CHOLESTEROL PARAMETERS
 RDTITL> *
 PARRDR> Error: Repeated DIHE parameter ( 15121): OG31  CG30  CG3C  CG3C is replaced
 PARRDR> Error: Repeated DIHE parameter ( 15122): OG31  CG30  CG3C  CG3R is replaced
 PARRDR> Error: Repeated DIHE parameter ( 15123): OG31  CG30  CG3C  HGA1 is replaced
 PARRDR> Error: Repeated DIHE parameter ( 15121): OG31  CG30  CG3C  CG3C is replaced
 PARRDR> Error: Repeated DIHE parameter ( 15122): OG31  CG30  CG3C  CG3R is replaced
 PARRDR> Error: Repeated DIHE parameter ( 15123): OG31  CG30  CG3C  HGA1 is replaced
 PARMIO> NONBOND, HBOND lists and IMAGE atoms cleared.
  
 CHARMM>     
  
 CHARMM>    return
 VCLOSE: Closing unit   98 with status "KEEP"

                    RETURNING TO INPUT STREAM    99
  
 CHARMM>    stream toppar/toppar_all36_lipid_dag.str
 VOPEN> Attempting to open::toppar/toppar_all36_lipid_dag.str::
 OPNLGU> Unit 98 opened for READONLY access to toppar/toppar_all36_lipid_dag.str

                    INPUT STREAM SWITCHING TO UNIT    98
 RDTITL> READ RTF CARD APPEND
 RDTITL> No title read.
 Parameter: IN1 <- "" <empty>
  
 CHARMM>    read rtf card append
 MAINIO> Residue topology file being read from unit  98.
 RDTITL> * TOPOLOGY FOR LIPIDA FROM DAG
 RDTITL> *
  
 VCLOSE: Closing unit   98 with status "KEEP"

                    RETURNING TO INPUT STREAM    99
  
 CHARMM>    stream toppar/toppar_all36_lipid_inositol.str
 VOPEN> Attempting to open::toppar/toppar_all36_lipid_inositol.str::
 OPNLGU> Unit 98 opened for READONLY access to toppar/toppar_all36_lipid_inositol.str

                    INPUT STREAM SWITCHING TO UNIT    98
 RDTITL> READ RTF CARD APPEND
 RDTITL> No title read.
 Parameter: IN1 <- "" <empty>
  
 CHARMM>    read rtf card append
 MAINIO> Residue topology file being read from unit  98.
 RDTITL> * TOPOLOGY FOR INOSITOL-BASED LIPIDS
 RDTITL> *
  
 CHARMM>     
  
 CHARMM>    RETURN
 VCLOSE: Closing unit   98 with status "KEEP"

                    RETURNING TO INPUT STREAM    99
  
 CHARMM>    stream toppar/toppar_all36_lipid_lnp.str
 VOPEN> Attempting to open::toppar/toppar_all36_lipid_lnp.str::
 OPNLGU> Unit 98 opened for READONLY access to toppar/toppar_all36_lipid_lnp.str

                    INPUT STREAM SWITCHING TO UNIT    98
 RDTITL> READ RTF CARD APPEND
 RDTITL> No title read.
 Parameter: IN1 <- "" <empty>
  
 CHARMM>    read rtf card append
 MAINIO> Residue topology file being read from unit  98.
 RDTITL> * LNP
 RDTITL> *

      ***** LEVEL  1 WARNING FROM <DECODF> *****
      ***** Zero length string
      ******************************************
      BOMLEV (  0) IS NOT REACHED. WRNLEV IS  5

 WARNING from DECODF -- Zero length string being converted to 0.
 **** WARNING from RTFRDR **** The total charge of the residue, DAGP,  -0.0100000,
 does not equal the expected charge,   0.0000000.

      ***** LEVEL  1 WARNING FROM <DECODF> *****
      ***** Zero length string
      ******************************************
      BOMLEV (  0) IS NOT REACHED. WRNLEV IS  5

 WARNING from DECODF -- Zero length string being converted to 0.
          PRES DPEPEG
 **** WARNING from RTFRDR **** The total charge of the residue, DPEP,  -0.0100000,
 does not equal the expected charge,   0.0000000.
 There were   2 warning(s) from RTFRDR.
  
 CHARMM>     
  
 CHARMM>    read param card flex append

          PARAMETER FILE BEING READ FROM UNIT 98
 RDTITL> * LNP
 RDTITL> *
 PARMIO> NONBOND, HBOND lists and IMAGE atoms cleared.
  
 CHARMM>     
  
 CHARMM>    RETURN
 VCLOSE: Closing unit   98 with status "KEEP"

                    RETURNING TO INPUT STREAM    99
  
 CHARMM>    stream toppar/toppar_all36_lipid_lps.str
 VOPEN> Attempting to open::toppar/toppar_all36_lipid_lps.str::
 OPNLGU> Unit 98 opened for READONLY access to toppar/toppar_all36_lipid_lps.str

                    INPUT STREAM SWITCHING TO UNIT    98
 RDTITL> READ RTF CARD APPEND
 RDTITL> No title read.
 Parameter: IN1 <- "" <empty>
  
 CHARMM>    read rtf card append
 MAINIO> Residue topology file being read from unit  98.
 RDTITL> * TOPOLOGY FOR LIPIDA FROM LPS
 RDTITL> *
 WARNING from DECODI -- Zero length string being converted to 0
 RTFRDR> WARNING: Version number is NOT specified.
  
 CHARMM>     
  
 CHARMM>     
  
 CHARMM>    read param card append flex

          PARAMETER FILE BEING READ FROM UNIT 98
 RDTITL> *    NEW PARAMETES
 RDTITL> *
 PARMIO> NONBOND, HBOND lists and IMAGE atoms cleared.
  
 CHARMM>     
  
 VCLOSE: Closing unit   98 with status "KEEP"

                    RETURNING TO INPUT STREAM    99
  
 CHARMM>    stream toppar/toppar_all36_lipid_mycobacterial.str
 VOPEN> Attempting to open::toppar/toppar_all36_lipid_mycobacterial.str::
 OPNLGU> Unit 98 opened for READONLY access to toppar/toppar_all36_lipid_mycobacterial.str

                    INPUT STREAM SWITCHING TO UNIT    98
 RDTITL> * TOPPAR STREAM FILE FOR BRANCHED AND CYCLIC CHAINED LIPIDS.  FOLLOWING READING OF
 RDTITL> * TOP_ALL36_LIPID.RTF, PAR_ALL36_LIPID.PRM
 RDTITL> * AND
 RDTITL> * TOPPAR_ALL36_LIPID_BACTERIAL.STR
 RDTITL> *
 Parameter: IN1 <- "" <empty>
  
 CHARMM>     
  
 CHARMM>    read rtf card append
 MAINIO> Residue topology file being read from unit  98.
 RDTITL> * CHOLESTEROL RESIDUES
 RDTITL> *
  
 CHARMM>     
  
 CHARMM>    read para card flex @app
 Parameter: APP -> "APPEND"

          PARAMETER FILE BEING READ FROM UNIT 98
 RDTITL> * NEW PARAMETERS
 RDTITL> *
 PARRDR> Error: Repeated ANGLE parameter (  5024): CEL1  CEL1  CTL1 is replaced
 PARRDR> Error: Repeated DIHE parameter ( 15368): CTL2  CG2O  CTL1  CTL3 is replaced
 PARRDR> Error: Repeated DIHE parameter ( 15369): CTL2  CG2O  CTL1  CTL3 is replaced
 PARRDR> Error: Repeated DIHE parameter ( 15368): CTL2  CG2O  CTL1  CTL3 is replaced
 PARRDR> Error: Repeated DIHE parameter ( 15369): CTL2  CG2O  CTL1  CTL3 is replaced
 PARMIO> NONBOND, HBOND lists and IMAGE atoms cleared.
  
 CHARMM>     
  
 CHARMM>    RETURN
 VCLOSE: Closing unit   98 with status "KEEP"

                    RETURNING TO INPUT STREAM    99
  
 CHARMM>    stream toppar/toppar_all36_lipid_miscellaneous.str
 VOPEN> Attempting to open::toppar/toppar_all36_lipid_miscellaneous.str::
 OPNLGU> Unit 98 opened for READONLY access to toppar/toppar_all36_lipid_miscellaneous.str

                    INPUT STREAM SWITCHING TO UNIT    98
 RDTITL> READ RTF CARD APPEND FLEX
 RDTITL> No title read.
 Parameter: IN1 <- "" <empty>
  
 CHARMM>    read rtf card append flex
 MAINIO> Residue topology file being read from unit  98.
 RDTITL> * TOPOLOGY FOR MISCELLANEOUS LIPIDS
 RDTITL> *
  
 CHARMM>     
  
 CHARMM>    read param card flex append

          PARAMETER FILE BEING READ FROM UNIT 98
 RDTITL> * PARAMETER FOR ACYL PYROPHOSPHATE: ADDED 2019_7
 RDTITL> *
 PARMIO> NONBOND, HBOND lists and IMAGE atoms cleared.
  
 CHARMM>     
  
 CHARMM>    return
 VCLOSE: Closing unit   98 with status "KEEP"

                    RETURNING TO INPUT STREAM    99
  
 CHARMM>    stream toppar/toppar_all36_lipid_model.str
 VOPEN> Attempting to open::toppar/toppar_all36_lipid_model.str::
 OPNLGU> Unit 98 opened for READONLY access to toppar/toppar_all36_lipid_model.str

                    INPUT STREAM SWITCHING TO UNIT    98
 RDTITL> * CHARMM36 ALL-HYDROGEN LIPID FORCE FIELD TOPPAR STREAM FILE
 RDTITL> * COLLECTION OF RESIDUES AND PATCHES FOR MODEL COMPOUNDS USED
 RDTITL> * IN THE OPTIMIZATION THE LIPID FORCE FIELD.
 RDTITL> *
 Parameter: IN1 <- "" <empty>
  
 CHARMM>     
  
 CHARMM>    !Parent files that have to be read prior to streaming this file
 CHARMM>    !top_all36_lipid.rtf
 CHARMM>    !par_all36_lipid.prm
 CHARMM>     
  
 CHARMM>    !Testcase
 CHARMM>    !test_all36_lipid_model.inp
 CHARMM>     
  
 CHARMM>    read rtf card append
 MAINIO> Residue topology file being read from unit  98.
 RDTITL> * C36 LIPID MODEL COMPOUNDS
 RDTITL> *
*** WARNING **** residue MAS  already exists (old one deleted)

      ***** LEVEL  1 WARNING FROM <RTFRDR> *****
      ***** Residue already exists.
      ******************************************
      BOMLEV (  0) IS NOT REACHED. WRNLEV IS  5

          RESI MAS          0.00
*** WARNING **** residue ETAC already exists (old one deleted)

      ***** LEVEL  1 WARNING FROM <RTFRDR> *****
      ***** Residue already exists.
      ******************************************
      BOMLEV (  0) IS NOT REACHED. WRNLEV IS  5

          RESI ETAC         0.00
*** WARNING **** residue MPRO already exists (old one deleted)

      ***** LEVEL  1 WARNING FROM <RTFRDR> *****
      ***** Residue already exists.
      ******************************************
      BOMLEV (  0) IS NOT REACHED. WRNLEV IS  5

          RESI MPRO         0.00
*** WARNING **** residue MP_1 already exists (old one deleted)

      ***** LEVEL  1 WARNING FROM <RTFRDR> *****
      ***** Residue already exists.
      ******************************************
      BOMLEV (  0) IS NOT REACHED. WRNLEV IS  5

          RESI MP_1        -1.00
*** WARNING **** residue MP_2 already exists (old one deleted)

      ***** LEVEL  1 WARNING FROM <RTFRDR> *****
      ***** Residue already exists.
      ******************************************
      BOMLEV (  0) IS NOT REACHED. WRNLEV IS  5

          RESI MP_2        -2.00
*** WARNING **** residue MSO4 already exists (old one deleted)

      ***** LEVEL  1 WARNING FROM <RTFRDR> *****
      ***** Residue already exists.
      ******************************************
      BOMLEV (  0) IS NOT REACHED. WRNLEV IS  5

          RESI MSO4        -1.00
*** WARNING **** residue BUTA already exists (old one deleted)

      ***** LEVEL  1 WARNING FROM <RTFRDR> *****
      ***** Residue already exists.
      ******************************************
      BOMLEV (  0) IS NOT REACHED. WRNLEV IS  5

          RESI BUTA         0.00
*** WARNING **** residue PENT already exists (old one deleted)

      ***** LEVEL  1 WARNING FROM <RTFRDR> *****
      ***** Residue already exists.
      ******************************************
      BOMLEV (  0) IS NOT REACHED. WRNLEV IS  5

          RESI PENT         0.00
*** WARNING **** residue HEXA already exists (old one deleted)

      ***** LEVEL  1 WARNING FROM <RTFRDR> *****
      ***** Residue already exists.
      ******************************************
      BOMLEV (  0) IS NOT REACHED. WRNLEV IS  5

          RESI HEXA         0.00
*** WARNING **** residue ETHE already exists (old one deleted)

      ***** LEVEL  1 WARNING FROM <RTFRDR> *****
      ***** Residue already exists.
      ******************************************
      BOMLEV (  0) IS NOT REACHED. WRNLEV IS  5

          RESI ETHE       0.00
*** WARNING **** residue PRPE already exists (old one deleted)

      ***** LEVEL  1 WARNING FROM <RTFRDR> *****
      ***** Residue already exists.
      ******************************************
      BOMLEV (  0) IS NOT REACHED. WRNLEV IS  5

          RESI PRPE       0.00
*** WARNING **** residue BTE1 already exists (old one deleted)

      ***** LEVEL  1 WARNING FROM <RTFRDR> *****
      ***** Residue already exists.
      ******************************************
      BOMLEV (  0) IS NOT REACHED. WRNLEV IS  5

          RESI BTE1       0.00
*** WARNING **** residue BTE2 already exists (old one deleted)

      ***** LEVEL  1 WARNING FROM <RTFRDR> *****
      ***** Residue already exists.
      ******************************************
      BOMLEV (  0) IS NOT REACHED. WRNLEV IS  5

          RESI BTE2       0.00
*** WARNING **** residue DIPE already exists (old one deleted)

      ***** LEVEL  1 WARNING FROM <RTFRDR> *****
      ***** Residue already exists.
      ******************************************
      BOMLEV (  0) IS NOT REACHED. WRNLEV IS  5

          RESI DIPE       0.00
*** WARNING **** residue DIHE already exists (old one deleted)

      ***** LEVEL  1 WARNING FROM <RTFRDR> *****
      ***** Residue already exists.
      ******************************************
      BOMLEV (  0) IS NOT REACHED. WRNLEV IS  5

          RESI DIHE       0.00
*** WARNING **** residue NC4  already exists (old one deleted)

      ***** LEVEL  1 WARNING FROM <RTFRDR> *****
      ***** Residue already exists.
      ******************************************
      BOMLEV (  0) IS NOT REACHED. WRNLEV IS  5

          RESI NC4          1.00
*** WARNING **** residue NC5  already exists (old one deleted)

      ***** LEVEL  1 WARNING FROM <RTFRDR> *****
      ***** Residue already exists.
      ******************************************
      BOMLEV (  0) IS NOT REACHED. WRNLEV IS  5

          RESI NC5          1.00
*** WARNING **** residue CHOL already exists (old one deleted)

      ***** LEVEL  1 WARNING FROM <RTFRDR> *****
      ***** Residue already exists.
      ******************************************
      BOMLEV (  0) IS NOT REACHED. WRNLEV IS  5

          RESI CHOL         1.00
*** WARNING **** residue ACHO already exists (old one deleted)

      ***** LEVEL  1 WARNING FROM <RTFRDR> *****
      ***** Residue already exists.
      ******************************************
      BOMLEV (  0) IS NOT REACHED. WRNLEV IS  5

          RESI ACHO         1.00
*** WARNING **** residue PC   already exists (old one deleted)

      ***** LEVEL  1 WARNING FROM <RTFRDR> *****
      ***** Residue already exists.
      ******************************************
      BOMLEV (  0) IS NOT REACHED. WRNLEV IS  5

          RESI PC           0.00
*** WARNING **** residue GPC  already exists (old one deleted)

      ***** LEVEL  1 WARNING FROM <RTFRDR> *****
      ***** Residue already exists.
      ******************************************
      BOMLEV (  0) IS NOT REACHED. WRNLEV IS  5

          RESI GPC          0.00
*** WARNING **** residue TEA  already exists (old one deleted)

      ***** LEVEL  1 WARNING FROM <RTFRDR> *****
      ***** Residue already exists.
      ******************************************
      BOMLEV (  0) IS NOT REACHED. WRNLEV IS  5

          RESI TEA          1.00
*** WARNING **** residue ETAM already exists (old one deleted)

      ***** LEVEL  1 WARNING FROM <RTFRDR> *****
      ***** Residue already exists.
      ******************************************
      BOMLEV (  0) IS NOT REACHED. WRNLEV IS  5

          RESI ETAM       1.00
*** WARNING **** residue GLYC already exists (old one deleted)

      ***** LEVEL  1 WARNING FROM <RTFRDR> *****
      ***** Residue already exists.
      ******************************************
      BOMLEV (  0) IS NOT REACHED. WRNLEV IS  5

          RESI GLYC         0.00
*** WARNING **** residue MBUT already exists (old one deleted)

      ***** LEVEL  1 WARNING FROM <RTFRDR> *****
      ***** Residue already exists.
      ******************************************
      BOMLEV (  0) IS NOT REACHED. WRNLEV IS  5

          RESI MBUT         0.00
 There were  25 warning(s) from RTFRDR.
  
 CHARMM>     
  
 CHARMM>    return
 VCLOSE: Closing unit   98 with status "KEEP"

                    RETURNING TO INPUT STREAM    99
  
 CHARMM>    stream toppar/toppar_all36_lipid_prot.str
 VOPEN> Attempting to open::toppar/toppar_all36_lipid_prot.str::
 OPNLGU> Unit 98 opened for READONLY access to toppar/toppar_all36_lipid_prot.str

                    INPUT STREAM SWITCHING TO UNIT    98
 RDTITL> * TOPOLOGY AND PARAMETERS FOR LIPID TAIL LINKERS TO CYSTEINE AND GLYCINE,
 RDTITL> * FOR EXAMPLE, PALMITOYLATION, MARISTOYLATION, FERNASYLATION, GERANYLATION
 RDTITL> *
 Parameter: IN1 <- "" <empty>
  
 CHARMM>     
  
 CHARMM>    read rtf card append
 MAINIO> Residue topology file being read from unit  98.
 RDTITL> * LIPID-MODIFIED PROTEIN RESIDUES
 RDTITL> *
  
 CHARMM>     
  
 CHARMM>    read para card append flex

          PARAMETER FILE BEING READ FROM UNIT 98
 RDTITL> * CYSTEIN-PALMITATE PARAMETERS
 RDTITL> *
 PARMIO> NONBOND, HBOND lists and IMAGE atoms cleared.
  
 CHARMM>     
  
 CHARMM>    return
 VCLOSE: Closing unit   98 with status "KEEP"

                    RETURNING TO INPUT STREAM    99
  
 CHARMM>    stream toppar/toppar_all36_lipid_tag.str
 VOPEN> Attempting to open::toppar/toppar_all36_lipid_tag.str::
 OPNLGU> Unit 98 opened for READONLY access to toppar/toppar_all36_lipid_tag.str

                    INPUT STREAM SWITCHING TO UNIT    98
 RDTITL> READ RTF CARD APPEND
 RDTITL> No title read.
 Parameter: IN1 <- "" <empty>
  
 CHARMM>    read rtf card append
 MAINIO> Residue topology file being read from unit  98.
 RDTITL> * TOPOLOGY FOR TRIACYLGLYCEROLS [STEPHEN GEE FROM LEHIGH UNIVERSITY]
 RDTITL> *
  
 VCLOSE: Closing unit   98 with status "KEEP"

                    RETURNING TO INPUT STREAM    99
  
 CHARMM>    stream toppar/toppar_all36_lipid_yeast.str
 VOPEN> Attempting to open::toppar/toppar_all36_lipid_yeast.str::
 OPNLGU> Unit 98 opened for READONLY access to toppar/toppar_all36_lipid_yeast.str

                    INPUT STREAM SWITCHING TO UNIT    98
 RDTITL> * TOPPAR STREAM FILE FOR BRANCHED AND CYCLIC CHAINED LIPIDS.  FOLLOWING READING OF
 RDTITL> * TOP_ALL36_LIPID.RTF
 RDTITL> * AND
 RDTITL> * PAR_ALL36_LIPID.RTF
 RDTITL> *
 Parameter: IN1 <- "" <empty>
  
 CHARMM>     
  
 CHARMM>    set nat ?NATC
 RDCMND substituted energy or value "?NATC" to "590"
 Parameter: NAT <- "590"
  
 CHARMM>    set app
 Parameter: APP <- "" <empty>
  
 CHARMM>    !We're exploiting what is arguably a bug in the parser. On the left hand side,
 CHARMM>    !the quotes have proirity, so NAT is correctly substituted. On the right hand
 CHARMM>    !side, the ? has priority and NATC" (sic) is not a valid substitution...
 CHARMM>    if "@NAT" ne "?NATC" if @nat ne 0 set app append
 Parameter: NAT -> "590"
 Parameter: NAT -> "590"
 RDCMND: can not substitute energy "?NATC""
 Comparing ""590"" and ""?NATC"".
 IF test evaluated as true.  Performing command
 Comparing "590" and "0".
 IF test evaluated as true.  Performing command
 Parameter: APP <- "APPEND"
  
 CHARMM>     
  
 CHARMM>    read rtf card @app
 Parameter: APP -> "APPEND"
 MAINIO> Residue topology file being read from unit  98.
 RDTITL> * CHOLESTEROL RESIDUES
 RDTITL> *
  
 CHARMM>     
  
 CHARMM>    read para card flex @app
 Parameter: APP -> "APPEND"

          PARAMETER FILE BEING READ FROM UNIT 98
 RDTITL> * NEW PARAMETERS
 RDTITL> *
 PARMIO> NONBOND, HBOND lists and IMAGE atoms cleared.
  
 CHARMM>     
  
 CHARMM>    return
 VCLOSE: Closing unit   98 with status "KEEP"

                    RETURNING TO INPUT STREAM    99
  
 CHARMM>    stream toppar/toppar_all36_lipid_hmmm.str
 VOPEN> Attempting to open::toppar/toppar_all36_lipid_hmmm.str::
 OPNLGU> Unit 98 opened for READONLY access to toppar/toppar_all36_lipid_hmmm.str

                    INPUT STREAM SWITCHING TO UNIT    98
 RDTITL> READ RTF CARD APPEND FLEX
 RDTITL> No title read.
 Parameter: IN1 <- "" <empty>
  
 CHARMM>    read rtf card append flex
 MAINIO> Residue topology file being read from unit  98.
 RDTITL> * TOPOLOGY FOR TERMINAL PATCHES FOR HMMM TRUNCATED LIPIDS
 RDTITL> *

      ***** LEVEL  1 WARNING FROM <DECODF> *****
      ***** Zero length string
      ******************************************
      BOMLEV (  0) IS NOT REACHED. WRNLEV IS  5

 WARNING from DECODF -- Zero length string being converted to 0.

      ***** LEVEL  1 WARNING FROM <DECODF> *****
      ***** Zero length string
      ******************************************
      BOMLEV (  0) IS NOT REACHED. WRNLEV IS  5

 WARNING from DECODF -- Zero length string being converted to 0.

      ***** LEVEL  1 WARNING FROM <DECODF> *****
      ***** Zero length string
      ******************************************
      BOMLEV (  0) IS NOT REACHED. WRNLEV IS  5

 WARNING from DECODF -- Zero length string being converted to 0.

      ***** LEVEL  1 WARNING FROM <DECODF> *****
      ***** Zero length string
      ******************************************
      BOMLEV (  0) IS NOT REACHED. WRNLEV IS  5

 WARNING from DECODF -- Zero length string being converted to 0.

      ***** LEVEL  1 WARNING FROM <DECODF> *****
      ***** Zero length string
      ******************************************
      BOMLEV (  0) IS NOT REACHED. WRNLEV IS  5

 WARNING from DECODF -- Zero length string being converted to 0.

      ***** LEVEL  1 WARNING FROM <DECODF> *****
      ***** Zero length string
      ******************************************
      BOMLEV (  0) IS NOT REACHED. WRNLEV IS  5

 WARNING from DECODF -- Zero length string being converted to 0.

      ***** LEVEL  1 WARNING FROM <DECODF> *****
      ***** Zero length string
      ******************************************
      BOMLEV (  0) IS NOT REACHED. WRNLEV IS  5

 WARNING from DECODF -- Zero length string being converted to 0.

      ***** LEVEL  1 WARNING FROM <DECODF> *****
      ***** Zero length string
      ******************************************
      BOMLEV (  0) IS NOT REACHED. WRNLEV IS  5

 WARNING from DECODF -- Zero length string being converted to 0.
  
 CHARMM>     
  
 CHARMM>    read para card flex @app
 Parameter: APP -> "APPEND"

          PARAMETER FILE BEING READ FROM UNIT 98
 RDTITL> * NEW PARAMETERS
 RDTITL> *
 PARMIO> NONBOND, HBOND lists and IMAGE atoms cleared.
  
 CHARMM>     
  
 CHARMM>    return
 VCLOSE: Closing unit   98 with status "KEEP"

                    RETURNING TO INPUT STREAM    99
  
 CHARMM>    stream toppar/toppar_all36_lipid_detergent.str
 VOPEN> Attempting to open::toppar/toppar_all36_lipid_detergent.str::
 OPNLGU> Unit 98 opened for READONLY access to toppar/toppar_all36_lipid_detergent.str

                    INPUT STREAM SWITCHING TO UNIT    98
 RDTITL> * TOPPAR STREAM FILE FOR DETERGENTS AND FATTY ACIDS.
 RDTITL> * STREAM FOLLOWING READING OF
 RDTITL> * TOP_ALL36_LIPID.RTF
 RDTITL> * AND
 RDTITL> * PAR_ALL36_LIPID.RTF
 RDTITL> *
 Parameter: IN1 <- "" <empty>
  
 CHARMM>     
  
 CHARMM>    !Additional residues added by Im lab, Aug. 2017
 CHARMM>     
  
 CHARMM>    !Fatty acids added Jan. 2016
 CHARMM>     
  
 CHARMM>    read rtf card append
 MAINIO> Residue topology file being read from unit  98.
 RDTITL> * DETERGENT AND FATTY ACID RESIDUES
 RDTITL> *
  
 CHARMM>     
  
 CHARMM>    read para card append flex

          PARAMETER FILE BEING READ FROM UNIT 98
 RDTITL> * SB3-12 AND SB3-14 PARAMETERS
 RDTITL> *
 PARMIO> NONBOND, HBOND lists and IMAGE atoms cleared.
  
 CHARMM>     
  
 CHARMM>    return
 VCLOSE: Closing unit   98 with status "KEEP"

                    RETURNING TO INPUT STREAM    99
  
 CHARMM>    stream toppar/toppar_all36_lipid_ether.str
 VOPEN> Attempting to open::toppar/toppar_all36_lipid_ether.str::
 OPNLGU> Unit 98 opened for READONLY access to toppar/toppar_all36_lipid_ether.str

                    INPUT STREAM SWITCHING TO UNIT    98
 RDTITL> * CHARMM36 ALL-HYDROGEN ETHER LIPID FORCE FIELD INCLUDING PLASMALOGENS ALISON
 RDTITL> * N. LEONARD (A. L.), 7/18 WITH RICHARD PASTOR AND JEFFERY KLAUDA, JPCB 122(26)
 RDTITL> * PP. 6744 - 6754.  ANA WEST, 1/20 WITH VALERIA ZONI, WALTER TEAGUE JR., ALISON
 RDTITL> * LEONARD, STEFANO VANNI, KLAUS GAWRISCH, STEPHANIE TRISTAM-NAGLE, JONATHAN
 RDTITL> * SACHS, AND JEFFERY KLAUDA, JPCB 124(5) PP. 828 - 839.
 RDTITL> *
 Parameter: IN1 <- "" <empty>
  
 CHARMM>     
  
 CHARMM>    !Parent files that have to be read prior to streaming this file
 CHARMM>    !top_all36_lipid.rtf
 CHARMM>    !par_all36_lipid.prm
 CHARMM>    !top_all36_cgenff.rtf
 CHARMM>    !par_all36_cgenff.prm
 CHARMM>     
  
 CHARMM>    read rtf card append
 MAINIO> Residue topology file being read from unit  98.
 RDTITL> * C36 ETHER MODEL COMPOUNDS
 RDTITL> *

      ***** LEVEL  1 WARNING FROM <DECODF> *****
      ***** Zero length string
      ******************************************
      BOMLEV (  0) IS NOT REACHED. WRNLEV IS  5

 WARNING from DECODF -- Zero length string being converted to 0.

      ***** LEVEL  1 WARNING FROM <DECODF> *****
      ***** Zero length string
      ******************************************
      BOMLEV (  0) IS NOT REACHED. WRNLEV IS  5

 WARNING from DECODF -- Zero length string being converted to 0.

      ***** LEVEL  1 WARNING FROM <DECODF> *****
      ***** Zero length string
      ******************************************
      BOMLEV (  0) IS NOT REACHED. WRNLEV IS  5

 WARNING from DECODF -- Zero length string being converted to 0.
  
 CHARMM>     
  
 CHARMM>    read para card flex append

          PARAMETER FILE BEING READ FROM UNIT 98
 RDTITL> * PARAMETERS
 RDTITL> *
 PARMIO> NONBOND, HBOND lists and IMAGE atoms cleared.
  
 CHARMM>     
  
 CHARMM>    return
 VCLOSE: Closing unit   98 with status "KEEP"

                    RETURNING TO INPUT STREAM    99
  
 CHARMM>    stream toppar/toppar_all36_lipid_oxidized.str
 VOPEN> Attempting to open::toppar/toppar_all36_lipid_oxidized.str::
 OPNLGU> Unit 98 opened for READONLY access to toppar/toppar_all36_lipid_oxidized.str

                    INPUT STREAM SWITCHING TO UNIT    98
 RDTITL> READ RTF CARD APPEND
 RDTITL> No title read.
 Parameter: IN1 <- "" <empty>
  
 CHARMM>    read rtf card append
 MAINIO> Residue topology file being read from unit  98.
 RDTITL> * TOPOLOGY FOR OXIDIZED PHOSPHOLIPID
 RDTITL> *

      ***** LEVEL  1 WARNING FROM <rtfrdr> *****
      ***** No AUTOgen defaults specified in appended RTF. Potential conflict with prior RTF autogen options. Check.
      ******************************************
      BOMLEV (  0) IS NOT REACHED. WRNLEV IS  5

  
 CHARMM>     
  
 CHARMM>    read param card flex append

          PARAMETER FILE BEING READ FROM UNIT 98
 RDTITL> * ADDITIONAL PARAMETERS FOR OXIDIZED PHOSPHOLIPIDS
 RDTITL> *
 PARMIO> NONBOND, HBOND lists and IMAGE atoms cleared.
  
 CHARMM>     
  
 CHARMM>    RETURN
 VCLOSE: Closing unit   98 with status "KEEP"

                    RETURNING TO INPUT STREAM    99
  
 CHARMM>     
  
 CHARMM>    ! Additional topologies and parameters for carbohydrates
 CHARMM>    stream toppar/toppar_all36_carb_glycolipid.str
 VOPEN> Attempting to open::toppar/toppar_all36_carb_glycolipid.str::
 OPNLGU> Unit 98 opened for READONLY access to toppar/toppar_all36_carb_glycolipid.str

                    INPUT STREAM SWITCHING TO UNIT    98
 RDTITL> READ RTF CARD APPEND
 RDTITL> No title read.
 Parameter: IN1 <- "" <empty>
  
 CHARMM>    read rtf card append
 MAINIO> Residue topology file being read from unit  98.
 RDTITL> * TOPOLOGY FOR GLYCOLIPIDS
 RDTITL> *
  
 CHARMM>     
  
 CHARMM>    read param card flex append

          PARAMETER FILE BEING READ FROM UNIT 98
 RDTITL> * PIP RELATED PARAMETERS
 RDTITL> *
 PARMIO> NONBOND, HBOND lists and IMAGE atoms cleared.
  
 CHARMM>     
  
 CHARMM>    RETURN
 VCLOSE: Closing unit   98 with status "KEEP"

                    RETURNING TO INPUT STREAM    99
  
 CHARMM>    stream toppar/toppar_all36_carb_glycopeptide.str
 VOPEN> Attempting to open::toppar/toppar_all36_carb_glycopeptide.str::
 OPNLGU> Unit 98 opened for READONLY access to toppar/toppar_all36_carb_glycopeptide.str

                    INPUT STREAM SWITCHING TO UNIT    98
 RDTITL> READ RTF CARD APPEND
 RDTITL> No title read.
 Parameter: IN1 <- "" <empty>
  
 CHARMM>    read rtf card append
 MAINIO> Residue topology file being read from unit  98.
 RDTITL> * TOPOLOGY FOR GLYCOPEPTIDE LINKAGES
 RDTITL> *
  
 CHARMM>     
  
 CHARMM>    read param card flex append

          PARAMETER FILE BEING READ FROM UNIT 98
 RDTITL> *    NEW PARAMETES
 RDTITL> *
 PARMIO> NONBOND, HBOND lists and IMAGE atoms cleared.
  
 CHARMM>     
  
 CHARMM>     
  
 CHARMM>    RETURN
 VCLOSE: Closing unit   98 with status "KEEP"

                    RETURNING TO INPUT STREAM    99
  
 CHARMM>    stream toppar/toppar_all36_carb_imlab.str
 VOPEN> Attempting to open::toppar/toppar_all36_carb_imlab.str::
 OPNLGU> Unit 98 opened for READONLY access to toppar/toppar_all36_carb_imlab.str

                    INPUT STREAM SWITCHING TO UNIT    98
 RDTITL> READ RTF CARD APPEND
 RDTITL> No title read.
 Parameter: IN1 <- "" <empty>
  
 CHARMM>    read rtf card append
 MAINIO> Residue topology file being read from unit  98.
 RDTITL> * GLYCAN CHEMICAL MODIFICATION PATCHES
 RDTITL> *
  
 CHARMM>     
  
 CHARMM>    read param card flex append

          PARAMETER FILE BEING READ FROM UNIT 98
 RDTITL> * GLYCAN CHEMICAL MODIFICATION PATCHES
 RDTITL> *
 PARMIO> NONBOND, HBOND lists and IMAGE atoms cleared.
  
 CHARMM>     
  
 CHARMM>    RETURN
 VCLOSE: Closing unit   98 with status "KEEP"

                    RETURNING TO INPUT STREAM    99
  
 CHARMM>     
  
 CHARMM>    ! Additional topologies and parameters for spin/fluorophore labels
 CHARMM>    stream toppar/toppar_all36_label_spin.str
 VOPEN> Attempting to open::toppar/toppar_all36_label_spin.str::
 OPNLGU> Unit 98 opened for READONLY access to toppar/toppar_all36_label_spin.str

                    INPUT STREAM SWITCHING TO UNIT    98
 RDTITL> *>>>>> TOPOLOGY FOR NITROXYDE SPIN LABELS <<<<<<<
 RDTITL> * SHAHIDUL M. ISLAM, UNIVERSITY OF CHICAGO
 RDTITL> *
 Parameter: IN1 <- "" <empty>
  
 CHARMM>     
  
 CHARMM>    ! please reference the following:
 CHARMM>    !Sezer, D., Freed J. H., and Roux, B. “Parametrization, Molecular Dynamics Simulation, and Calculation of Electron Spin
 CHARMM>    !Resonance Spectra of a Nitroxide Spin Label on a Polyalanine alpha-Helix” J. Phys. Chem. B 2008, 112, 5755-5767
 CHARMM>     
  
 CHARMM>    !Islam, S. M., and Roux, B. “Parameterization and molecular dynamics simulations of a
 CHARMM>    !conformationally constrained double linked spin label constrained by EPR/DEER data”
 CHARMM>    !(planed submission to J journal)
 CHARMM>     
  
 CHARMM>    !test "append" to determine if previous toppar files have been read and
 CHARMM>    !add append to "read rtf card" if true
 CHARMM>    set nat ?NATC
 RDCMND substituted energy or value "?NATC" to "590"
 Parameter: NAT <- "590"
  
 CHARMM>    set app
 Parameter: APP <- "" <empty>
  
 CHARMM>    !We're exploiting what is arguably a bug in the parser. On the left hand side,
 CHARMM>    !the quotes have proirity, so NAT is correctly substituted. On the right hand
 CHARMM>    !side, the ? has priority and NATC" (sic) is not a valid substitution...
 CHARMM>    if "@NAT" ne "?NATC" if @nat ne 0 set app append
 Parameter: NAT -> "590"
 Parameter: NAT -> "590"
 RDCMND: can not substitute energy "?NATC""
 Comparing ""590"" and ""?NATC"".
 IF test evaluated as true.  Performing command
 Comparing "590" and "0".
 IF test evaluated as true.  Performing command
 Parameter: APP <- "APPEND"
  
 CHARMM>     
  
 CHARMM>     
  
 CHARMM>    read rtf card @app
 Parameter: APP -> "APPEND"
 MAINIO> Residue topology file being read from unit  98.
 RDTITL> * TOPOLOGY FOR SPIN LABEL
 RDTITL> *
  
 CHARMM>     
  
 CHARMM>     
  
 CHARMM>    read para card flex @app
 Parameter: APP -> "APPEND"

          PARAMETER FILE BEING READ FROM UNIT 98
 RDTITL> * PARAMETERS FOR SPIN LABEL
 RDTITL> *
 PARMIO> NONBOND, HBOND lists and IMAGE atoms cleared.
  
 CHARMM>     
  
 CHARMM>    return
 VCLOSE: Closing unit   98 with status "KEEP"

                    RETURNING TO INPUT STREAM    99
  
 CHARMM>    stream toppar/toppar_all36_label_fluorophore.str
 VOPEN> Attempting to open::toppar/toppar_all36_label_fluorophore.str::
 OPNLGU> Unit 98 opened for READONLY access to toppar/toppar_all36_label_fluorophore.str

                    INPUT STREAM SWITCHING TO UNIT    98
 RDTITL> READ RTF CARD APPEND
 RDTITL> No title read.
 Parameter: IN1 <- "" <empty>
  
 CHARMM>    read rtf card append
 MAINIO> Residue topology file being read from unit  98.
 RDTITL> * TOPOLOGY FILES
 RDTITL> *
  
 CHARMM>     
  
 CHARMM>    read param card flex append

          PARAMETER FILE BEING READ FROM UNIT 98
 RDTITL> * MINI FORCE FIELD PARAMETER FILE.
 RDTITL> *
 PARMIO> NONBOND, HBOND lists and IMAGE atoms cleared.
  
 CHARMM>     
  
 VCLOSE: Closing unit   98 with status "KEEP"

                    RETURNING TO INPUT STREAM    99
  
 CHARMM>     
  
 CHARMM>     
  
 CHARMM>     
  
 VCLOSE: Closing unit   99 with status "KEEP"

                    RETURNING TO INPUT STREAM     5
  
 CHARMM>     
  
 CHARMM>    ! Custom topology and parameter files for lig
 CHARMM>    open read card unit 10 name lig/lig.rtf
 OPNLGU> Unit already open. The old file will be closed first.
 VCLOSE: Closing unit   10 with status "KEEP"
 VOPEN> Attempting to open::lig/lig.rtf::
 OPNLGU> Unit 10 opened for READONLY access to lig/lig.rtf
  
 CHARMM>    read  rtf card unit 10 append
 MAINIO> Residue topology file being read from unit  10.
 TITLE> * TOPOLOGIES GENERATED BY
 TITLE> * CHARMM GENERAL FORCE FIELD (CGENFF) PROGRAM VERSION 3.0
 TITLE> *

      ***** LEVEL  1 WARNING FROM <rtfrdr> *****
      ***** No AUTOgen defaults specified in appended RTF. Potential conflict with prior RTF autogen options. Check.
      ******************************************
      BOMLEV (  0) IS NOT REACHED. WRNLEV IS  5

  
 CHARMM>     
  
 CHARMM>    open read card unit 20 name lig/lig.prm
 OPNLGU> Unit already open. The old file will be closed first.
 VCLOSE: Closing unit   20 with status "KEEP"
 VOPEN> Attempting to open::lig/lig.prm::
 OPNLGU> Unit 20 opened for READONLY access to lig/lig.prm
  
 CHARMM>    read para flex card unit 20 append

          PARAMETER FILE BEING READ FROM UNIT 20
 TITLE> * PARAMETERS GENERATED BY ANALOGY BY
 TITLE> * CHARMM GENERAL FORCE FIELD (CGENFF) PROGRAM VERSION 3.0
 TITLE> *
 PARRDR> Error: Repeated BOND parameter (  1247): CG31  NG31 is replaced
 PARRDR> Error: Repeated ANGLE parameter (  4057): CG2O  CG31  NG31 is replaced
 PARRDR> Error: Repeated ANGLE parameter (  4135): CG32  CG31  NG31 is replaced
 PARRDR> Error: Repeated ANGLE parameter (  4125): NG31  CG31  HGA1 is replaced
 PARRDR> Error: Repeated ANGLE parameter (  4156): CG31  CG32  NG31 is replaced
 PARRDR> Error: Repeated ANGLE parameter (  4133): CG31  NG31  CG32 is replaced
 PARRDR> Error: Repeated ANGLE parameter (  4106): CG31  NG31  HGPA is replaced
 PARRDR> Error: Repeated DIHE parameter ( 11485): NG2S  CG2O  CG31  NG31 is replaced
 PARRDR> Error: Repeated DIHE parameter ( 11522): OG2D  CG2O  CG31  NG31 is replaced
 PARRDR> Error: Repeated DIHE parameter ( 11535): OG31  CG2O  CG32  CG32 is replaced
 PARRDR> Error: Repeated DIHE parameter ( 11980): CG32  CG31  CG32  NG31 is replaced
 PARRDR> Error: Repeated DIHE parameter ( 12247): NG2S  CG31  CG32  NG31 is replaced
 PARRDR> Error: Repeated DIHE parameter ( 11321): NG31  CG31  CG32  HGA2 is replaced
 PARRDR> Error: Repeated DIHE parameter ( 11969): HGA1  CG31  CG32  NG31 is replaced
 PARRDR> Error: Repeated DIHE parameter ( 11229): CG2O  CG31  NG31  CG32 is replaced
 PARRDR> Error: Repeated DIHE parameter ( 11230): CG2O  CG31  NG31  CG32 is replaced
 PARRDR> Error: Repeated DIHE parameter ( 11231): CG2O  CG31  NG31  CG32 is replaced
 PARRDR> Error: Repeated DIHE parameter ( 11229): CG2O  CG31  NG31  CG32 is replaced
 PARRDR> Error: Repeated DIHE parameter ( 11230): CG2O  CG31  NG31  CG32 is replaced
 PARRDR> Error: Repeated DIHE parameter ( 11231): CG2O  CG31  NG31  CG32 is replaced
 PARRDR> Error: Repeated DIHE parameter ( 11229): CG2O  CG31  NG31  CG32 is replaced
 PARRDR> Error: Repeated DIHE parameter ( 11230): CG2O  CG31  NG31  CG32 is replaced
 PARRDR> Error: Repeated DIHE parameter ( 11231): CG2O  CG31  NG31  CG32 is replaced
 PARRDR> Error: Repeated DIHE parameter ( 11267): CG2O  CG31  NG31  HGPA is replaced
 PARRDR> Error: Repeated DIHE parameter ( 11267): CG2O  CG31  NG31  HGPA is replaced
 PARRDR> Error: Repeated DIHE parameter ( 11267): CG2O  CG31  NG31  HGPA is replaced
 PARRDR> Error: Repeated DIHE parameter ( 11205): CG32  CG31  NG31  CG32 is replaced
 PARRDR> Error: Repeated DIHE parameter ( 11206): CG32  CG31  NG31  CG32 is replaced
 PARRDR> Error: Repeated DIHE parameter ( 11207): CG32  CG31  NG31  CG32 is replaced
 PARRDR> Error: Repeated DIHE parameter ( 11205): CG32  CG31  NG31  CG32 is replaced
 PARRDR> Error: Repeated DIHE parameter ( 11206): CG32  CG31  NG31  CG32 is replaced
 PARRDR> Error: Repeated DIHE parameter ( 11207): CG32  CG31  NG31  CG32 is replaced
 PARRDR> Error: Repeated DIHE parameter ( 11205): CG32  CG31  NG31  CG32 is replaced
 PARRDR> Error: Repeated DIHE parameter ( 11206): CG32  CG31  NG31  CG32 is replaced
 PARRDR> Error: Repeated DIHE parameter ( 11207): CG32  CG31  NG31  CG32 is replaced
 PARRDR> Error: Repeated DIHE parameter ( 11539): CG32  CG31  NG31  HGPA is replaced
 PARRDR> Error: Repeated DIHE parameter ( 11478): HGA1  CG31  NG31  CG32 is replaced
 PARRDR> Error: Repeated DIHE parameter ( 11165): HGA1  CG31  NG31  HGPA is replaced
 PARRDR> Error: Repeated DIHE parameter ( 11970): CG31  CG32  NG31  HGPA is replaced
 PARRDR> Error: Repeated DIHE parameter ( 11402): HGA2  CG32  NG31  CG31 is replaced
 PARMIO> NONBOND, HBOND lists and IMAGE atoms cleared.
  
 CHARMM>     
  
 CHARMM>    bomlev -1
  
 CHARMM>    ! Generate sequence
 CHARMM>    read sequence lig 1
  
 CHARMM>    generate lig first none last none setup
 NO PATCHING WILL BE DONE ON THE FIRST RESIDUE
 NO PATCHING WILL BE DONE ON THE LAST  RESIDUE
 AUTGEN: Autogenerating specified angles and dihedrals.
 GENPSF> Segment   1 has been generated. Its identifier is LIG.
 PSFSUM> PSF modified: NONBOND lists and IMAGE atoms cleared.
 PSFSUM> Summary of the structure file counters :
         Number of segments      =        1   Number of residues   =        1
         Number of atoms         =      130   Number of groups     =        1
         Number of bonds         =      130   Number of angles     =      235
         Number of dihedrals     =      338   Number of impropers  =        8
         Number of cross-terms   =        0   Number of autogens   =        0
         Number of HB acceptors  =        0   Number of HB donors  =        0
         Number of NB exclusions =        0   Total charge =    2.00000
 QXFORM> Expanded format used.
         More than 4 character atom type used.
  
 CHARMM>     
  
 CHARMM>     
  
 CHARMM>    open read card unit 10 name upload.crd
 OPNLGU> Unit already open. The old file will be closed first.
 VCLOSE: Closing unit   10 with status "KEEP"
 VOPEN> Attempting to open::upload.crd::
 OPNLGU> Unit 10 opened for READONLY access to upload.crd
  
 CHARMM>    read coor card unit 10
          SPATIAL COORDINATES BEING READ FROM UNIT 10
 TITLE> * GENERATED BY CHARMM-GUI (HTTP://WWW.CHARMM-GUI.ORG)
 TITLE> *
 ** WARNING ** After reading, there are no coordinates for selected atom:    60     1 LIG      H1      
 ** WARNING ** After reading, there are no coordinates for selected atom:    61     1 LIG      H2      
 ** WARNING ** After reading, there are no coordinates for selected atom:    62     1 LIG      H3      
 ** WARNING ** After reading, there are no coordinates for selected atom:    63     1 LIG      H4      
 ** WARNING ** After reading, there are no coordinates for selected atom:    64     1 LIG      H5      
 ** WARNING ** After reading, there are no coordinates for selected atom:    65     1 LIG      H6      
 ** WARNING ** After reading, there are no coordinates for selected atom:    66     1 LIG      H7      
 ** WARNING ** After reading, there are no coordinates for selected atom:    67     1 LIG      H8      
 ** WARNING ** After reading, there are no coordinates for selected atom:    68     1 LIG      H9      
 ** WARNING ** After reading, there are no coordinates for selected atom:    69     1 LIG      H10     

 ** A total of    71 selected atoms have no coordinates
 *** LEVEL  2 WARNING *** BOMLEV IS   -1
  
 CHARMM>    bomlev 0
  
 CHARMM>     
  
 CHARMM>    define fixed sele ( INIT ) .and. ( .not. hydrogen ) end
 SELRPN>     59 atoms have been selected out of    130
  
 CHARMM>     
  
 CHARMM>    !Print heavy atoms with unknown coordinates
 CHARMM>    coor print sele ( .not. INIT ) .and. ( .not. hydrogen ) end
 SELRPN>      0 atoms have been selected out of    130

      ***** LEVEL  2 WARNING FROM <COORIO> *****
      ***** ZERO ATOMS SPECIFIED TO WRITE. NO FILE CREATED
      ******************************************
      BOMLEV (  0) IS NOT REACHED. WRNLEV IS  5

  
 CHARMM>     
  
 CHARMM>     
  
 CHARMM>    ! try IC GENERATE  if there are unknown coordinate
 CHARMM>    define XXX sele .not. INIT show end
 The following atoms are currently set:
SEGId RESId RESName  .. TYPEs ..
 LIG      1        LIG H1 H2 H3 H4 H5 H6 H7 H8 H9 H10 H11 H12 H13 H14 H15 H16 H17 H18 H19 H20 H21 H22 H23 H24 H25 H26 H27     
  H28 H29 H30 H31 H32 H33 H34 H35 H36 H37 H38 H39 H40 H41 H42 H43 H44 H45 H46 H47 H48 H49 H50 H51 H52 H53 H54 H55 H56 H57     
  H58 H59 H60 H61 H62 H63 H64 H65 H66 H67 H68 H69 H70 H71     
 SELRPN>     71 atoms have been selected out of    130
  
 CHARMM>    if ?nsel .gt. 0 then
 RDCMND substituted energy or value "?NSEL" to "71"
 Comparing "71" and "0".
 IF test evaluated as true.  Performing command
  
 CHARMM>       ic generate

               Generation complete. New IC table entries:

        N      I             J             K             L        R(I(J/K)) T(I(JK/KJ)) PHI   T(JKL)   R(KL)

        1     1 H10         1 C1          1 *N1         1 H1         0.0000    0.00  120.00    0.00   0.0000
        2     1 H10         1 C1          1 *N1         1 H3         0.0000    0.00 -120.00    0.00   0.0000
        3     1 H10         1 N1          1 C1          1 C8         0.0000    0.00  180.00    0.00   0.0000
        4     1 C8          1 N1          1 *C1         1 C9         0.0000    0.00  120.00    0.00   0.0000
        5     1 C9          1 N1          1 *C1         1 H17        0.0000    0.00 -120.00    0.00   0.0000
        6     1 N1          1 C1          1 C8          1 N5         0.0000    0.00  180.00    0.00   0.0000
        7     1 N5          1 C1          1 *C8         1 O1         0.0000    0.00  180.00    0.00   0.0000
        8     1 C1          1 C8          1 N5          1 C2         0.0000    0.00  180.00    0.00   0.0000
        9     1 C2          1 C8          1 *N5         1 H9         0.0000    0.00  180.00    0.00   0.0000
       10     1 C8          1 N5          1 C2          1 C35        0.0000    0.00  180.00    0.00   0.0000
       11     1 C35         1 N5          1 *C2         1 C10        0.0000    0.00  120.00    0.00   0.0000
       12     1 C35         1 N5          1 *C2         1 H18        0.0000    0.00 -120.00    0.00   0.0000
       13     1 N1          1 C1          1 C9          1 C16        0.0000    0.00  180.00    0.00   0.0000
       14     1 C16         1 C1          1 *C9         1 H24        0.0000    0.00  120.00    0.00   0.0000
       15     1 C16         1 C1          1 *C9         1 H25        0.0000    0.00 -120.00    0.00   0.0000
       16     1 N5          1 C2          1 C10         1 C17        0.0000    0.00  180.00    0.00   0.0000
       17     1 C17         1 C2          1 *C10        1 C18        0.0000    0.00  120.00    0.00   0.0000
       18     1 C17         1 C2          1 *C10        1 H26        0.0000    0.00 -120.00    0.00   0.0000
       19     1 C1          1 C9          1 C16         1 C23        0.0000    0.00  180.00    0.00   0.0000
       20     1 C23         1 C9          1 *C16        1 H38        0.0000    0.00  120.00    0.00   0.0000
       21     1 C23         1 C9          1 *C16        1 H39        0.0000    0.00 -120.00    0.00   0.0000
       22     1 C9          1 C16         1 C23         1 N2         0.0000    0.00  180.00    0.00   0.0000
       23     1 N2          1 C16         1 *C23        1 H51        0.0000    0.00  120.00    0.00   0.0000
       24     1 N2          1 C16         1 *C23        1 H52        0.0000    0.00 -120.00    0.00   0.0000
       25     1 C16         1 C23         1 N2          1 C33        0.0000    0.00  180.00    0.00   0.0000
       26     1 C33         1 C23         1 *N2         1 H4         0.0000    0.00  180.00    0.00   0.0000
       27     1 C23         1 N2          1 C33         1 N4         0.0000    0.00  180.00    0.00   0.0000
       28     1 N4          1 N2          1 *C33        1 N3         0.0000    0.00  180.00    0.00   0.0000
       29     1 N5          1 C2          1 C35         1 N6         0.0000    0.00  180.00    0.00   0.0000
       30     1 N6          1 C2          1 *C35        1 O4         0.0000    0.00  180.00    0.00   0.0000
       31     1 C2          1 C35         1 N6          1 C3         0.0000    0.00  180.00    0.00   0.0000
       32     1 C3          1 C35         1 *N6         1 H2         0.0000    0.00  180.00    0.00   0.0000
       33     1 C35         1 N6          1 C3          1 C36        0.0000    0.00  180.00    0.00   0.0000
       34     1 C36         1 N6          1 *C3         1 C11        0.0000    0.00  120.00    0.00   0.0000
       35     1 C11         1 N6          1 *C3         1 H19        0.0000    0.00 -120.00    0.00   0.0000
       36     1 N6          1 C3          1 C11         1 C19        0.0000    0.00  180.00    0.00   0.0000
       37     1 C19         1 C3          1 *C11        1 H27        0.0000    0.00  120.00    0.00   0.0000
       38     1 C19         1 C3          1 *C11        1 H28        0.0000    0.00 -120.00    0.00   0.0000
       39     1 C3          1 C11         1 C19         1 C27        0.0000    0.00  180.00    0.00   0.0000
       40     1 C27         1 C11         1 *C19        1 C25        0.0000    0.00  120.00    0.00   0.0000
       41     1 C27         1 C11         1 *C19        1 H46        0.0000    0.00 -120.00    0.00   0.0000
       42     1 N6          1 C3          1 C36         1 N7         0.0000    0.00  180.00    0.00   0.0000
       43     1 N7          1 C3          1 *C36        1 H70        0.0000    0.00  120.00    0.00   0.0000
       44     1 H70         1 C3          1 *C36        1 H71        0.0000    0.00 -120.00    0.00   0.0000
       45     1 C3          1 C36         1 N7          1 C4         0.0000    0.00  180.00    0.00   0.0000
       46     1 C4          1 C36         1 *N7         1 H11        0.0000    0.00  180.00    0.00   0.0000
       47     1 C36         1 N7          1 C4          1 C37        0.0000    0.00  180.00    0.00   0.0000
       48     1 C37         1 N7          1 *C4         1 C12        0.0000    0.00  120.00    0.00   0.0000
       49     1 C37         1 N7          1 *C4         1 H20        0.0000    0.00 -120.00    0.00   0.0000
       50     1 N7          1 C4          1 C12         1 C20        0.0000    0.00  180.00    0.00   0.0000
       51     1 C20         1 C4          1 *C12        1 H29        0.0000    0.00  120.00    0.00   0.0000
       52     1 H29         1 C4          1 *C12        1 H30        0.0000    0.00 -120.00    0.00   0.0000
       53     1 C4          1 C12         1 C20         1 C24        0.0000    0.00  180.00    0.00   0.0000
       54     1 C24         1 C12         1 *C20        1 C26        0.0000    0.00  180.00    0.00   0.0000
       55     1 C12         1 C20         1 C24         1 C31        0.0000    0.00  180.00    0.00   0.0000
       56     1 C31         1 C20         1 *C24        1 H53        0.0000    0.00  180.00    0.00   0.0000
       57     1 C12         1 C20         1 C26         1 C32        0.0000    0.00  180.00    0.00   0.0000
       58     1 C32         1 C20         1 *C26        1 H57        0.0000    0.00  180.00    0.00   0.0000
       59     1 C20         1 C26         1 C32         1 C34        0.0000    0.00  180.00    0.00   0.0000
       60     1 C34         1 C26         1 *C32        1 H67        0.0000    0.00  180.00    0.00   0.0000
       61     1 N7          1 C4          1 C37         1 N8         0.0000    0.00  180.00    0.00   0.0000
       62     1 N8          1 C4          1 *C37        1 O5         0.0000    0.00  180.00    0.00   0.0000
       63     1 C4          1 C37         1 N8          1 C5         0.0000    0.00  180.00    0.00   0.0000
       64     1 C5          1 C37         1 *N8         1 H12        0.0000    0.00  180.00    0.00   0.0000
       65     1 C37         1 N8          1 C5          1 C38        0.0000    0.00  180.00    0.00   0.0000
       66     1 C38         1 N8          1 *C5         1 C13        0.0000    0.00  120.00    0.00   0.0000
       67     1 C13         1 N8          1 *C5         1 H21        0.0000    0.00 -120.00    0.00   0.0000
       68     1 N8          1 C5          1 C13         1 C21        0.0000    0.00  180.00    0.00   0.0000
       69     1 C21         1 C5          1 *C13        1 H31        0.0000    0.00  120.00    0.00   0.0000
       70     1 C21         1 C5          1 *C13        1 H32        0.0000    0.00 -120.00    0.00   0.0000
       71     1 C5          1 C13         1 C21         1 C28        0.0000    0.00  180.00    0.00   0.0000
       72     1 C28         1 C13         1 *C21        1 H47        0.0000    0.00  120.00    0.00   0.0000
       73     1 C28         1 C13         1 *C21        1 H48        0.0000    0.00 -120.00    0.00   0.0000
       74     1 C13         1 C21         1 C28         1 O2         0.0000    0.00  180.00    0.00   0.0000
       75     1 O2          1 C21         1 *C28        1 O3         0.0000    0.00  180.00    0.00   0.0000
       76     1 N8          1 C5          1 C38         1 N9         0.0000    0.00  180.00    0.00   0.0000
       77     1 N9          1 C5          1 *C38        1 O6         0.0000    0.00  180.00    0.00   0.0000
       78     1 C5          1 C38         1 N9          1 C6         0.0000    0.00  180.00    0.00   0.0000
       79     1 C6          1 C38         1 *N9         1 H13        0.0000    0.00  180.00    0.00   0.0000
       80     1 C38         1 N9          1 C6          1 C39        0.0000    0.00  180.00    0.00   0.0000
       81     1 C39         1 N9          1 *C6         1 C14        0.0000    0.00  120.00    0.00   0.0000
       82     1 C39         1 N9          1 *C6         1 H22        0.0000    0.00 -120.00    0.00   0.0000
       83     1 N9          1 C6          1 C39         1 N10        0.0000    0.00  180.00    0.00   0.0000
       84     1 N10         1 C6          1 *C39        1 O7         0.0000    0.00  180.00    0.00   0.0000
       85     1 C6          1 C39         1 N10         1 C7         0.0000    0.00  180.00    0.00   0.0000
       86     1 C7          1 C39         1 *N10        1 H14        0.0000    0.00  180.00    0.00   0.0000
       87     1 C39         1 N10         1 C7          1 C15        0.0000    0.00  180.00    0.00   0.0000
       88     1 C15         1 N10         1 *C7         1 C40        0.0000    0.00  120.00    0.00   0.0000
       89     1 C15         1 N10         1 *C7         1 H23        0.0000    0.00 -120.00    0.00   0.0000
       90     1 N10         1 C7          1 C15         1 C22        0.0000    0.00  180.00    0.00   0.0000
       91     1 C22         1 C7          1 *C15        1 H36        0.0000    0.00  120.00    0.00   0.0000
       92     1 C22         1 C7          1 *C15        1 H37        0.0000    0.00 -120.00    0.00   0.0000
       93     1 C7          1 C15         1 C22         1 C29        0.0000    0.00  180.00    0.00   0.0000
       94     1 C29         1 C15         1 *C22        1 H49        0.0000    0.00  120.00    0.00   0.0000
       95     1 C29         1 C15         1 *C22        1 H50        0.0000    0.00 -120.00    0.00   0.0000
       96     1 C15         1 C22         1 C29         1 C30        0.0000    0.00  180.00    0.00   0.0000
       97     1 C30         1 C22         1 *C29        1 H61        0.0000    0.00  120.00    0.00   0.0000
       98     1 C30         1 C22         1 *C29        1 H62        0.0000    0.00 -120.00    0.00   0.0000
       99     1 N10         1 C7          1 C40         1 N11        0.0000    0.00  180.00    0.00   0.0000
      100     1 N11         1 C7          1 *C40        1 O8         0.0000    0.00  180.00    0.00   0.0000
      101     1 N2          1 C33         1 N3          1 H5         0.0000    0.00  180.00    0.00   0.0000
      102     1 H5          1 C33         1 *N3         1 H6         0.0000    0.00  180.00    0.00   0.0000
      103     1 N2          1 C33         1 N4          1 H7         0.0000    0.00  180.00    0.00   0.0000
      104     1 H7          1 C33         1 *N4         1 H8         0.0000    0.00  180.00    0.00   0.0000
      105     1 C7          1 C40         1 N11         1 H16        0.0000    0.00  180.00    0.00   0.0000
      106     1 H16         1 C40         1 *N11        1 H15        0.0000    0.00  180.00    0.00   0.0000
      107     1 N9          1 C6          1 C14         1 H33        0.0000    0.00  180.00    0.00   0.0000
      108     1 H33         1 C6          1 *C14        1 H34        0.0000    0.00  120.00    0.00   0.0000
      109     1 H33         1 C6          1 *C14        1 H35        0.0000    0.00 -120.00    0.00   0.0000
      110     1 C2          1 C10         1 C17         1 H40        0.0000    0.00  180.00    0.00   0.0000
      111     1 H40         1 C10         1 *C17        1 H41        0.0000    0.00  120.00    0.00   0.0000
      112     1 H40         1 C10         1 *C17        1 H42        0.0000    0.00 -120.00    0.00   0.0000
      113     1 C2          1 C10         1 C18         1 H43        0.0000    0.00  180.00    0.00   0.0000
      114     1 H43         1 C10         1 *C18        1 H44        0.0000    0.00  120.00    0.00   0.0000
      115     1 H43         1 C10         1 *C18        1 H45        0.0000    0.00 -120.00    0.00   0.0000
      116     1 C11         1 C19         1 C25         1 H54        0.0000    0.00  180.00    0.00   0.0000
      117     1 H54         1 C19         1 *C25        1 H55        0.0000    0.00  120.00    0.00   0.0000
      118     1 H54         1 C19         1 *C25        1 H56        0.0000    0.00 -120.00    0.00   0.0000
      119     1 C11         1 C19         1 C27         1 H58        0.0000    0.00  180.00    0.00   0.0000
      120     1 H58         1 C19         1 *C27        1 H59        0.0000    0.00  120.00    0.00   0.0000
      121     1 H58         1 C19         1 *C27        1 H60        0.0000    0.00 -120.00    0.00   0.0000
      122     1 C22         1 C29         1 C30         1 H63        0.0000    0.00  180.00    0.00   0.0000
      123     1 H63         1 C29         1 *C30        1 H64        0.0000    0.00  120.00    0.00   0.0000
      124     1 H63         1 C29         1 *C30        1 H65        0.0000    0.00 -120.00    0.00   0.0000
      125     1 C34         1 C24         1 *C31        1 H66        0.0000    0.00  180.00    0.00   0.0000
      126     1 C21         1 C28         1 O2          1 H68        0.0000    0.00  180.00    0.00   0.0000
      127     1 C31         1 C32         1 *C34        1 H69        0.0000    0.00  180.00    0.00   0.0000
  
 CHARMM>       ic param
  
 CHARMM>       ic build
  
 CHARMM>       define LONEPAIR sele chem LPH end
 SELRPN>      0 atoms have been selected out of    130
  
 CHARMM>       if ?nsel .gt. 0 coor shake sele LONEPAIR end
 RDCMND substituted energy or value "?NSEL" to "0"
 Comparing "0" and "0".
 IF test evaluated as false.  Skipping command
  
 CHARMM>       prnlev 0
  
 CHARMM>       coor print

          COORDINATE FILE MODULE
 TITLE>  * GENERATE LIGAND
 TITLE>  *
       130  EXT
         1         1  LIG       N1              9.2520000000       16.6690000000       32.6950000000  LIG       1               0.0000000000
         2         1  LIG       C1              8.2130000000       16.4200000000       33.7400000000  LIG       1               0.0000000000
         3         1  LIG       C2              4.9000000000       16.9020000000       31.7980000000  LIG       1               0.0000000000
         4         1  LIG       C3              1.6810000000       17.2970000000       33.7950000000  LIG       1               0.0000000000
         5         1  LIG       C4             -1.4570000000       17.5240000000       31.6410000000  LIG       1               0.0000000000
         6         1  LIG       C5             -4.6350000000       16.4760000000       33.5530000000  LIG       1               0.0000000000
         7         1  LIG       C6             -8.1140000000       15.5730000000       32.3730000000  LIG       1               0.0000000000
         8         1  LIG       C7            -11.4340000000       14.3420000000       33.8150000000  LIG       1               0.0000000000
         9         1  LIG       C8              6.8670000000       17.0690000000       33.2820000000  LIG       1               0.0000000000
        10         1  LIG       O1              6.5300000000       18.1880000000       33.7130000000  LIG       1               0.0000000000
        11         1  LIG       C9              8.7130000000       16.9670000000       35.0830000000  LIG       1               0.0000000000
        12         1  LIG       C10             4.7710000000       16.4540000000       30.2520000000  LIG       1               0.0000000000
        13         1  LIG       C11             2.0010000000       17.8020000000       35.2230000000  LIG       1               0.0000000000
        14         1  LIG       C12            -1.3090000000       17.3340000000       30.1020000000  LIG       1               0.0000000000
        15         1  LIG       C13            -4.5490000000       16.8850000000       35.0510000000  LIG       1               0.0000000000
        16         1  LIG       C14            -8.1030000000       15.3300000000       30.8760000000  LIG       1               0.0000000000
        17         1  LIG       C15           -12.6180000000       15.3090000000       34.0760000000  LIG       1               0.0000000000
        18         1  LIG       C16             8.5030000000       16.0570000000       36.3420000000  LIG       1               0.0000000000
        19         1  LIG       C17             5.7290000000       17.2370000000       29.3510000000  LIG       1               0.0000000000
        20         1  LIG       C18             5.0930000000       14.9550000000       30.0900000000  LIG       1               0.0000000000
        21         1  LIG       C19             1.3200000000       17.0090000000       36.3740000000  LIG       1               0.0000000000
        22         1  LIG       C20            -2.5610000000       17.0200000000       29.3820000000  LIG       1               0.0000000000
        23         1  LIG       C21            -5.2010000000       15.9630000000       36.0630000000  LIG       1               0.0000000000
        24         1  LIG       C22           -13.4200000000       15.1320000000       35.4130000000  LIG       1               0.0000000000
        25         1  LIG       C23             7.1110000000       16.1800000000       37.0560000000  LIG       1               0.0000000000
        26         1  LIG       C24            -2.8830000000       15.7090000000       29.0590000000  LIG       1               0.0000000000
        27         1  LIG       C25             2.0040000000       17.3190000000       37.6930000000  LIG       1               0.0000000000
        28         1  LIG       C26            -3.4540000000       18.0310000000       29.0440000000  LIG       1               0.0000000000
        29         1  LIG       C27             1.3130000000       15.4990000000       36.1390000000  LIG       1               0.0000000000
        30         1  LIG       C28            -6.4320000000       16.5840000000       36.7410000000  LIG       1               0.0000000000
        31         1  LIG       C29           -12.8140000000       14.0660000000       36.4090000000  LIG       1               0.0000000000
        32         1  LIG       C30           -13.5900000000       14.0350000000       37.7100000000  LIG       1               0.0000000000
        33         1  LIG       C31            -4.1000000000       15.3950000000       28.4110000000  LIG       1               0.0000000000
        34         1  LIG       C32            -4.6860000000       17.7330000000       28.3860000000  LIG       1               0.0000000000
        35         1  LIG       N2              6.4860000000       14.9000000000       37.4140000000  LIG       1               0.0000000000
        36         1  LIG       O2             -6.8270000000       16.1020000000       37.8190000000  LIG       1               0.0000000000
        37         1  LIG       O3             -7.0190000000       17.5630000000       36.2080000000  LIG       1               0.0000000000
        38         1  LIG       C33             5.4640000000       14.3430000000       36.7600000000  LIG       1               0.0000000000
        39         1  LIG       C34            -5.0020000000       16.4110000000       28.0760000000  LIG       1               0.0000000000
        40         1  LIG       N3              4.9630000000       14.9530000000       35.6980000000  LIG       1               0.0000000000
        41         1  LIG       N4              4.8610000000       13.2430000000       37.2350000000  LIG       1               0.0000000000
        42         1  LIG       C35             3.6730000000       16.5280000000       32.6690000000  LIG       1               0.0000000000
        43         1  LIG       N5              6.1510000000       16.3970000000       32.3660000000  LIG       1               0.0000000000
        44         1  LIG       O4              3.4290000000       15.3770000000       33.0060000000  LIG       1               0.0000000000
        45         1  LIG       C36             0.3450000000       17.8230000000       33.2860000000  LIG       1               0.0000000000
        46         1  LIG       N6              2.8290000000       17.5100000000       32.9350000000  LIG       1               0.0000000000
        47         1  LIG       O5             -2.2260000000       15.4230000000       32.5690000000  LIG       1               0.0000000000
        48         1  LIG       C37            -2.4920000000       16.6080000000       32.3510000000  LIG       1               0.0000000000
        49         1  LIG       N7             -0.1620000000       17.1890000000       32.2440000000  LIG       1               0.0000000000
        50         1  LIG       O6             -6.6060000000       17.7670000000       32.9880000000  LIG       1               0.0000000000
        51         1  LIG       C38            -6.0720000000       16.6570000000       33.0530000000  LIG       1               0.0000000000
        52         1  LIG       N8             -3.6040000000       17.1930000000       32.7980000000  LIG       1               0.0000000000
        53         1  LIG       O7             -8.8120000000       13.4240000000       33.2870000000  LIG       1               0.0000000000
        54         1  LIG       C39            -9.1120000000       14.5940000000       33.0420000000  LIG       1               0.0000000000
        55         1  LIG       N9             -6.7490000000       15.5390000000       32.8520000000  LIG       1               0.0000000000
        56         1  LIG       O8            -11.9720000000       13.6860000000       31.5310000000  LIG       1               0.0000000000
        57         1  LIG       C40           -11.8190000000       13.3190000000       32.7330000000  LIG       1               0.0000000000
        58         1  LIG       N10           -10.3170000000       15.1040000000       33.2720000000  LIG       1               0.0000000000
        59         1  LIG       N11           -12.0000000000       12.1390000000       33.1210000000  LIG       1               0.0000000000
        60         1  LIG       H1              9.3807990776       17.6934781288       32.5706804068  LIG       1               0.0000000000
        61         1  LIG       H2              2.9410928261       18.4279124716       32.5624431174  LIG       1               0.0000000000
        62         1  LIG       H3              8.9468884440       16.2462407689       31.7951215599  LIG       1               0.0000000000
        63         1  LIG       H4              6.8522455099       14.4105785553       38.2043269875  LIG       1               0.0000000000
        64         1  LIG       H5              5.3498698310       15.8229499019       35.3921913964  LIG       1               0.0000000000
        65         1  LIG       H6              4.1975119802       14.5440423041       35.2012287303  LIG       1               0.0000000000
        66         1  LIG       H7              5.1758805283       12.8296182386       38.0893803440  LIG       1               0.0000000000
        67         1  LIG       H8              4.0965741447       12.8363156593       36.7347391092  LIG       1               0.0000000000
        68         1  LIG       H9              6.4462340432       15.5077151834       32.0265327175  LIG       1               0.0000000000
        69         1  LIG       H10            10.1517562599       16.2399511953       32.9915728106  LIG       1               0.0000000000
        70         1  LIG       H11             0.3715151571       16.4313597908       31.8397839768  LIG       1               0.0000000000
        71         1  LIG       H12            -3.7854271186       18.1594217336       32.6354025737  LIG       1               0.0000000000
        72         1  LIG       H13            -6.3573024027       14.6373891262       33.0181920780  LIG       1               0.0000000000
        73         1  LIG       H14           -10.5152152200       16.0607504750       33.0766976354  LIG       1               0.0000000000
        74         1  LIG       H15           -11.8920279831       11.9085296595       34.0880705588  LIG       1               0.0000000000
        75         1  LIG       H16           -12.2521640011       11.4294342000       32.4630260704  LIG       1               0.0000000000
        76         1  LIG       H17             8.0865350545       15.3229561413       33.8598230004  LIG       1               0.0000000000
        77         1  LIG       H18             5.0292968792       18.0042802120       31.8379313791  LIG       1               0.0000000000
        78         1  LIG       H19             1.6518364468       16.1867089283       33.8032922857  LIG       1               0.0000000000
        79         1  LIG       H20            -1.7560139504       18.5762573082       31.8300569970  LIG       1               0.0000000000
        80         1  LIG       H21            -4.3369580765       15.4120949813       33.4365864163  LIG       1               0.0000000000
        81         1  LIG       H22            -8.4260447259       16.6183912843       32.5829519231  LIG       1               0.0000000000
        82         1  LIG       H23           -11.1780468989       13.8033788984       34.7523450762  LIG       1               0.0000000000
        83         1  LIG       H24             8.1910158242       17.9281434205       35.2709016631  LIG       1               0.0000000000
        84         1  LIG       H25             9.8013922909       17.1599289783       34.9842486970  LIG       1               0.0000000000
        85         1  LIG       H26             3.7286063505       16.6283123657       29.9102611433  LIG       1               0.0000000000
        86         1  LIG       H27             1.6780962749       18.8617142960       35.2952422266  LIG       1               0.0000000000
        87         1  LIG       H28             3.1001178096       17.7491070565       35.3700459835  LIG       1               0.0000000000
        88         1  LIG       H29            -0.6081520135       16.4940487245       29.9095336330  LIG       1               0.0000000000
        89         1  LIG       H30            -0.9111680114       18.2725339544       29.6608276152  LIG       1               0.0000000000
        90         1  LIG       H31            -5.0226596571       17.8832356561       35.1533979344  LIG       1               0.0000000000
        91         1  LIG       H32            -3.4742464599       16.9656692220       35.3150275316  LIG       1               0.0000000000
        92         1  LIG       H33            -9.1175859268       15.4959117032       30.4547996868  LIG       1               0.0000000000
        93         1  LIG       H34            -7.7983498837       14.2826296730       30.6651498035  LIG       1               0.0000000000
        94         1  LIG       H35            -7.3957272673       16.0315467330       30.3842159379  LIG       1               0.0000000000
        95         1  LIG       H36           -13.3359098798       15.1911406315       33.2382284384  LIG       1               0.0000000000
        96         1  LIG       H37           -12.2137976498       16.3422551767       34.0637193008  LIG       1               0.0000000000
        97         1  LIG       H38             9.2901459407       16.3111094596       37.0821997076  LIG       1               0.0000000000
        98         1  LIG       H39             8.6323821141       15.0009822588       36.0255307987  LIG       1               0.0000000000
        99         1  LIG       H40             6.7792381945       17.0660513617       29.6705266778  LIG       1               0.0000000000
       100         1  LIG       H41             5.5097101149       18.3239220829       29.4200393568  LIG       1               0.0000000000
       101         1  LIG       H42             5.6191002226       16.8993134041       28.2983158581  LIG       1               0.0000000000
       102         1  LIG       H43             4.5124873040       14.3581167315       30.8255653428  LIG       1               0.0000000000
       103         1  LIG       H44             6.1757502765       14.7795927825       30.2664603286  LIG       1               0.0000000000
       104         1  LIG       H45             4.8213748735       14.6183189069       29.0667113150  LIG       1               0.0000000000
       105         1  LIG       H46             0.2479069007       17.2933501955       36.4364604875  LIG       1               0.0000000000
       106         1  LIG       H47            -4.4581561668       15.7107318951       36.8492374177  LIG       1               0.0000000000
       107         1  LIG       H48            -5.5176804848       15.0314255896       35.5477252941  LIG       1               0.0000000000
       108         1  LIG       H49           -14.4557099112       14.8225130839       35.1595077643  LIG       1               0.0000000000
       109         1  LIG       H50           -13.4538034410       16.1132625433       35.9313788514  LIG       1               0.0000000000
       110         1  LIG       H51             6.4161702006       16.7195335023       36.3979335536  LIG       1               0.0000000000
       111         1  LIG       H52             7.2309917388       16.7638370854       37.9788610613  LIG       1               0.0000000000
       112         1  LIG       H53            -2.1929400161       14.9160191816       29.3065841785  LIG       1               0.0000000000
       113         1  LIG       H54             1.9331746165       18.4055500396       37.9137119761  LIG       1               0.0000000000
       114         1  LIG       H55             3.0772986714       17.0375279411       37.6377049494  LIG       1               0.0000000000
       115         1  LIG       H56             1.5118040817       16.7571926484       38.5154170343  LIG       1               0.0000000000
       116         1  LIG       H57            -3.2124029042       19.0562140437       29.2825105468  LIG       1               0.0000000000
       117         1  LIG       H58             2.3329193903       15.1496338440       35.8706183198  LIG       1               0.0000000000
       118         1  LIG       H59             0.6218301353       15.2491656316       35.3058606916  LIG       1               0.0000000000
       119         1  LIG       H60             0.9900011961       14.9739564547       37.0632592434  LIG       1               0.0000000000
       120         1  LIG       H61           -11.7545481909       14.3240551843       36.6209387255  LIG       1               0.0000000000
       121         1  LIG       H62           -12.8512765070       13.0612699769       35.9366900593  LIG       1               0.0000000000
       122         1  LIG       H63           -14.6509565924       13.7688062655       37.5154929186  LIG       1               0.0000000000
       123         1  LIG       H64           -13.5580447741       15.0348381986       38.1932768781  LIG       1               0.0000000000
       124         1  LIG       H65           -13.1531641791       13.2752976624       38.3928476584  LIG       1               0.0000000000
       125         1  LIG       H66            -4.3340806344       14.3676868838       28.1738715356  LIG       1               0.0000000000
       126         1  LIG       H67            -5.3700386124       18.5284561329       28.1296135213  LIG       1               0.0000000000
       127         1  LIG       H68            -7.5992725091       16.5298882313       38.1959706000  LIG       1               0.0000000000
       128         1  LIG       H69            -5.9329052726       16.1736080571       27.5826288955  LIG       1               0.0000000000
       129         1  LIG       H70             0.4780566109       18.8877950245       33.0011187337  LIG       1               0.0000000000
       130         1  LIG       H71            -0.3918508750       17.7549057501       34.1136858117  LIG       1               0.0000000000
  
 CHARMM>     
  
 CHARMM>       cons fix sele fixed end
 SELRPN>     59 atoms have been selected out of    130
  
 CHARMM>       mini sd nstep 50

 NONBOND OPTION FLAGS: 
     ELEC     VDW      ATOMs    CDIElec  FSHIft   VATOm    VFSWIt  
     BYGRoup  NOEXtnd  NOEWald 
 CUTNB  = 14.000 CTEXNB =999.000 CTONNB = 10.000 CTOFNB = 12.000
 CGONNB =  0.000 CGOFNB = 10.000
 WMIN   =  1.500 WRNMXD =  0.500 E14FAC =  1.000 EPS    =  1.000
 NBXMOD =      5
 There are        0 atom  pairs and        0 atom  exclusions.
 There are        0 group pairs and        0 group exclusions.
 <MAKINB> with mode   5 found    365 exclusions and    335 interactions(1-4)
 <MAKGRP> found      0 group exclusions.
 Generating nonbond list with Exclusion mode = 5
 == PRIMARY == SPACE FOR     8321 ATOM PAIRS AND        0 GROUP PAIRS
 NBONDA>>  Maximum group spatial extent (12A) exceeded.
   Size is       24.80 Angstroms and starts with atom:       1
   Please check group boundary definitions.

 General atom nonbond list generation found:
     4913 ATOM PAIRS WERE FOUND FOR ATOM LIST
        1 GROUP PAIRS REQUIRED ATOM SEARCHES



 STEEPD> An energy minimization has been requested.

 NSTEP  =           50   NPRINT =           10
 STEP   =    0.0200000   TOLFUN =    0.0000000
 TOLGRD =    0.0000000   TOLSTP =    0.0000000

MINI MIN: Cycle      ENERgy      Delta-E         GRMS    Step-size
MINI INTERN:          BONDs       ANGLes       UREY-b    DIHEdrals    IMPRopers
MINI EXTERN:        VDWaals         ELEC       HBONds          ASP         USER
 ----------       ---------    ---------    ---------    ---------    ---------
MINI>        0   -474.79858      0.00000      6.80301      0.02000
MINI INTERN>        0.03619      6.37534      3.49073     21.84795      0.00000
MINI EXTERN>       27.64208   -534.19087      0.00000      0.00000      0.00000
 ----------       ---------    ---------    ---------    ---------    ---------
MINI>       10   -497.36043     22.56185      1.96344      0.00373
MINI INTERN>        1.50011      9.89727      2.36861     20.39377      0.00000
MINI EXTERN>       10.54833   -542.06852      0.00000      0.00000      0.00000
 ----------       ---------    ---------    ---------    ---------    ---------
MINI>       20   -499.36791      2.00749      0.58345      0.00167
MINI INTERN>        0.47037     10.06009      2.51812     19.81650      0.00000
MINI EXTERN>       10.23960   -542.47259      0.00000      0.00000      0.00000
 ----------       ---------    ---------    ---------    ---------    ---------
MINI>       30   -500.32457      0.95666      0.89802      0.00180
MINI INTERN>        0.41529      9.93427      2.58495     19.64145      0.00000
MINI EXTERN>       10.10882   -543.00936      0.00000      0.00000      0.00000
 ----------       ---------    ---------    ---------    ---------    ---------
MINI>       40   -500.72686      0.40228      0.96993      0.00193
MINI INTERN>        0.41921      9.84711      2.61059     19.68421      0.00000
MINI EXTERN>       10.06983   -543.35781      0.00000      0.00000      0.00000
 ----------       ---------    ---------    ---------    ---------    ---------
MINI>       50   -500.96005      0.23319      0.47850      0.00087
MINI INTERN>        0.70481      9.82283      2.62274     19.78007      0.00000
MINI EXTERN>       10.05661   -543.94711      0.00000      0.00000      0.00000
 ----------       ---------    ---------    ---------    ---------    ---------

 STEEPD> Minimization exiting with number of steps limit (        50) exceeded.

STPD MIN: Cycle      ENERgy      Delta-E         GRMS    Step-size
STPD INTERN:          BONDs       ANGLes       UREY-b    DIHEdrals    IMPRopers
STPD EXTERN:        VDWaals         ELEC       HBONds          ASP         USER
 ----------       ---------    ---------    ---------    ---------    ---------
STPD>       50   -500.96005      0.23319      0.47850      0.00043
STPD INTERN>        0.70481      9.82283      2.62274     19.78007      0.00000
STPD EXTERN>       10.05661   -543.94711      0.00000      0.00000      0.00000
 ----------       ---------    ---------    ---------    ---------    ---------
  
 CHARMM>       cons fix sele none end
 SELRPN>      0 atoms have been selected out of    130
  
 CHARMM>    endif
  
 CHARMM>     
  
 CHARMM>    if ?nsel .eq. 0 then
 RDCMND substituted energy or value "?NSEL" to "0"
 Comparing "0" and "0".
 IF test evaluated as true.  Performing command
  
 CHARMM>       prnlev 0
  
 CHARMM>       coor print

          COORDINATE FILE MODULE
 TITLE>  * GENERATE LIGAND
 TITLE>  *
       130  EXT
         1         1  LIG       N1              9.2520000000       16.6690000000       32.6950000000  LIG       1               0.0000000000
         2         1  LIG       C1              8.2130000000       16.4200000000       33.7400000000  LIG       1               0.0000000000
         3         1  LIG       C2              4.9000000000       16.9020000000       31.7980000000  LIG       1               0.0000000000
         4         1  LIG       C3              1.6810000000       17.2970000000       33.7950000000  LIG       1               0.0000000000
         5         1  LIG       C4             -1.4570000000       17.5240000000       31.6410000000  LIG       1               0.0000000000
         6         1  LIG       C5             -4.6350000000       16.4760000000       33.5530000000  LIG       1               0.0000000000
         7         1  LIG       C6             -8.1140000000       15.5730000000       32.3730000000  LIG       1               0.0000000000
         8         1  LIG       C7            -11.4340000000       14.3420000000       33.8150000000  LIG       1               0.0000000000
         9         1  LIG       C8              6.8670000000       17.0690000000       33.2820000000  LIG       1               0.0000000000
        10         1  LIG       O1              6.5300000000       18.1880000000       33.7130000000  LIG       1               0.0000000000
        11         1  LIG       C9              8.7130000000       16.9670000000       35.0830000000  LIG       1               0.0000000000
        12         1  LIG       C10             4.7710000000       16.4540000000       30.2520000000  LIG       1               0.0000000000
        13         1  LIG       C11             2.0010000000       17.8020000000       35.2230000000  LIG       1               0.0000000000
        14         1  LIG       C12            -1.3090000000       17.3340000000       30.1020000000  LIG       1               0.0000000000
        15         1  LIG       C13            -4.5490000000       16.8850000000       35.0510000000  LIG       1               0.0000000000
        16         1  LIG       C14            -8.1030000000       15.3300000000       30.8760000000  LIG       1               0.0000000000
        17         1  LIG       C15           -12.6180000000       15.3090000000       34.0760000000  LIG       1               0.0000000000
        18         1  LIG       C16             8.5030000000       16.0570000000       36.3420000000  LIG       1               0.0000000000
        19         1  LIG       C17             5.7290000000       17.2370000000       29.3510000000  LIG       1               0.0000000000
        20         1  LIG       C18             5.0930000000       14.9550000000       30.0900000000  LIG       1               0.0000000000
        21         1  LIG       C19             1.3200000000       17.0090000000       36.3740000000  LIG       1               0.0000000000
        22         1  LIG       C20            -2.5610000000       17.0200000000       29.3820000000  LIG       1               0.0000000000
        23         1  LIG       C21            -5.2010000000       15.9630000000       36.0630000000  LIG       1               0.0000000000
        24         1  LIG       C22           -13.4200000000       15.1320000000       35.4130000000  LIG       1               0.0000000000
        25         1  LIG       C23             7.1110000000       16.1800000000       37.0560000000  LIG       1               0.0000000000
        26         1  LIG       C24            -2.8830000000       15.7090000000       29.0590000000  LIG       1               0.0000000000
        27         1  LIG       C25             2.0040000000       17.3190000000       37.6930000000  LIG       1               0.0000000000
        28         1  LIG       C26            -3.4540000000       18.0310000000       29.0440000000  LIG       1               0.0000000000
        29         1  LIG       C27             1.3130000000       15.4990000000       36.1390000000  LIG       1               0.0000000000
        30         1  LIG       C28            -6.4320000000       16.5840000000       36.7410000000  LIG       1               0.0000000000
        31         1  LIG       C29           -12.8140000000       14.0660000000       36.4090000000  LIG       1               0.0000000000
        32         1  LIG       C30           -13.5900000000       14.0350000000       37.7100000000  LIG       1               0.0000000000
        33         1  LIG       C31            -4.1000000000       15.3950000000       28.4110000000  LIG       1               0.0000000000
        34         1  LIG       C32            -4.6860000000       17.7330000000       28.3860000000  LIG       1               0.0000000000
        35         1  LIG       N2              6.4860000000       14.9000000000       37.4140000000  LIG       1               0.0000000000
        36         1  LIG       O2             -6.8270000000       16.1020000000       37.8190000000  LIG       1               0.0000000000
        37         1  LIG       O3             -7.0190000000       17.5630000000       36.2080000000  LIG       1               0.0000000000
        38         1  LIG       C33             5.4640000000       14.3430000000       36.7600000000  LIG       1               0.0000000000
        39         1  LIG       C34            -5.0020000000       16.4110000000       28.0760000000  LIG       1               0.0000000000
        40         1  LIG       N3              4.9630000000       14.9530000000       35.6980000000  LIG       1               0.0000000000
        41         1  LIG       N4              4.8610000000       13.2430000000       37.2350000000  LIG       1               0.0000000000
        42         1  LIG       C35             3.6730000000       16.5280000000       32.6690000000  LIG       1               0.0000000000
        43         1  LIG       N5              6.1510000000       16.3970000000       32.3660000000  LIG       1               0.0000000000
        44         1  LIG       O4              3.4290000000       15.3770000000       33.0060000000  LIG       1               0.0000000000
        45         1  LIG       C36             0.3450000000       17.8230000000       33.2860000000  LIG       1               0.0000000000
        46         1  LIG       N6              2.8290000000       17.5100000000       32.9350000000  LIG       1               0.0000000000
        47         1  LIG       O5             -2.2260000000       15.4230000000       32.5690000000  LIG       1               0.0000000000
        48         1  LIG       C37            -2.4920000000       16.6080000000       32.3510000000  LIG       1               0.0000000000
        49         1  LIG       N7             -0.1620000000       17.1890000000       32.2440000000  LIG       1               0.0000000000
        50         1  LIG       O6             -6.6060000000       17.7670000000       32.9880000000  LIG       1               0.0000000000
        51         1  LIG       C38            -6.0720000000       16.6570000000       33.0530000000  LIG       1               0.0000000000
        52         1  LIG       N8             -3.6040000000       17.1930000000       32.7980000000  LIG       1               0.0000000000
        53         1  LIG       O7             -8.8120000000       13.4240000000       33.2870000000  LIG       1               0.0000000000
        54         1  LIG       C39            -9.1120000000       14.5940000000       33.0420000000  LIG       1               0.0000000000
        55         1  LIG       N9             -6.7490000000       15.5390000000       32.8520000000  LIG       1               0.0000000000
        56         1  LIG       O8            -11.9720000000       13.6860000000       31.5310000000  LIG       1               0.0000000000
        57         1  LIG       C40           -11.8190000000       13.3190000000       32.7330000000  LIG       1               0.0000000000
        58         1  LIG       N10           -10.3170000000       15.1040000000       33.2720000000  LIG       1               0.0000000000
        59         1  LIG       N11           -12.0000000000       12.1390000000       33.1210000000  LIG       1               0.0000000000
        60         1  LIG       H1              9.3807990776       17.6934781288       32.5706804068  LIG       1               0.0000000000
        61         1  LIG       H2              2.9410928261       18.4279124716       32.5624431174  LIG       1               0.0000000000
        62         1  LIG       H3              8.9468884440       16.2462407689       31.7951215599  LIG       1               0.0000000000
        63         1  LIG       H4              6.8522455099       14.4105785553       38.2043269875  LIG       1               0.0000000000
        64         1  LIG       H5              5.3498698310       15.8229499019       35.3921913964  LIG       1               0.0000000000
        65         1  LIG       H6              4.1975119802       14.5440423041       35.2012287303  LIG       1               0.0000000000
        66         1  LIG       H7              5.1758805283       12.8296182386       38.0893803440  LIG       1               0.0000000000
        67         1  LIG       H8              4.0965741447       12.8363156593       36.7347391092  LIG       1               0.0000000000
        68         1  LIG       H9              6.4462340432       15.5077151834       32.0265327175  LIG       1               0.0000000000
        69         1  LIG       H10            10.1517562599       16.2399511953       32.9915728106  LIG       1               0.0000000000
        70         1  LIG       H11             0.3715151571       16.4313597908       31.8397839768  LIG       1               0.0000000000
        71         1  LIG       H12            -3.7854271186       18.1594217336       32.6354025737  LIG       1               0.0000000000
        72         1  LIG       H13            -6.3573024027       14.6373891262       33.0181920780  LIG       1               0.0000000000
        73         1  LIG       H14           -10.5152152200       16.0607504750       33.0766976354  LIG       1               0.0000000000
        74         1  LIG       H15           -11.8920279831       11.9085296595       34.0880705588  LIG       1               0.0000000000
        75         1  LIG       H16           -12.2521640011       11.4294342000       32.4630260704  LIG       1               0.0000000000
        76         1  LIG       H17             8.0865350545       15.3229561413       33.8598230004  LIG       1               0.0000000000
        77         1  LIG       H18             5.0292968792       18.0042802120       31.8379313791  LIG       1               0.0000000000
        78         1  LIG       H19             1.6518364468       16.1867089283       33.8032922857  LIG       1               0.0000000000
        79         1  LIG       H20            -1.7560139504       18.5762573082       31.8300569970  LIG       1               0.0000000000
        80         1  LIG       H21            -4.3369580765       15.4120949813       33.4365864163  LIG       1               0.0000000000
        81         1  LIG       H22            -8.4260447259       16.6183912843       32.5829519231  LIG       1               0.0000000000
        82         1  LIG       H23           -11.1780468989       13.8033788984       34.7523450762  LIG       1               0.0000000000
        83         1  LIG       H24             8.1910158242       17.9281434205       35.2709016631  LIG       1               0.0000000000
        84         1  LIG       H25             9.8013922909       17.1599289783       34.9842486970  LIG       1               0.0000000000
        85         1  LIG       H26             3.7286063505       16.6283123657       29.9102611433  LIG       1               0.0000000000
        86         1  LIG       H27             1.6780962749       18.8617142960       35.2952422266  LIG       1               0.0000000000
        87         1  LIG       H28             3.1001178096       17.7491070565       35.3700459835  LIG       1               0.0000000000
        88         1  LIG       H29            -0.6081520135       16.4940487245       29.9095336330  LIG       1               0.0000000000
        89         1  LIG       H30            -0.9111680114       18.2725339544       29.6608276152  LIG       1               0.0000000000
        90         1  LIG       H31            -5.0226596571       17.8832356561       35.1533979344  LIG       1               0.0000000000
        91         1  LIG       H32            -3.4742464599       16.9656692220       35.3150275316  LIG       1               0.0000000000
        92         1  LIG       H33            -9.1175859268       15.4959117032       30.4547996868  LIG       1               0.0000000000
        93         1  LIG       H34            -7.7983498837       14.2826296730       30.6651498035  LIG       1               0.0000000000
        94         1  LIG       H35            -7.3957272673       16.0315467330       30.3842159379  LIG       1               0.0000000000
        95         1  LIG       H36           -13.3359098798       15.1911406315       33.2382284384  LIG       1               0.0000000000
        96         1  LIG       H37           -12.2137976498       16.3422551767       34.0637193008  LIG       1               0.0000000000
        97         1  LIG       H38             9.2901459407       16.3111094596       37.0821997076  LIG       1               0.0000000000
        98         1  LIG       H39             8.6323821141       15.0009822588       36.0255307987  LIG       1               0.0000000000
        99         1  LIG       H40             6.7792381945       17.0660513617       29.6705266778  LIG       1               0.0000000000
       100         1  LIG       H41             5.5097101149       18.3239220829       29.4200393568  LIG       1               0.0000000000
       101         1  LIG       H42             5.6191002226       16.8993134041       28.2983158581  LIG       1               0.0000000000
       102         1  LIG       H43             4.5124873040       14.3581167315       30.8255653428  LIG       1               0.0000000000
       103         1  LIG       H44             6.1757502765       14.7795927825       30.2664603286  LIG       1               0.0000000000
       104         1  LIG       H45             4.8213748735       14.6183189069       29.0667113150  LIG       1               0.0000000000
       105         1  LIG       H46             0.2479069007       17.2933501955       36.4364604875  LIG       1               0.0000000000
       106         1  LIG       H47            -4.4581561668       15.7107318951       36.8492374177  LIG       1               0.0000000000
       107         1  LIG       H48            -5.5176804848       15.0314255896       35.5477252941  LIG       1               0.0000000000
       108         1  LIG       H49           -14.4557099112       14.8225130839       35.1595077643  LIG       1               0.0000000000
       109         1  LIG       H50           -13.4538034410       16.1132625433       35.9313788514  LIG       1               0.0000000000
       110         1  LIG       H51             6.4161702006       16.7195335023       36.3979335536  LIG       1               0.0000000000
       111         1  LIG       H52             7.2309917388       16.7638370854       37.9788610613  LIG       1               0.0000000000
       112         1  LIG       H53            -2.1929400161       14.9160191816       29.3065841785  LIG       1               0.0000000000
       113         1  LIG       H54             1.9331746165       18.4055500396       37.9137119761  LIG       1               0.0000000000
       114         1  LIG       H55             3.0772986714       17.0375279411       37.6377049494  LIG       1               0.0000000000
       115         1  LIG       H56             1.5118040817       16.7571926484       38.5154170343  LIG       1               0.0000000000
       116         1  LIG       H57            -3.2124029042       19.0562140437       29.2825105468  LIG       1               0.0000000000
       117         1  LIG       H58             2.3329193903       15.1496338440       35.8706183198  LIG       1               0.0000000000
       118         1  LIG       H59             0.6218301353       15.2491656316       35.3058606916  LIG       1               0.0000000000
       119         1  LIG       H60             0.9900011961       14.9739564547       37.0632592434  LIG       1               0.0000000000
       120         1  LIG       H61           -11.7545481909       14.3240551843       36.6209387255  LIG       1               0.0000000000
       121         1  LIG       H62           -12.8512765070       13.0612699769       35.9366900593  LIG       1               0.0000000000
       122         1  LIG       H63           -14.6509565924       13.7688062655       37.5154929186  LIG       1               0.0000000000
       123         1  LIG       H64           -13.5580447741       15.0348381986       38.1932768781  LIG       1               0.0000000000
       124         1  LIG       H65           -13.1531641791       13.2752976624       38.3928476584  LIG       1               0.0000000000
       125         1  LIG       H66            -4.3340806344       14.3676868838       28.1738715356  LIG       1               0.0000000000
       126         1  LIG       H67            -5.3700386124       18.5284561329       28.1296135213  LIG       1               0.0000000000
       127         1  LIG       H68            -7.5992725091       16.5298882313       38.1959706000  LIG       1               0.0000000000
       128         1  LIG       H69            -5.9329052726       16.1736080571       27.5826288955  LIG       1               0.0000000000
       129         1  LIG       H70             0.4780566109       18.8877950245       33.0011187337  LIG       1               0.0000000000
       130         1  LIG       H71            -0.3918508750       17.7549057501       34.1136858117  LIG       1               0.0000000000
  
 CHARMM>    endif
  
 CHARMM>     
  
 CHARMM>    mini sd nstep 50

 NONBOND OPTION FLAGS: 
     ELEC     VDW      ATOMs    CDIElec  FSHIft   VATOm    VFSWIt  
     BYGRoup  NOEXtnd  NOEWald 
 CUTNB  = 14.000 CTEXNB =999.000 CTONNB = 10.000 CTOFNB = 12.000
 CGONNB =  0.000 CGOFNB = 10.000
 WMIN   =  1.500 WRNMXD =  0.500 E14FAC =  1.000 EPS    =  1.000
 NBXMOD =      5
 There are     4913 atom  pairs and      700 atom  exclusions.
 There are        0 group pairs and        0 group exclusions.
 Generating nonbond list with Exclusion mode = 5
 == PRIMARY == SPACE FOR     8321 ATOM PAIRS AND        0 GROUP PAIRS
 NBONDA>>  Maximum group spatial extent (12A) exceeded.
   Size is       24.80 Angstroms and starts with atom:       1
   Please check group boundary definitions.

 General atom nonbond list generation found:
     6165 ATOM PAIRS WERE FOUND FOR ATOM LIST
        1 GROUP PAIRS REQUIRED ATOM SEARCHES



 STEEPD> An energy minimization has been requested.

 NSTEP  =           50   NPRINT =           10
 STEP   =    0.0200000   TOLFUN =    0.0000000
 TOLGRD =    0.0000000   TOLSTP =    0.0000000

MINI MIN: Cycle      ENERgy      Delta-E         GRMS    Step-size
MINI INTERN:          BONDs       ANGLes       UREY-b    DIHEdrals    IMPRopers
MINI EXTERN:        VDWaals         ELEC       HBONds          ASP         USER
 ----------       ---------    ---------    ---------    ---------    ---------
MINI>        0     97.42652   -598.38657     17.52551      0.02000
MINI INTERN>       34.09902     24.93672      7.85854     65.07892      1.64489
MINI EXTERN>       28.05172    -64.24329      0.00000      0.00000      0.00000
 ----------       ---------    ---------    ---------    ---------    ---------
MINI>       10     31.49319     65.93333      5.63956      0.00373
MINI INTERN>        7.50872     21.81917      2.50762     61.88473      0.29311
MINI EXTERN>       10.05578    -72.57594      0.00000      0.00000      0.00000
 ----------       ---------    ---------    ---------    ---------    ---------
MINI>       20     23.61513      7.87806      1.32066      0.00167
MINI INTERN>        7.48998     21.28695      2.83601     61.09957      0.27349
MINI EXTERN>        7.14870    -76.51958      0.00000      0.00000      0.00000
 ----------       ---------    ---------    ---------    ---------    ---------
MINI>       30     21.10127      2.51386      2.97803      0.00180
MINI INTERN>        8.37251     21.54260      2.92368     60.58750      0.27399
MINI EXTERN>        5.62501    -78.22404      0.00000      0.00000      0.00000
 ----------       ---------    ---------    ---------    ---------    ---------
MINI>       40     18.80188      2.29939      0.92711      0.00080
MINI INTERN>        7.64841     21.63125      2.84376     60.18892      0.28023
MINI EXTERN>        4.82519    -78.61587      0.00000      0.00000      0.00000
 ----------       ---------    ---------    ---------    ---------    ---------
MINI>       50     17.39078      1.41110      0.75526      0.00087
MINI INTERN>        7.80272     21.59950      2.90024     59.80560      0.27879
MINI EXTERN>        4.23340    -79.22946      0.00000      0.00000      0.00000
 ----------       ---------    ---------    ---------    ---------    ---------

 STEEPD> Minimization exiting with number of steps limit (        50) exceeded.

STPD MIN: Cycle      ENERgy      Delta-E         GRMS    Step-size
STPD INTERN:          BONDs       ANGLes       UREY-b    DIHEdrals    IMPRopers
STPD EXTERN:        VDWaals         ELEC       HBONds          ASP         USER
 ----------       ---------    ---------    ---------    ---------    ---------
STPD>       50     17.39078      1.41110      0.75526      0.00104
STPD INTERN>        7.80272     21.59950      2.90024     59.80560      0.27879
STPD EXTERN>        4.23340    -79.22946      0.00000      0.00000      0.00000
 ----------       ---------    ---------    ---------    ---------    ---------
  
 CHARMM>     
  
 CHARMM>     
  
 CHARMM>    ! stop if there are unknown coordinate
 CHARMM>    define XXX sele .not. INIT show end
 The following atoms are currently set:
SEGId RESId RESName  .. TYPEs ..
 SELRPN>      0 atoms have been selected out of    130
  
 CHARMM>    if ?nsel .gt. 0 stop
 RDCMND substituted energy or value "?NSEL" to "0"
 Comparing "0" and "0".
 IF test evaluated as false.  Skipping command
  
 CHARMM>     
  
 CHARMM>    ENERGY

 NONBOND OPTION FLAGS: 
     ELEC     VDW      ATOMs    CDIElec  FSHIft   VATOm    VFSWIt  
     BYGRoup  NOEXtnd  NOEWald 
 CUTNB  = 14.000 CTEXNB =999.000 CTONNB = 10.000 CTOFNB = 12.000
 CGONNB =  0.000 CGOFNB = 10.000
 WMIN   =  1.500 WRNMXD =  0.500 E14FAC =  1.000 EPS    =  1.000
 NBXMOD =      5
 There are     6165 atom  pairs and      700 atom  exclusions.
 There are        0 group pairs and        0 group exclusions.
 Generating nonbond list with Exclusion mode = 5
 == PRIMARY == SPACE FOR     8321 ATOM PAIRS AND        0 GROUP PAIRS
 NBONDA>>  Maximum group spatial extent (12A) exceeded.
   Size is       24.84 Angstroms and starts with atom:       1
   Please check group boundary definitions.

 General atom nonbond list generation found:
     6161 ATOM PAIRS WERE FOUND FOR ATOM LIST
        1 GROUP PAIRS REQUIRED ATOM SEARCHES

ENER ENR:  Eval#     ENERgy      Delta-E         GRMS
ENER INTERN:          BONDs       ANGLes       UREY-b    DIHEdrals    IMPRopers
ENER EXTERN:        VDWaals         ELEC       HBONds          ASP         USER
 ----------       ---------    ---------    ---------    ---------    ---------
ENER>        0     17.39078      1.41110      0.75526
ENER INTERN>        7.80272     21.59950      2.90024     59.80560      0.27879
ENER EXTERN>        4.23340    -79.22946      0.00000      0.00000      0.00000
 ----------       ---------    ---------    ---------    ---------    ---------
  
 CHARMM>     
  
 CHARMM>    open write card unit 10 name ligandrm.pdb
 OPNLGU> Unit already open. The old file will be closed first.
 VCLOSE: Closing unit   10 with status "KEEP"
 VOPEN> Attempting to open::ligandrm.pdb::
 OPNLGU> Unit 10 opened for WRITE access to ligandrm.pdb
  
 CHARMM>    write coor pdb  unit 10 official
 RDTITL>  
 RDTITL> No title read.
 Write official pdb format.
 Note that the segid (chain id) will be truncated to only one character.
  
 CHARMM>     
  
 CHARMM>    open write card unit 10 name ligandrm.crd
 OPNLGU> Unit already open. The old file will be closed first.
 VCLOSE: Closing unit   10 with status "KEEP"
 VOPEN> Attempting to open::ligandrm.crd::
 OPNLGU> Unit 10 opened for WRITE access to ligandrm.crd
  
 CHARMM>    write coor unit 10 card
 RDTITL>  
 RDTITL> No title read.
 VCLOSE: Closing unit   10 with status "KEEP"
  
 CHARMM>     
  
 CHARMM>    open write unit 10 card name ligandrm.psf
 VOPEN> Attempting to open::ligandrm.psf::
 OPNLGU> Unit 10 opened for WRITE access to ligandrm.psf
  
 CHARMM>    write psf  unit 10 card
 RDTITL>  
 RDTITL> No title read.
 VCLOSE: Closing unit   10 with status "KEEP"
  
 CHARMM>     
  
 CHARMM>    coor stat sele all end
 SELRPN>    130 atoms have been selected out of    130
 STATISTICS FOR       130 SELECTED ATOMS:
    XMIN =  -14.676836 XMAX =   10.161578 XAVE =   -1.475808
    YMIN =   11.386569 YMAX =   19.068669 YAVE =   16.013207
    ZMIN =   27.575551 ZMAX =   38.553250 ZAVE =   33.586309
    WMIN =    0.000000 WMAX =    0.000000 WAVE =    0.000000
  
 CHARMM>     
  
 CHARMM>    open write unit 90 card name ligandrm.str
 VOPEN> Attempting to open::ligandrm.str::
 OPNLGU> Unit 90 opened for WRITE access to ligandrm.str
  
 CHARMM>    write title unit 90
 RDTITL> * SET NCHARGE = 2
 RDTITL> * SET XMAX = 10.1615785
 RDTITL> * SET YMAX = 19.068669
 RDTITL> * SET ZMAX = 38.5532495
 RDTITL> * SET XMIN = -14.6768365
 RDTITL> * SET YMIN = 11.3865694
 RDTITL> * SET ZMIN = 27.5755514
 RDTITL> *
  
 CHARMM>     
  
 CHARMM>    stop
 VCLOSE: Closing unit   20 with status "KEEP"
 VCLOSE: Closing unit   90 with status "KEEP"
$$$$$$  New timer profile $$$$$
   List time                       0.00 Other:            0.00
      Nonbond force                   0.03 Other:            0.00
         Bond energy                     0.00 Other:            0.00
         Angle energy                    0.00 Other:            0.00
         Dihedral energy                 0.00 Other:            0.00
         Restraints energy               0.00 Other:            0.00
      INTRNL energy                   0.00 Other:            0.00
   Energy time                     0.04 Other:            0.00
 Total time                     19.07 Other:           19.03

                    NORMAL TERMINATION BY NORMAL STOP
                    MOST SEVERE WARNING WAS AT LEVEL  1

                    $$$$$ JOB ACCOUNTING INFORMATION $$$$$
                     ELAPSED TIME:    19.07  SECONDS 
                         CPU TIME:     7.12  SECONDS 
